--
-- PostgreSQL database dump
--

-- Dumped from database version 14.13 (Homebrew)
-- Dumped by pg_dump version 14.13 (Homebrew)

SET statement_timeout = 0;
SET lock_timeout = 0;
SET idle_in_transaction_session_timeout = 0;
SET client_encoding = 'UTF8';
SET standard_conforming_strings = on;
SELECT pg_catalog.set_config('search_path', '', false);
SET check_function_bodies = false;
SET xmloption = content;
SET client_min_messages = warning;
SET row_security = off;

SET default_tablespace = '';

SET default_table_access_method = heap;

--
-- Name: analytics_incomestatsnapshot; Type: TABLE; Schema: public; Owner: vaflaly
--

CREATE TABLE public.analytics_incomestatsnapshot (
    id integer NOT NULL,
    creation_date timestamp with time zone NOT NULL,
    webpage text NOT NULL,
    department_id integer,
    modified_by_id integer,
    owner_id integer
);


ALTER TABLE public.analytics_incomestatsnapshot OWNER TO vaflaly;

--
-- Name: analytics_incomestatsnapshot_id_seq; Type: SEQUENCE; Schema: public; Owner: vaflaly
--

ALTER TABLE public.analytics_incomestatsnapshot ALTER COLUMN id ADD GENERATED BY DEFAULT AS IDENTITY (
    SEQUENCE NAME public.analytics_incomestatsnapshot_id_seq
    START WITH 1
    INCREMENT BY 1
    NO MINVALUE
    NO MAXVALUE
    CACHE 1
);


--
-- Name: auth_group; Type: TABLE; Schema: public; Owner: vaflaly
--

CREATE TABLE public.auth_group (
    id integer NOT NULL,
    name character varying(150) NOT NULL
);


ALTER TABLE public.auth_group OWNER TO vaflaly;

--
-- Name: auth_group_id_seq; Type: SEQUENCE; Schema: public; Owner: vaflaly
--

ALTER TABLE public.auth_group ALTER COLUMN id ADD GENERATED BY DEFAULT AS IDENTITY (
    SEQUENCE NAME public.auth_group_id_seq
    START WITH 1
    INCREMENT BY 1
    NO MINVALUE
    NO MAXVALUE
    CACHE 1
);


--
-- Name: auth_group_permissions; Type: TABLE; Schema: public; Owner: vaflaly
--

CREATE TABLE public.auth_group_permissions (
    id integer NOT NULL,
    group_id integer NOT NULL,
    permission_id integer NOT NULL
);


ALTER TABLE public.auth_group_permissions OWNER TO vaflaly;

--
-- Name: auth_group_permissions_id_seq; Type: SEQUENCE; Schema: public; Owner: vaflaly
--

ALTER TABLE public.auth_group_permissions ALTER COLUMN id ADD GENERATED BY DEFAULT AS IDENTITY (
    SEQUENCE NAME public.auth_group_permissions_id_seq
    START WITH 1
    INCREMENT BY 1
    NO MINVALUE
    NO MAXVALUE
    CACHE 1
);


--
-- Name: auth_permission; Type: TABLE; Schema: public; Owner: vaflaly
--

CREATE TABLE public.auth_permission (
    id integer NOT NULL,
    name character varying(255) NOT NULL,
    content_type_id integer NOT NULL,
    codename character varying(100) NOT NULL
);


ALTER TABLE public.auth_permission OWNER TO vaflaly;

--
-- Name: auth_permission_id_seq; Type: SEQUENCE; Schema: public; Owner: vaflaly
--

ALTER TABLE public.auth_permission ALTER COLUMN id ADD GENERATED BY DEFAULT AS IDENTITY (
    SEQUENCE NAME public.auth_permission_id_seq
    START WITH 1
    INCREMENT BY 1
    NO MINVALUE
    NO MAXVALUE
    CACHE 1
);


--
-- Name: auth_user; Type: TABLE; Schema: public; Owner: vaflaly
--

CREATE TABLE public.auth_user (
    id integer NOT NULL,
    password character varying(128) NOT NULL,
    last_login timestamp with time zone,
    is_superuser boolean NOT NULL,
    username character varying(150) NOT NULL,
    first_name character varying(150) NOT NULL,
    last_name character varying(150) NOT NULL,
    email character varying(254) NOT NULL,
    is_staff boolean NOT NULL,
    is_active boolean NOT NULL,
    date_joined timestamp with time zone NOT NULL
);


ALTER TABLE public.auth_user OWNER TO vaflaly;

--
-- Name: auth_user_groups; Type: TABLE; Schema: public; Owner: vaflaly
--

CREATE TABLE public.auth_user_groups (
    id integer NOT NULL,
    user_id integer NOT NULL,
    group_id integer NOT NULL
);


ALTER TABLE public.auth_user_groups OWNER TO vaflaly;

--
-- Name: auth_user_groups_id_seq; Type: SEQUENCE; Schema: public; Owner: vaflaly
--

ALTER TABLE public.auth_user_groups ALTER COLUMN id ADD GENERATED BY DEFAULT AS IDENTITY (
    SEQUENCE NAME public.auth_user_groups_id_seq
    START WITH 1
    INCREMENT BY 1
    NO MINVALUE
    NO MAXVALUE
    CACHE 1
);


--
-- Name: auth_user_id_seq; Type: SEQUENCE; Schema: public; Owner: vaflaly
--

ALTER TABLE public.auth_user ALTER COLUMN id ADD GENERATED BY DEFAULT AS IDENTITY (
    SEQUENCE NAME public.auth_user_id_seq
    START WITH 1
    INCREMENT BY 1
    NO MINVALUE
    NO MAXVALUE
    CACHE 1
);


--
-- Name: auth_user_user_permissions; Type: TABLE; Schema: public; Owner: vaflaly
--

CREATE TABLE public.auth_user_user_permissions (
    id integer NOT NULL,
    user_id integer NOT NULL,
    permission_id integer NOT NULL
);


ALTER TABLE public.auth_user_user_permissions OWNER TO vaflaly;

--
-- Name: auth_user_user_permissions_id_seq; Type: SEQUENCE; Schema: public; Owner: vaflaly
--

ALTER TABLE public.auth_user_user_permissions ALTER COLUMN id ADD GENERATED BY DEFAULT AS IDENTITY (
    SEQUENCE NAME public.auth_user_user_permissions_id_seq
    START WITH 1
    INCREMENT BY 1
    NO MINVALUE
    NO MAXVALUE
    CACHE 1
);


--
-- Name: chat_chatmessage; Type: TABLE; Schema: public; Owner: vaflaly
--

CREATE TABLE public.chat_chatmessage (
    id integer NOT NULL,
    object_id integer NOT NULL,
    content text NOT NULL,
    creation_date timestamp with time zone NOT NULL,
    answer_to_id integer,
    content_type_id integer NOT NULL,
    owner_id integer,
    topic_id integer,
    CONSTRAINT chat_chatmessage_object_id_check CHECK ((object_id >= 0))
);


ALTER TABLE public.chat_chatmessage OWNER TO vaflaly;

--
-- Name: chat_chatmessage_id_seq; Type: SEQUENCE; Schema: public; Owner: vaflaly
--

ALTER TABLE public.chat_chatmessage ALTER COLUMN id ADD GENERATED BY DEFAULT AS IDENTITY (
    SEQUENCE NAME public.chat_chatmessage_id_seq
    START WITH 1
    INCREMENT BY 1
    NO MINVALUE
    NO MAXVALUE
    CACHE 1
);


--
-- Name: chat_chatmessage_recipients; Type: TABLE; Schema: public; Owner: vaflaly
--

CREATE TABLE public.chat_chatmessage_recipients (
    id integer NOT NULL,
    chatmessage_id integer NOT NULL,
    user_id integer NOT NULL
);


ALTER TABLE public.chat_chatmessage_recipients OWNER TO vaflaly;

--
-- Name: chat_chatmessage_recipients_id_seq; Type: SEQUENCE; Schema: public; Owner: vaflaly
--

ALTER TABLE public.chat_chatmessage_recipients ALTER COLUMN id ADD GENERATED BY DEFAULT AS IDENTITY (
    SEQUENCE NAME public.chat_chatmessage_recipients_id_seq
    START WITH 1
    INCREMENT BY 1
    NO MINVALUE
    NO MAXVALUE
    CACHE 1
);


--
-- Name: chat_chatmessage_to; Type: TABLE; Schema: public; Owner: vaflaly
--

CREATE TABLE public.chat_chatmessage_to (
    id integer NOT NULL,
    chatmessage_id integer NOT NULL,
    user_id integer NOT NULL
);


ALTER TABLE public.chat_chatmessage_to OWNER TO vaflaly;

--
-- Name: chat_chatmessage_to_id_seq; Type: SEQUENCE; Schema: public; Owner: vaflaly
--

ALTER TABLE public.chat_chatmessage_to ALTER COLUMN id ADD GENERATED BY DEFAULT AS IDENTITY (
    SEQUENCE NAME public.chat_chatmessage_to_id_seq
    START WITH 1
    INCREMENT BY 1
    NO MINVALUE
    NO MAXVALUE
    CACHE 1
);


--
-- Name: common_department; Type: TABLE; Schema: public; Owner: vaflaly
--

CREATE TABLE public.common_department (
    group_ptr_id integer NOT NULL,
    works_globally boolean NOT NULL,
    default_country_id integer,
    default_currency_id integer
);


ALTER TABLE public.common_department OWNER TO vaflaly;

--
-- Name: common_reminder; Type: TABLE; Schema: public; Owner: vaflaly
--

CREATE TABLE public.common_reminder (
    id integer NOT NULL,
    object_id integer NOT NULL,
    subject character varying(250) NOT NULL,
    description text NOT NULL,
    reminder_date timestamp with time zone NOT NULL,
    active boolean NOT NULL,
    send_notification_email boolean NOT NULL,
    creation_date timestamp with time zone NOT NULL,
    content_type_id integer NOT NULL,
    owner_id integer,
    CONSTRAINT common_reminder_object_id_check CHECK ((object_id >= 0))
);


ALTER TABLE public.common_reminder OWNER TO vaflaly;

--
-- Name: common_reminder_id_seq; Type: SEQUENCE; Schema: public; Owner: vaflaly
--

ALTER TABLE public.common_reminder ALTER COLUMN id ADD GENERATED BY DEFAULT AS IDENTITY (
    SEQUENCE NAME public.common_reminder_id_seq
    START WITH 1
    INCREMENT BY 1
    NO MINVALUE
    NO MAXVALUE
    CACHE 1
);


--
-- Name: common_thefile; Type: TABLE; Schema: public; Owner: vaflaly
--

CREATE TABLE public.common_thefile (
    id integer NOT NULL,
    file character varying(250),
    attached_to_deal boolean NOT NULL,
    object_id integer NOT NULL,
    content_type_id integer NOT NULL,
    CONSTRAINT common_thefile_object_id_check CHECK ((object_id >= 0))
);


ALTER TABLE public.common_thefile OWNER TO vaflaly;

--
-- Name: common_thefile_id_seq; Type: SEQUENCE; Schema: public; Owner: vaflaly
--

ALTER TABLE public.common_thefile ALTER COLUMN id ADD GENERATED BY DEFAULT AS IDENTITY (
    SEQUENCE NAME public.common_thefile_id_seq
    START WITH 1
    INCREMENT BY 1
    NO MINVALUE
    NO MAXVALUE
    CACHE 1
);


--
-- Name: common_userprofile; Type: TABLE; Schema: public; Owner: vaflaly
--

CREATE TABLE public.common_userprofile (
    user_id integer NOT NULL,
    pbx_number character varying(16) NOT NULL,
    utc_timezone character varying(19) NOT NULL,
    activate_timezone boolean NOT NULL,
    messages jsonb NOT NULL,
    language_code character varying(7) NOT NULL
);


ALTER TABLE public.common_userprofile OWNER TO vaflaly;

--
-- Name: crm_city; Type: TABLE; Schema: public; Owner: vaflaly
--

CREATE TABLE public.crm_city (
    id integer NOT NULL,
    name character varying(40) NOT NULL,
    alternative_names character varying(100) NOT NULL,
    country_id integer NOT NULL
);


ALTER TABLE public.crm_city OWNER TO vaflaly;

--
-- Name: crm_city_id_seq; Type: SEQUENCE; Schema: public; Owner: vaflaly
--

ALTER TABLE public.crm_city ALTER COLUMN id ADD GENERATED BY DEFAULT AS IDENTITY (
    SEQUENCE NAME public.crm_city_id_seq
    START WITH 1
    INCREMENT BY 1
    NO MINVALUE
    NO MAXVALUE
    CACHE 1
);


--
-- Name: crm_clienttype; Type: TABLE; Schema: public; Owner: vaflaly
--

CREATE TABLE public.crm_clienttype (
    id integer NOT NULL,
    name character varying(70) NOT NULL,
    department_id integer NOT NULL
);


ALTER TABLE public.crm_clienttype OWNER TO vaflaly;

--
-- Name: crm_clienttype_id_seq; Type: SEQUENCE; Schema: public; Owner: vaflaly
--

ALTER TABLE public.crm_clienttype ALTER COLUMN id ADD GENERATED BY DEFAULT AS IDENTITY (
    SEQUENCE NAME public.crm_clienttype_id_seq
    START WITH 1
    INCREMENT BY 1
    NO MINVALUE
    NO MAXVALUE
    CACHE 1
);


--
-- Name: crm_closingreason; Type: TABLE; Schema: public; Owner: vaflaly
--

CREATE TABLE public.crm_closingreason (
    id integer NOT NULL,
    name character varying(70) NOT NULL,
    index_number smallint NOT NULL,
    success_reason boolean NOT NULL,
    department_id integer NOT NULL
);


ALTER TABLE public.crm_closingreason OWNER TO vaflaly;

--
-- Name: crm_closingreason_id_seq; Type: SEQUENCE; Schema: public; Owner: vaflaly
--

ALTER TABLE public.crm_closingreason ALTER COLUMN id ADD GENERATED BY DEFAULT AS IDENTITY (
    SEQUENCE NAME public.crm_closingreason_id_seq
    START WITH 1
    INCREMENT BY 1
    NO MINVALUE
    NO MAXVALUE
    CACHE 1
);


--
-- Name: crm_company; Type: TABLE; Schema: public; Owner: vaflaly
--

CREATE TABLE public.crm_company (
    id integer NOT NULL,
    creation_date timestamp with time zone NOT NULL,
    update_date timestamp with time zone NOT NULL,
    full_name character varying(200) NOT NULL,
    alternative_names character varying(100) NOT NULL,
    website character varying(200) NOT NULL,
    active boolean NOT NULL,
    phone character varying(100) NOT NULL,
    city_name character varying(100) NOT NULL,
    address text NOT NULL,
    email character varying(200) NOT NULL,
    registration_number character varying(30) NOT NULL,
    description text NOT NULL,
    was_in_touch date,
    token character varying(11) NOT NULL,
    city_id integer,
    department_id integer,
    modified_by_id integer,
    owner_id integer,
    type_id integer,
    country_id integer,
    lead_source_id integer,
    disqualified boolean NOT NULL,
    massmail boolean NOT NULL
);


ALTER TABLE public.crm_company OWNER TO vaflaly;

--
-- Name: crm_company_id_seq; Type: SEQUENCE; Schema: public; Owner: vaflaly
--

ALTER TABLE public.crm_company ALTER COLUMN id ADD GENERATED BY DEFAULT AS IDENTITY (
    SEQUENCE NAME public.crm_company_id_seq
    START WITH 1
    INCREMENT BY 1
    NO MINVALUE
    NO MAXVALUE
    CACHE 1
);


--
-- Name: crm_company_industry; Type: TABLE; Schema: public; Owner: vaflaly
--

CREATE TABLE public.crm_company_industry (
    id integer NOT NULL,
    company_id integer NOT NULL,
    industry_id integer NOT NULL
);


ALTER TABLE public.crm_company_industry OWNER TO vaflaly;

--
-- Name: crm_company_industry_id_seq; Type: SEQUENCE; Schema: public; Owner: vaflaly
--

ALTER TABLE public.crm_company_industry ALTER COLUMN id ADD GENERATED BY DEFAULT AS IDENTITY (
    SEQUENCE NAME public.crm_company_industry_id_seq
    START WITH 1
    INCREMENT BY 1
    NO MINVALUE
    NO MAXVALUE
    CACHE 1
);


--
-- Name: crm_company_tags; Type: TABLE; Schema: public; Owner: vaflaly
--

CREATE TABLE public.crm_company_tags (
    id integer NOT NULL,
    company_id integer NOT NULL,
    tag_id integer NOT NULL
);


ALTER TABLE public.crm_company_tags OWNER TO vaflaly;

--
-- Name: crm_company_tags_id_seq; Type: SEQUENCE; Schema: public; Owner: vaflaly
--

ALTER TABLE public.crm_company_tags ALTER COLUMN id ADD GENERATED BY DEFAULT AS IDENTITY (
    SEQUENCE NAME public.crm_company_tags_id_seq
    START WITH 1
    INCREMENT BY 1
    NO MINVALUE
    NO MAXVALUE
    CACHE 1
);


--
-- Name: crm_contact; Type: TABLE; Schema: public; Owner: vaflaly
--

CREATE TABLE public.crm_contact (
    id integer NOT NULL,
    creation_date timestamp with time zone NOT NULL,
    update_date timestamp with time zone NOT NULL,
    first_name character varying(100) NOT NULL,
    middle_name character varying(100) NOT NULL,
    last_name character varying(100) NOT NULL,
    title character varying(100),
    sex character varying(1),
    birth_date date,
    was_in_touch date,
    email character varying(200) NOT NULL,
    secondary_email character varying(254) NOT NULL,
    phone character varying(100) NOT NULL,
    other_phone character varying(100) NOT NULL,
    mobile character varying(100) NOT NULL,
    skype character varying(50) NOT NULL,
    city_name character varying(50) NOT NULL,
    address text NOT NULL,
    description text NOT NULL,
    token character varying(11) NOT NULL,
    city_id integer,
    company_id integer NOT NULL,
    department_id integer,
    modified_by_id integer,
    owner_id integer,
    country_id integer,
    lead_source_id integer,
    disqualified boolean NOT NULL,
    massmail boolean NOT NULL
);


ALTER TABLE public.crm_contact OWNER TO vaflaly;

--
-- Name: crm_contact_id_seq; Type: SEQUENCE; Schema: public; Owner: vaflaly
--

ALTER TABLE public.crm_contact ALTER COLUMN id ADD GENERATED BY DEFAULT AS IDENTITY (
    SEQUENCE NAME public.crm_contact_id_seq
    START WITH 1
    INCREMENT BY 1
    NO MINVALUE
    NO MAXVALUE
    CACHE 1
);


--
-- Name: crm_contact_tags; Type: TABLE; Schema: public; Owner: vaflaly
--

CREATE TABLE public.crm_contact_tags (
    id integer NOT NULL,
    contact_id integer NOT NULL,
    tag_id integer NOT NULL
);


ALTER TABLE public.crm_contact_tags OWNER TO vaflaly;

--
-- Name: crm_contact_tags_id_seq; Type: SEQUENCE; Schema: public; Owner: vaflaly
--

ALTER TABLE public.crm_contact_tags ALTER COLUMN id ADD GENERATED BY DEFAULT AS IDENTITY (
    SEQUENCE NAME public.crm_contact_tags_id_seq
    START WITH 1
    INCREMENT BY 1
    NO MINVALUE
    NO MAXVALUE
    CACHE 1
);


--
-- Name: crm_country; Type: TABLE; Schema: public; Owner: vaflaly
--

CREATE TABLE public.crm_country (
    id integer NOT NULL,
    name character varying(40) NOT NULL,
    alternative_names character varying(100) NOT NULL,
    url_name character varying(50) NOT NULL
);


ALTER TABLE public.crm_country OWNER TO vaflaly;

--
-- Name: crm_country_id_seq; Type: SEQUENCE; Schema: public; Owner: vaflaly
--

ALTER TABLE public.crm_country ALTER COLUMN id ADD GENERATED BY DEFAULT AS IDENTITY (
    SEQUENCE NAME public.crm_country_id_seq
    START WITH 1
    INCREMENT BY 1
    NO MINVALUE
    NO MAXVALUE
    CACHE 1
);


--
-- Name: crm_crmemail; Type: TABLE; Schema: public; Owner: vaflaly
--

CREATE TABLE public.crm_crmemail (
    id integer NOT NULL,
    creation_date timestamp with time zone NOT NULL,
    update_date timestamp with time zone NOT NULL,
    subject character varying(250) NOT NULL,
    content text NOT NULL,
    prev_corr text NOT NULL,
    is_html boolean NOT NULL,
    "to" text,
    from_field character varying(200),
    cc text,
    bcc text,
    sent boolean NOT NULL,
    incoming boolean NOT NULL,
    trash boolean NOT NULL,
    inquiry boolean NOT NULL,
    read_receipt boolean NOT NULL,
    uid integer,
    imap_host character varying(100) NOT NULL,
    email_host_user character varying(100) NOT NULL,
    ticket character varying(16) NOT NULL,
    message_id character varying(200) NOT NULL,
    company_id integer,
    contact_id integer,
    department_id integer,
    modified_by_id integer,
    owner_id integer,
    signature_id integer,
    deal_id integer,
    lead_id integer,
    request_id integer,
    CONSTRAINT crm_crmemail_uid_check CHECK ((uid >= 0))
);


ALTER TABLE public.crm_crmemail OWNER TO vaflaly;

--
-- Name: crm_crmemail_id_seq; Type: SEQUENCE; Schema: public; Owner: vaflaly
--

ALTER TABLE public.crm_crmemail ALTER COLUMN id ADD GENERATED BY DEFAULT AS IDENTITY (
    SEQUENCE NAME public.crm_crmemail_id_seq
    START WITH 1
    INCREMENT BY 1
    NO MINVALUE
    NO MAXVALUE
    CACHE 1
);


--
-- Name: crm_currency; Type: TABLE; Schema: public; Owner: vaflaly
--

CREATE TABLE public.crm_currency (
    id integer NOT NULL,
    name character varying(3) NOT NULL,
    rate_to_state_currency numeric(13,8) NOT NULL,
    rate_to_marketing_currency numeric(13,8) NOT NULL,
    is_state_currency boolean NOT NULL,
    is_marketing_currency boolean NOT NULL,
    update_date timestamp with time zone
);


ALTER TABLE public.crm_currency OWNER TO vaflaly;

--
-- Name: crm_currency_id_seq; Type: SEQUENCE; Schema: public; Owner: vaflaly
--

ALTER TABLE public.crm_currency ALTER COLUMN id ADD GENERATED BY DEFAULT AS IDENTITY (
    SEQUENCE NAME public.crm_currency_id_seq
    START WITH 1
    INCREMENT BY 1
    NO MINVALUE
    NO MAXVALUE
    CACHE 1
);


--
-- Name: crm_deal; Type: TABLE; Schema: public; Owner: vaflaly
--

CREATE TABLE public.crm_deal (
    id integer NOT NULL,
    creation_date timestamp with time zone NOT NULL,
    update_date timestamp with time zone NOT NULL,
    name character varying(250) NOT NULL,
    next_step character varying(250) NOT NULL,
    next_step_date date NOT NULL,
    description text NOT NULL,
    workflow text NOT NULL,
    stages_dates text NOT NULL,
    closing_date date,
    win_closing_date timestamp with time zone,
    amount numeric(10,2),
    probability smallint,
    ticket character varying(16) NOT NULL,
    relevant boolean NOT NULL,
    active boolean NOT NULL,
    important boolean NOT NULL,
    is_new boolean NOT NULL,
    remind_me boolean NOT NULL,
    city_id integer,
    closing_reason_id integer,
    co_owner_id integer,
    company_id integer,
    contact_id integer,
    country_id integer,
    currency_id integer,
    department_id integer,
    modified_by_id integer,
    owner_id integer,
    partner_contact_id integer,
    lead_id integer,
    request_id integer,
    stage_id integer,
    CONSTRAINT crm_deal_probability_check CHECK ((probability >= 0))
);


ALTER TABLE public.crm_deal OWNER TO vaflaly;

--
-- Name: crm_deal_id_seq; Type: SEQUENCE; Schema: public; Owner: vaflaly
--

ALTER TABLE public.crm_deal ALTER COLUMN id ADD GENERATED BY DEFAULT AS IDENTITY (
    SEQUENCE NAME public.crm_deal_id_seq
    START WITH 1
    INCREMENT BY 1
    NO MINVALUE
    NO MAXVALUE
    CACHE 1
);


--
-- Name: crm_deal_tags; Type: TABLE; Schema: public; Owner: vaflaly
--

CREATE TABLE public.crm_deal_tags (
    id integer NOT NULL,
    deal_id integer NOT NULL,
    tag_id integer NOT NULL
);


ALTER TABLE public.crm_deal_tags OWNER TO vaflaly;

--
-- Name: crm_deal_tags_id_seq; Type: SEQUENCE; Schema: public; Owner: vaflaly
--

ALTER TABLE public.crm_deal_tags ALTER COLUMN id ADD GENERATED BY DEFAULT AS IDENTITY (
    SEQUENCE NAME public.crm_deal_tags_id_seq
    START WITH 1
    INCREMENT BY 1
    NO MINVALUE
    NO MAXVALUE
    CACHE 1
);


--
-- Name: crm_industry; Type: TABLE; Schema: public; Owner: vaflaly
--

CREATE TABLE public.crm_industry (
    id integer NOT NULL,
    name character varying(70) NOT NULL,
    department_id integer NOT NULL
);


ALTER TABLE public.crm_industry OWNER TO vaflaly;

--
-- Name: crm_industry_id_seq; Type: SEQUENCE; Schema: public; Owner: vaflaly
--

ALTER TABLE public.crm_industry ALTER COLUMN id ADD GENERATED BY DEFAULT AS IDENTITY (
    SEQUENCE NAME public.crm_industry_id_seq
    START WITH 1
    INCREMENT BY 1
    NO MINVALUE
    NO MAXVALUE
    CACHE 1
);


--
-- Name: crm_lead; Type: TABLE; Schema: public; Owner: vaflaly
--

CREATE TABLE public.crm_lead (
    id integer NOT NULL,
    creation_date timestamp with time zone NOT NULL,
    update_date timestamp with time zone NOT NULL,
    first_name character varying(100) NOT NULL,
    middle_name character varying(100) NOT NULL,
    last_name character varying(100) NOT NULL,
    title character varying(100),
    sex character varying(1),
    birth_date date,
    was_in_touch date,
    email character varying(200) NOT NULL,
    secondary_email character varying(254) NOT NULL,
    phone character varying(100) NOT NULL,
    other_phone character varying(100) NOT NULL,
    mobile character varying(100) NOT NULL,
    skype character varying(50) NOT NULL,
    city_name character varying(50) NOT NULL,
    disqualified boolean NOT NULL,
    address text NOT NULL,
    description text NOT NULL,
    company_name character varying(200) NOT NULL,
    website character varying(200) NOT NULL,
    company_phone character varying(20) NOT NULL,
    company_address text NOT NULL,
    company_email character varying(254) NOT NULL,
    token character varying(11) NOT NULL,
    city_id integer,
    company_id integer,
    contact_id integer,
    country_id integer,
    department_id integer,
    modified_by_id integer,
    owner_id integer,
    type_id integer,
    lead_source_id integer,
    massmail boolean NOT NULL
);


ALTER TABLE public.crm_lead OWNER TO vaflaly;

--
-- Name: crm_lead_id_seq; Type: SEQUENCE; Schema: public; Owner: vaflaly
--

ALTER TABLE public.crm_lead ALTER COLUMN id ADD GENERATED BY DEFAULT AS IDENTITY (
    SEQUENCE NAME public.crm_lead_id_seq
    START WITH 1
    INCREMENT BY 1
    NO MINVALUE
    NO MAXVALUE
    CACHE 1
);


--
-- Name: crm_lead_industry; Type: TABLE; Schema: public; Owner: vaflaly
--

CREATE TABLE public.crm_lead_industry (
    id integer NOT NULL,
    lead_id integer NOT NULL,
    industry_id integer NOT NULL
);


ALTER TABLE public.crm_lead_industry OWNER TO vaflaly;

--
-- Name: crm_lead_industry_id_seq; Type: SEQUENCE; Schema: public; Owner: vaflaly
--

ALTER TABLE public.crm_lead_industry ALTER COLUMN id ADD GENERATED BY DEFAULT AS IDENTITY (
    SEQUENCE NAME public.crm_lead_industry_id_seq
    START WITH 1
    INCREMENT BY 1
    NO MINVALUE
    NO MAXVALUE
    CACHE 1
);


--
-- Name: crm_lead_tags; Type: TABLE; Schema: public; Owner: vaflaly
--

CREATE TABLE public.crm_lead_tags (
    id integer NOT NULL,
    lead_id integer NOT NULL,
    tag_id integer NOT NULL
);


ALTER TABLE public.crm_lead_tags OWNER TO vaflaly;

--
-- Name: crm_lead_tags_id_seq; Type: SEQUENCE; Schema: public; Owner: vaflaly
--

ALTER TABLE public.crm_lead_tags ALTER COLUMN id ADD GENERATED BY DEFAULT AS IDENTITY (
    SEQUENCE NAME public.crm_lead_tags_id_seq
    START WITH 1
    INCREMENT BY 1
    NO MINVALUE
    NO MAXVALUE
    CACHE 1
);


--
-- Name: crm_leadsource; Type: TABLE; Schema: public; Owner: vaflaly
--

CREATE TABLE public.crm_leadsource (
    id integer NOT NULL,
    name character varying(70) NOT NULL,
    email character varying(254) NOT NULL,
    uuid uuid NOT NULL,
    form_template character varying(70) NOT NULL,
    success_template character varying(70) NOT NULL,
    department_id integer NOT NULL
);


ALTER TABLE public.crm_leadsource OWNER TO vaflaly;

--
-- Name: crm_leadsource_id_seq; Type: SEQUENCE; Schema: public; Owner: vaflaly
--

ALTER TABLE public.crm_leadsource ALTER COLUMN id ADD GENERATED BY DEFAULT AS IDENTITY (
    SEQUENCE NAME public.crm_leadsource_id_seq
    START WITH 1
    INCREMENT BY 1
    NO MINVALUE
    NO MAXVALUE
    CACHE 1
);


--
-- Name: crm_output; Type: TABLE; Schema: public; Owner: vaflaly
--

CREATE TABLE public.crm_output (
    id integer NOT NULL,
    amount numeric(10,2) NOT NULL,
    quantity smallint NOT NULL,
    shipping_date date,
    planned_shipping_date date,
    actual_shipping_date date,
    product_is_shipped boolean NOT NULL,
    serial_number character varying(50) NOT NULL,
    currency_id integer,
    deal_id integer NOT NULL,
    product_id integer NOT NULL,
    CONSTRAINT crm_output_quantity_check CHECK ((quantity >= 0))
);


ALTER TABLE public.crm_output OWNER TO vaflaly;

--
-- Name: crm_output_id_seq; Type: SEQUENCE; Schema: public; Owner: vaflaly
--

ALTER TABLE public.crm_output ALTER COLUMN id ADD GENERATED BY DEFAULT AS IDENTITY (
    SEQUENCE NAME public.crm_output_id_seq
    START WITH 1
    INCREMENT BY 1
    NO MINVALUE
    NO MAXVALUE
    CACHE 1
);


--
-- Name: crm_payment; Type: TABLE; Schema: public; Owner: vaflaly
--

CREATE TABLE public.crm_payment (
    id integer NOT NULL,
    amount numeric(10,2) NOT NULL,
    payment_date date NOT NULL,
    status character varying(1) NOT NULL,
    contract_number character varying(40) NOT NULL,
    invoice_number character varying(40) NOT NULL,
    order_number character varying(40) NOT NULL,
    through_representation boolean NOT NULL,
    currency_id integer,
    deal_id integer NOT NULL
);


ALTER TABLE public.crm_payment OWNER TO vaflaly;

--
-- Name: crm_payment_id_seq; Type: SEQUENCE; Schema: public; Owner: vaflaly
--

ALTER TABLE public.crm_payment ALTER COLUMN id ADD GENERATED BY DEFAULT AS IDENTITY (
    SEQUENCE NAME public.crm_payment_id_seq
    START WITH 1
    INCREMENT BY 1
    NO MINVALUE
    NO MAXVALUE
    CACHE 1
);


--
-- Name: crm_product; Type: TABLE; Schema: public; Owner: vaflaly
--

CREATE TABLE public.crm_product (
    id integer NOT NULL,
    creation_date timestamp with time zone NOT NULL,
    update_date timestamp with time zone NOT NULL,
    name character varying(70) NOT NULL,
    description text NOT NULL,
    price numeric(10,2),
    on_sale boolean NOT NULL,
    type character varying(1),
    currency_id integer,
    department_id integer,
    modified_by_id integer,
    product_category_id integer
);


ALTER TABLE public.crm_product OWNER TO vaflaly;

--
-- Name: crm_product_id_seq; Type: SEQUENCE; Schema: public; Owner: vaflaly
--

ALTER TABLE public.crm_product ALTER COLUMN id ADD GENERATED BY DEFAULT AS IDENTITY (
    SEQUENCE NAME public.crm_product_id_seq
    START WITH 1
    INCREMENT BY 1
    NO MINVALUE
    NO MAXVALUE
    CACHE 1
);


--
-- Name: crm_productcategory; Type: TABLE; Schema: public; Owner: vaflaly
--

CREATE TABLE public.crm_productcategory (
    id integer NOT NULL,
    creation_date timestamp with time zone NOT NULL,
    update_date timestamp with time zone NOT NULL,
    name character varying(70) NOT NULL,
    description text NOT NULL,
    department_id integer
);


ALTER TABLE public.crm_productcategory OWNER TO vaflaly;

--
-- Name: crm_productcategory_id_seq; Type: SEQUENCE; Schema: public; Owner: vaflaly
--

ALTER TABLE public.crm_productcategory ALTER COLUMN id ADD GENERATED BY DEFAULT AS IDENTITY (
    SEQUENCE NAME public.crm_productcategory_id_seq
    START WITH 1
    INCREMENT BY 1
    NO MINVALUE
    NO MAXVALUE
    CACHE 1
);


--
-- Name: crm_rate; Type: TABLE; Schema: public; Owner: vaflaly
--

CREATE TABLE public.crm_rate (
    id integer NOT NULL,
    payment_date date NOT NULL,
    rate_to_state_currency numeric(13,8) NOT NULL,
    rate_to_marketing_currency numeric(13,8) NOT NULL,
    rate_type character varying(1) NOT NULL,
    currency_id integer NOT NULL
);


ALTER TABLE public.crm_rate OWNER TO vaflaly;

--
-- Name: crm_rate_id_seq; Type: SEQUENCE; Schema: public; Owner: vaflaly
--

ALTER TABLE public.crm_rate ALTER COLUMN id ADD GENERATED BY DEFAULT AS IDENTITY (
    SEQUENCE NAME public.crm_rate_id_seq
    START WITH 1
    INCREMENT BY 1
    NO MINVALUE
    NO MAXVALUE
    CACHE 1
);


--
-- Name: crm_request; Type: TABLE; Schema: public; Owner: vaflaly
--

CREATE TABLE public.crm_request (
    id integer NOT NULL,
    creation_date timestamp with time zone NOT NULL,
    update_date timestamp with time zone NOT NULL,
    request_for character varying(250) NOT NULL,
    first_name character varying(100) NOT NULL,
    middle_name character varying(100) NOT NULL,
    last_name character varying(100) NOT NULL,
    email character varying(250) NOT NULL,
    phone character varying(200) NOT NULL,
    website character varying(200) NOT NULL,
    company_name character varying(200) NOT NULL,
    receipt_date date,
    city_name character varying(100) NOT NULL,
    description text NOT NULL,
    translation text NOT NULL,
    remark text NOT NULL,
    pending boolean NOT NULL,
    subsequent boolean NOT NULL,
    duplicate boolean NOT NULL,
    verification_required boolean NOT NULL,
    ticket character varying(16) NOT NULL,
    city_id integer,
    co_owner_id integer,
    company_id integer,
    contact_id integer,
    country_id integer,
    deal_id integer,
    department_id integer,
    lead_id integer,
    lead_source_id integer,
    modified_by_id integer,
    owner_id integer
);


ALTER TABLE public.crm_request OWNER TO vaflaly;

--
-- Name: crm_request_id_seq; Type: SEQUENCE; Schema: public; Owner: vaflaly
--

ALTER TABLE public.crm_request ALTER COLUMN id ADD GENERATED BY DEFAULT AS IDENTITY (
    SEQUENCE NAME public.crm_request_id_seq
    START WITH 1
    INCREMENT BY 1
    NO MINVALUE
    NO MAXVALUE
    CACHE 1
);


--
-- Name: crm_request_products; Type: TABLE; Schema: public; Owner: vaflaly
--

CREATE TABLE public.crm_request_products (
    id integer NOT NULL,
    request_id integer NOT NULL,
    product_id integer NOT NULL
);


ALTER TABLE public.crm_request_products OWNER TO vaflaly;

--
-- Name: crm_request_products_id_seq; Type: SEQUENCE; Schema: public; Owner: vaflaly
--

ALTER TABLE public.crm_request_products ALTER COLUMN id ADD GENERATED BY DEFAULT AS IDENTITY (
    SEQUENCE NAME public.crm_request_products_id_seq
    START WITH 1
    INCREMENT BY 1
    NO MINVALUE
    NO MAXVALUE
    CACHE 1
);


--
-- Name: crm_stage; Type: TABLE; Schema: public; Owner: vaflaly
--

CREATE TABLE public.crm_stage (
    id integer NOT NULL,
    name character varying(70) NOT NULL,
    "default" boolean NOT NULL,
    index_number smallint NOT NULL,
    second_default boolean NOT NULL,
    success_stage boolean NOT NULL,
    conditional_success_stage boolean NOT NULL,
    goods_shipped boolean NOT NULL,
    department_id integer NOT NULL
);


ALTER TABLE public.crm_stage OWNER TO vaflaly;

--
-- Name: crm_stage_id_seq; Type: SEQUENCE; Schema: public; Owner: vaflaly
--

ALTER TABLE public.crm_stage ALTER COLUMN id ADD GENERATED BY DEFAULT AS IDENTITY (
    SEQUENCE NAME public.crm_stage_id_seq
    START WITH 1
    INCREMENT BY 1
    NO MINVALUE
    NO MAXVALUE
    CACHE 1
);


--
-- Name: crm_tag; Type: TABLE; Schema: public; Owner: vaflaly
--

CREATE TABLE public.crm_tag (
    id integer NOT NULL,
    creation_date timestamp with time zone NOT NULL,
    update_date timestamp with time zone NOT NULL,
    name character varying(70) NOT NULL,
    department_id integer,
    modified_by_id integer,
    owner_id integer
);


ALTER TABLE public.crm_tag OWNER TO vaflaly;

--
-- Name: crm_tag_id_seq; Type: SEQUENCE; Schema: public; Owner: vaflaly
--

ALTER TABLE public.crm_tag ALTER COLUMN id ADD GENERATED BY DEFAULT AS IDENTITY (
    SEQUENCE NAME public.crm_tag_id_seq
    START WITH 1
    INCREMENT BY 1
    NO MINVALUE
    NO MAXVALUE
    CACHE 1
);


--
-- Name: django_admin_log; Type: TABLE; Schema: public; Owner: vaflaly
--

CREATE TABLE public.django_admin_log (
    id integer NOT NULL,
    action_time timestamp with time zone NOT NULL,
    object_id text,
    object_repr character varying(200) NOT NULL,
    action_flag smallint NOT NULL,
    change_message text NOT NULL,
    content_type_id integer,
    user_id integer NOT NULL,
    CONSTRAINT django_admin_log_action_flag_check CHECK ((action_flag >= 0))
);


ALTER TABLE public.django_admin_log OWNER TO vaflaly;

--
-- Name: django_admin_log_id_seq; Type: SEQUENCE; Schema: public; Owner: vaflaly
--

ALTER TABLE public.django_admin_log ALTER COLUMN id ADD GENERATED BY DEFAULT AS IDENTITY (
    SEQUENCE NAME public.django_admin_log_id_seq
    START WITH 1
    INCREMENT BY 1
    NO MINVALUE
    NO MAXVALUE
    CACHE 1
);


--
-- Name: django_content_type; Type: TABLE; Schema: public; Owner: vaflaly
--

CREATE TABLE public.django_content_type (
    id integer NOT NULL,
    app_label character varying(100) NOT NULL,
    model character varying(100) NOT NULL
);


ALTER TABLE public.django_content_type OWNER TO vaflaly;

--
-- Name: django_content_type_id_seq; Type: SEQUENCE; Schema: public; Owner: vaflaly
--

ALTER TABLE public.django_content_type ALTER COLUMN id ADD GENERATED BY DEFAULT AS IDENTITY (
    SEQUENCE NAME public.django_content_type_id_seq
    START WITH 1
    INCREMENT BY 1
    NO MINVALUE
    NO MAXVALUE
    CACHE 1
);


--
-- Name: django_migrations; Type: TABLE; Schema: public; Owner: vaflaly
--

CREATE TABLE public.django_migrations (
    id integer NOT NULL,
    app character varying(255) NOT NULL,
    name character varying(255) NOT NULL,
    applied timestamp with time zone NOT NULL
);


ALTER TABLE public.django_migrations OWNER TO vaflaly;

--
-- Name: django_migrations_id_seq; Type: SEQUENCE; Schema: public; Owner: vaflaly
--

ALTER TABLE public.django_migrations ALTER COLUMN id ADD GENERATED BY DEFAULT AS IDENTITY (
    SEQUENCE NAME public.django_migrations_id_seq
    START WITH 1
    INCREMENT BY 1
    NO MINVALUE
    NO MAXVALUE
    CACHE 1
);


--
-- Name: django_session; Type: TABLE; Schema: public; Owner: vaflaly
--

CREATE TABLE public.django_session (
    session_key character varying(40) NOT NULL,
    session_data text NOT NULL,
    expire_date timestamp with time zone NOT NULL
);


ALTER TABLE public.django_session OWNER TO vaflaly;

--
-- Name: django_site; Type: TABLE; Schema: public; Owner: vaflaly
--

CREATE TABLE public.django_site (
    id integer NOT NULL,
    domain character varying(100) NOT NULL,
    name character varying(50) NOT NULL
);


ALTER TABLE public.django_site OWNER TO vaflaly;

--
-- Name: django_site_id_seq; Type: SEQUENCE; Schema: public; Owner: vaflaly
--

ALTER TABLE public.django_site ALTER COLUMN id ADD GENERATED BY DEFAULT AS IDENTITY (
    SEQUENCE NAME public.django_site_id_seq
    START WITH 1
    INCREMENT BY 1
    NO MINVALUE
    NO MAXVALUE
    CACHE 1
);


--
-- Name: help_page; Type: TABLE; Schema: public; Owner: vaflaly
--

CREATE TABLE public.help_page (
    id integer NOT NULL,
    app_label character varying(100) NOT NULL,
    model character varying(100) NOT NULL,
    page character varying(1) NOT NULL,
    title character varying(250),
    main boolean NOT NULL,
    language_code character varying(7) NOT NULL
);


ALTER TABLE public.help_page OWNER TO vaflaly;

--
-- Name: help_page_id_seq; Type: SEQUENCE; Schema: public; Owner: vaflaly
--

ALTER TABLE public.help_page ALTER COLUMN id ADD GENERATED BY DEFAULT AS IDENTITY (
    SEQUENCE NAME public.help_page_id_seq
    START WITH 1
    INCREMENT BY 1
    NO MINVALUE
    NO MAXVALUE
    CACHE 1
);


--
-- Name: help_paragraph; Type: TABLE; Schema: public; Owner: vaflaly
--

CREATE TABLE public.help_paragraph (
    id integer NOT NULL,
    title character varying(250),
    content text NOT NULL,
    language_code character varying(7) NOT NULL,
    draft boolean NOT NULL,
    verification_required boolean NOT NULL,
    index_number smallint NOT NULL,
    document_id integer NOT NULL,
    link1_id integer
);


ALTER TABLE public.help_paragraph OWNER TO vaflaly;

--
-- Name: help_paragraph_groups; Type: TABLE; Schema: public; Owner: vaflaly
--

CREATE TABLE public.help_paragraph_groups (
    id integer NOT NULL,
    paragraph_id integer NOT NULL,
    group_id integer NOT NULL
);


ALTER TABLE public.help_paragraph_groups OWNER TO vaflaly;

--
-- Name: help_paragraph_groups_id_seq; Type: SEQUENCE; Schema: public; Owner: vaflaly
--

ALTER TABLE public.help_paragraph_groups ALTER COLUMN id ADD GENERATED BY DEFAULT AS IDENTITY (
    SEQUENCE NAME public.help_paragraph_groups_id_seq
    START WITH 1
    INCREMENT BY 1
    NO MINVALUE
    NO MAXVALUE
    CACHE 1
);


--
-- Name: help_paragraph_id_seq; Type: SEQUENCE; Schema: public; Owner: vaflaly
--

ALTER TABLE public.help_paragraph ALTER COLUMN id ADD GENERATED BY DEFAULT AS IDENTITY (
    SEQUENCE NAME public.help_paragraph_id_seq
    START WITH 1
    INCREMENT BY 1
    NO MINVALUE
    NO MAXVALUE
    CACHE 1
);


--
-- Name: massmail_emailaccount; Type: TABLE; Schema: public; Owner: vaflaly
--

CREATE TABLE public.massmail_emailaccount (
    id integer NOT NULL,
    name character varying(100) NOT NULL,
    main boolean NOT NULL,
    massmail boolean NOT NULL,
    do_import boolean NOT NULL,
    email_host character varying(100) NOT NULL,
    imap_host character varying(100) NOT NULL,
    email_host_user character varying(100) NOT NULL,
    email_host_password character varying(100) NOT NULL,
    email_app_password character varying(100) NOT NULL,
    email_port smallint NOT NULL,
    from_email character varying(100) NOT NULL,
    email_use_tls boolean NOT NULL,
    email_use_ssl boolean NOT NULL,
    email_imail_ssl_certfile character varying(200) NOT NULL,
    email_imail_ssl_keyfile character varying(200) NOT NULL,
    refresh_token character varying(200) NOT NULL,
    report text NOT NULL,
    creation_date timestamp with time zone NOT NULL,
    update_date timestamp with time zone NOT NULL,
    today_date date,
    today_count integer NOT NULL,
    start_incoming_uid integer NOT NULL,
    start_sent_uid integer NOT NULL,
    inbox_uidvalidity integer NOT NULL,
    inbox_uidnext integer NOT NULL,
    sent_uidvalidity integer NOT NULL,
    sent_uidnext integer NOT NULL,
    last_import_dt timestamp with time zone NOT NULL,
    co_owner_id integer,
    department_id integer,
    modified_by_id integer,
    owner_id integer,
    CONSTRAINT massmail_emailaccount_inbox_uidnext_check CHECK ((inbox_uidnext >= 0)),
    CONSTRAINT massmail_emailaccount_inbox_uidvalidity_check CHECK ((inbox_uidvalidity >= 0)),
    CONSTRAINT massmail_emailaccount_sent_uidnext_check CHECK ((sent_uidnext >= 0)),
    CONSTRAINT massmail_emailaccount_sent_uidvalidity_check CHECK ((sent_uidvalidity >= 0)),
    CONSTRAINT massmail_emailaccount_start_incoming_uid_check CHECK ((start_incoming_uid >= 0)),
    CONSTRAINT massmail_emailaccount_start_sent_uid_check CHECK ((start_sent_uid >= 0)),
    CONSTRAINT massmail_emailaccount_today_count_check CHECK ((today_count >= 0))
);


ALTER TABLE public.massmail_emailaccount OWNER TO vaflaly;

--
-- Name: massmail_emailaccount_id_seq; Type: SEQUENCE; Schema: public; Owner: vaflaly
--

ALTER TABLE public.massmail_emailaccount ALTER COLUMN id ADD GENERATED BY DEFAULT AS IDENTITY (
    SEQUENCE NAME public.massmail_emailaccount_id_seq
    START WITH 1
    INCREMENT BY 1
    NO MINVALUE
    NO MAXVALUE
    CACHE 1
);


--
-- Name: massmail_emlaccountsqueue; Type: TABLE; Schema: public; Owner: vaflaly
--

CREATE TABLE public.massmail_emlaccountsqueue (
    id integer NOT NULL,
    queue text NOT NULL,
    owner_id integer
);


ALTER TABLE public.massmail_emlaccountsqueue OWNER TO vaflaly;

--
-- Name: massmail_emlaccountsqueue_id_seq; Type: SEQUENCE; Schema: public; Owner: vaflaly
--

ALTER TABLE public.massmail_emlaccountsqueue ALTER COLUMN id ADD GENERATED BY DEFAULT AS IDENTITY (
    SEQUENCE NAME public.massmail_emlaccountsqueue_id_seq
    START WITH 1
    INCREMENT BY 1
    NO MINVALUE
    NO MAXVALUE
    CACHE 1
);


--
-- Name: massmail_emlmessage; Type: TABLE; Schema: public; Owner: vaflaly
--

CREATE TABLE public.massmail_emlmessage (
    id integer NOT NULL,
    creation_date timestamp with time zone NOT NULL,
    update_date timestamp with time zone NOT NULL,
    subject character varying(250) NOT NULL,
    prev_corr text NOT NULL,
    is_html boolean NOT NULL,
    content text NOT NULL,
    department_id integer,
    modified_by_id integer,
    owner_id integer,
    signature_id integer
);


ALTER TABLE public.massmail_emlmessage OWNER TO vaflaly;

--
-- Name: massmail_emlmessage_id_seq; Type: SEQUENCE; Schema: public; Owner: vaflaly
--

ALTER TABLE public.massmail_emlmessage ALTER COLUMN id ADD GENERATED BY DEFAULT AS IDENTITY (
    SEQUENCE NAME public.massmail_emlmessage_id_seq
    START WITH 1
    INCREMENT BY 1
    NO MINVALUE
    NO MAXVALUE
    CACHE 1
);


--
-- Name: massmail_mailingout; Type: TABLE; Schema: public; Owner: vaflaly
--

CREATE TABLE public.massmail_mailingout (
    id integer NOT NULL,
    update_date timestamp with time zone NOT NULL,
    name character varying(100) NOT NULL,
    status character varying(1) NOT NULL,
    recipients_number integer NOT NULL,
    recipient_ids text NOT NULL,
    successful_ids text NOT NULL,
    failed_ids text NOT NULL,
    report text NOT NULL,
    creation_date timestamp with time zone NOT NULL,
    today_count integer NOT NULL,
    sending_date date,
    content_type_id integer,
    department_id integer,
    message_id integer,
    modified_by_id integer,
    owner_id integer,
    CONSTRAINT massmail_mailingout_recipients_number_check CHECK ((recipients_number >= 0)),
    CONSTRAINT massmail_mailingout_today_count_check CHECK ((today_count >= 0))
);


ALTER TABLE public.massmail_mailingout OWNER TO vaflaly;

--
-- Name: massmail_mailingout_id_seq; Type: SEQUENCE; Schema: public; Owner: vaflaly
--

ALTER TABLE public.massmail_mailingout ALTER COLUMN id ADD GENERATED BY DEFAULT AS IDENTITY (
    SEQUENCE NAME public.massmail_mailingout_id_seq
    START WITH 1
    INCREMENT BY 1
    NO MINVALUE
    NO MAXVALUE
    CACHE 1
);


--
-- Name: massmail_masscontact; Type: TABLE; Schema: public; Owner: vaflaly
--

CREATE TABLE public.massmail_masscontact (
    id integer NOT NULL,
    object_id integer NOT NULL,
    massmail boolean NOT NULL,
    uuid uuid NOT NULL,
    content_type_id integer NOT NULL,
    email_account_id integer,
    CONSTRAINT massmail_masscontact_object_id_check CHECK ((object_id >= 0))
);


ALTER TABLE public.massmail_masscontact OWNER TO vaflaly;

--
-- Name: massmail_masscontact_id_seq; Type: SEQUENCE; Schema: public; Owner: vaflaly
--

ALTER TABLE public.massmail_masscontact ALTER COLUMN id ADD GENERATED BY DEFAULT AS IDENTITY (
    SEQUENCE NAME public.massmail_masscontact_id_seq
    START WITH 1
    INCREMENT BY 1
    NO MINVALUE
    NO MAXVALUE
    CACHE 1
);


--
-- Name: massmail_signature; Type: TABLE; Schema: public; Owner: vaflaly
--

CREATE TABLE public.massmail_signature (
    id integer NOT NULL,
    creation_date timestamp with time zone NOT NULL,
    update_date timestamp with time zone NOT NULL,
    name character varying(100) NOT NULL,
    type character varying(10) NOT NULL,
    content text NOT NULL,
    "default" boolean NOT NULL,
    department_id integer,
    modified_by_id integer,
    owner_id integer
);


ALTER TABLE public.massmail_signature OWNER TO vaflaly;

--
-- Name: massmail_signature_id_seq; Type: SEQUENCE; Schema: public; Owner: vaflaly
--

ALTER TABLE public.massmail_signature ALTER COLUMN id ADD GENERATED BY DEFAULT AS IDENTITY (
    SEQUENCE NAME public.massmail_signature_id_seq
    START WITH 1
    INCREMENT BY 1
    NO MINVALUE
    NO MAXVALUE
    CACHE 1
);


--
-- Name: settings_bannedcompanyname; Type: TABLE; Schema: public; Owner: vaflaly
--

CREATE TABLE public.settings_bannedcompanyname (
    id integer NOT NULL,
    name character varying(50) NOT NULL
);


ALTER TABLE public.settings_bannedcompanyname OWNER TO vaflaly;

--
-- Name: settings_bannedcompanyname_id_seq; Type: SEQUENCE; Schema: public; Owner: vaflaly
--

ALTER TABLE public.settings_bannedcompanyname ALTER COLUMN id ADD GENERATED BY DEFAULT AS IDENTITY (
    SEQUENCE NAME public.settings_bannedcompanyname_id_seq
    START WITH 1
    INCREMENT BY 1
    NO MINVALUE
    NO MAXVALUE
    CACHE 1
);


--
-- Name: settings_publicemaildomain; Type: TABLE; Schema: public; Owner: vaflaly
--

CREATE TABLE public.settings_publicemaildomain (
    id integer NOT NULL,
    domain character varying(20) NOT NULL
);


ALTER TABLE public.settings_publicemaildomain OWNER TO vaflaly;

--
-- Name: settings_publicemaildomain_id_seq; Type: SEQUENCE; Schema: public; Owner: vaflaly
--

ALTER TABLE public.settings_publicemaildomain ALTER COLUMN id ADD GENERATED BY DEFAULT AS IDENTITY (
    SEQUENCE NAME public.settings_publicemaildomain_id_seq
    START WITH 1
    INCREMENT BY 1
    NO MINVALUE
    NO MAXVALUE
    CACHE 1
);


--
-- Name: settings_reminders; Type: TABLE; Schema: public; Owner: vaflaly
--

CREATE TABLE public.settings_reminders (
    id integer NOT NULL,
    check_interval bigint NOT NULL,
    CONSTRAINT settings_reminders_check_interval_check CHECK ((check_interval >= 0))
);


ALTER TABLE public.settings_reminders OWNER TO vaflaly;

--
-- Name: settings_reminders_id_seq; Type: SEQUENCE; Schema: public; Owner: vaflaly
--

ALTER TABLE public.settings_reminders ALTER COLUMN id ADD GENERATED BY DEFAULT AS IDENTITY (
    SEQUENCE NAME public.settings_reminders_id_seq
    START WITH 1
    INCREMENT BY 1
    NO MINVALUE
    NO MAXVALUE
    CACHE 1
);


--
-- Name: settings_stopphrase; Type: TABLE; Schema: public; Owner: vaflaly
--

CREATE TABLE public.settings_stopphrase (
    id integer NOT NULL,
    phrase character varying(100) NOT NULL,
    last_occurrence_date date NOT NULL
);


ALTER TABLE public.settings_stopphrase OWNER TO vaflaly;

--
-- Name: settings_stopphrase_id_seq; Type: SEQUENCE; Schema: public; Owner: vaflaly
--

ALTER TABLE public.settings_stopphrase ALTER COLUMN id ADD GENERATED BY DEFAULT AS IDENTITY (
    SEQUENCE NAME public.settings_stopphrase_id_seq
    START WITH 1
    INCREMENT BY 1
    NO MINVALUE
    NO MAXVALUE
    CACHE 1
);


--
-- Name: tasks_memo; Type: TABLE; Schema: public; Owner: vaflaly
--

CREATE TABLE public.tasks_memo (
    id integer NOT NULL,
    creation_date timestamp with time zone NOT NULL,
    update_date timestamp with time zone NOT NULL,
    name character varying(250) NOT NULL,
    description text NOT NULL,
    note text NOT NULL,
    draft boolean NOT NULL,
    notified boolean NOT NULL,
    review_date date,
    stage character varying(3) NOT NULL,
    deal_id integer,
    modified_by_id integer,
    owner_id integer,
    to_id integer NOT NULL,
    project_id integer,
    resolution_id integer,
    task_id integer
);


ALTER TABLE public.tasks_memo OWNER TO vaflaly;

--
-- Name: tasks_memo_id_seq; Type: SEQUENCE; Schema: public; Owner: vaflaly
--

ALTER TABLE public.tasks_memo ALTER COLUMN id ADD GENERATED BY DEFAULT AS IDENTITY (
    SEQUENCE NAME public.tasks_memo_id_seq
    START WITH 1
    INCREMENT BY 1
    NO MINVALUE
    NO MAXVALUE
    CACHE 1
);


--
-- Name: tasks_memo_notified_subscribers; Type: TABLE; Schema: public; Owner: vaflaly
--

CREATE TABLE public.tasks_memo_notified_subscribers (
    id integer NOT NULL,
    memo_id integer NOT NULL,
    user_id integer NOT NULL
);


ALTER TABLE public.tasks_memo_notified_subscribers OWNER TO vaflaly;

--
-- Name: tasks_memo_notified_subscribers_id_seq; Type: SEQUENCE; Schema: public; Owner: vaflaly
--

ALTER TABLE public.tasks_memo_notified_subscribers ALTER COLUMN id ADD GENERATED BY DEFAULT AS IDENTITY (
    SEQUENCE NAME public.tasks_memo_notified_subscribers_id_seq
    START WITH 1
    INCREMENT BY 1
    NO MINVALUE
    NO MAXVALUE
    CACHE 1
);


--
-- Name: tasks_memo_subscribers; Type: TABLE; Schema: public; Owner: vaflaly
--

CREATE TABLE public.tasks_memo_subscribers (
    id integer NOT NULL,
    memo_id integer NOT NULL,
    user_id integer NOT NULL
);


ALTER TABLE public.tasks_memo_subscribers OWNER TO vaflaly;

--
-- Name: tasks_memo_subscribers_id_seq; Type: SEQUENCE; Schema: public; Owner: vaflaly
--

ALTER TABLE public.tasks_memo_subscribers ALTER COLUMN id ADD GENERATED BY DEFAULT AS IDENTITY (
    SEQUENCE NAME public.tasks_memo_subscribers_id_seq
    START WITH 1
    INCREMENT BY 1
    NO MINVALUE
    NO MAXVALUE
    CACHE 1
);


--
-- Name: tasks_memo_tags; Type: TABLE; Schema: public; Owner: vaflaly
--

CREATE TABLE public.tasks_memo_tags (
    id integer NOT NULL,
    memo_id integer NOT NULL,
    tag_id integer NOT NULL
);


ALTER TABLE public.tasks_memo_tags OWNER TO vaflaly;

--
-- Name: tasks_memo_tags_id_seq; Type: SEQUENCE; Schema: public; Owner: vaflaly
--

ALTER TABLE public.tasks_memo_tags ALTER COLUMN id ADD GENERATED BY DEFAULT AS IDENTITY (
    SEQUENCE NAME public.tasks_memo_tags_id_seq
    START WITH 1
    INCREMENT BY 1
    NO MINVALUE
    NO MAXVALUE
    CACHE 1
);


--
-- Name: tasks_project; Type: TABLE; Schema: public; Owner: vaflaly
--

CREATE TABLE public.tasks_project (
    id integer NOT NULL,
    creation_date timestamp with time zone NOT NULL,
    update_date timestamp with time zone NOT NULL,
    priority smallint NOT NULL,
    name character varying(250) NOT NULL,
    description text NOT NULL,
    note text NOT NULL,
    due_date date,
    start_date date,
    closing_date date,
    workflow text NOT NULL,
    next_step character varying(250) NOT NULL,
    next_step_date date NOT NULL,
    active boolean NOT NULL,
    remind_me boolean NOT NULL,
    token character varying(11) NOT NULL,
    co_owner_id integer,
    modified_by_id integer,
    owner_id integer,
    stage_id integer
);


ALTER TABLE public.tasks_project OWNER TO vaflaly;

--
-- Name: tasks_project_id_seq; Type: SEQUENCE; Schema: public; Owner: vaflaly
--

ALTER TABLE public.tasks_project ALTER COLUMN id ADD GENERATED BY DEFAULT AS IDENTITY (
    SEQUENCE NAME public.tasks_project_id_seq
    START WITH 1
    INCREMENT BY 1
    NO MINVALUE
    NO MAXVALUE
    CACHE 1
);


--
-- Name: tasks_project_notified_responsible; Type: TABLE; Schema: public; Owner: vaflaly
--

CREATE TABLE public.tasks_project_notified_responsible (
    id integer NOT NULL,
    project_id integer NOT NULL,
    user_id integer NOT NULL
);


ALTER TABLE public.tasks_project_notified_responsible OWNER TO vaflaly;

--
-- Name: tasks_project_notified_responsible_id_seq; Type: SEQUENCE; Schema: public; Owner: vaflaly
--

ALTER TABLE public.tasks_project_notified_responsible ALTER COLUMN id ADD GENERATED BY DEFAULT AS IDENTITY (
    SEQUENCE NAME public.tasks_project_notified_responsible_id_seq
    START WITH 1
    INCREMENT BY 1
    NO MINVALUE
    NO MAXVALUE
    CACHE 1
);


--
-- Name: tasks_project_notified_subscribers; Type: TABLE; Schema: public; Owner: vaflaly
--

CREATE TABLE public.tasks_project_notified_subscribers (
    id integer NOT NULL,
    project_id integer NOT NULL,
    user_id integer NOT NULL
);


ALTER TABLE public.tasks_project_notified_subscribers OWNER TO vaflaly;

--
-- Name: tasks_project_notified_subscribers_id_seq; Type: SEQUENCE; Schema: public; Owner: vaflaly
--

ALTER TABLE public.tasks_project_notified_subscribers ALTER COLUMN id ADD GENERATED BY DEFAULT AS IDENTITY (
    SEQUENCE NAME public.tasks_project_notified_subscribers_id_seq
    START WITH 1
    INCREMENT BY 1
    NO MINVALUE
    NO MAXVALUE
    CACHE 1
);


--
-- Name: tasks_project_responsible; Type: TABLE; Schema: public; Owner: vaflaly
--

CREATE TABLE public.tasks_project_responsible (
    id integer NOT NULL,
    project_id integer NOT NULL,
    user_id integer NOT NULL
);


ALTER TABLE public.tasks_project_responsible OWNER TO vaflaly;

--
-- Name: tasks_project_responsible_id_seq; Type: SEQUENCE; Schema: public; Owner: vaflaly
--

ALTER TABLE public.tasks_project_responsible ALTER COLUMN id ADD GENERATED BY DEFAULT AS IDENTITY (
    SEQUENCE NAME public.tasks_project_responsible_id_seq
    START WITH 1
    INCREMENT BY 1
    NO MINVALUE
    NO MAXVALUE
    CACHE 1
);


--
-- Name: tasks_project_subscribers; Type: TABLE; Schema: public; Owner: vaflaly
--

CREATE TABLE public.tasks_project_subscribers (
    id integer NOT NULL,
    project_id integer NOT NULL,
    user_id integer NOT NULL
);


ALTER TABLE public.tasks_project_subscribers OWNER TO vaflaly;

--
-- Name: tasks_project_subscribers_id_seq; Type: SEQUENCE; Schema: public; Owner: vaflaly
--

ALTER TABLE public.tasks_project_subscribers ALTER COLUMN id ADD GENERATED BY DEFAULT AS IDENTITY (
    SEQUENCE NAME public.tasks_project_subscribers_id_seq
    START WITH 1
    INCREMENT BY 1
    NO MINVALUE
    NO MAXVALUE
    CACHE 1
);


--
-- Name: tasks_project_tags; Type: TABLE; Schema: public; Owner: vaflaly
--

CREATE TABLE public.tasks_project_tags (
    id integer NOT NULL,
    project_id integer NOT NULL,
    tag_id integer NOT NULL
);


ALTER TABLE public.tasks_project_tags OWNER TO vaflaly;

--
-- Name: tasks_project_tags_id_seq; Type: SEQUENCE; Schema: public; Owner: vaflaly
--

ALTER TABLE public.tasks_project_tags ALTER COLUMN id ADD GENERATED BY DEFAULT AS IDENTITY (
    SEQUENCE NAME public.tasks_project_tags_id_seq
    START WITH 1
    INCREMENT BY 1
    NO MINVALUE
    NO MAXVALUE
    CACHE 1
);


--
-- Name: tasks_projectstage; Type: TABLE; Schema: public; Owner: vaflaly
--

CREATE TABLE public.tasks_projectstage (
    id integer NOT NULL,
    name character varying(70) NOT NULL,
    "default" boolean NOT NULL,
    done boolean NOT NULL,
    in_progress boolean NOT NULL,
    index_number smallint NOT NULL,
    active boolean NOT NULL
);


ALTER TABLE public.tasks_projectstage OWNER TO vaflaly;

--
-- Name: tasks_projectstage_id_seq; Type: SEQUENCE; Schema: public; Owner: vaflaly
--

ALTER TABLE public.tasks_projectstage ALTER COLUMN id ADD GENERATED BY DEFAULT AS IDENTITY (
    SEQUENCE NAME public.tasks_projectstage_id_seq
    START WITH 1
    INCREMENT BY 1
    NO MINVALUE
    NO MAXVALUE
    CACHE 1
);


--
-- Name: tasks_resolution; Type: TABLE; Schema: public; Owner: vaflaly
--

CREATE TABLE public.tasks_resolution (
    id integer NOT NULL,
    name character varying(70) NOT NULL,
    index_number smallint NOT NULL
);


ALTER TABLE public.tasks_resolution OWNER TO vaflaly;

--
-- Name: tasks_resolution_id_seq; Type: SEQUENCE; Schema: public; Owner: vaflaly
--

ALTER TABLE public.tasks_resolution ALTER COLUMN id ADD GENERATED BY DEFAULT AS IDENTITY (
    SEQUENCE NAME public.tasks_resolution_id_seq
    START WITH 1
    INCREMENT BY 1
    NO MINVALUE
    NO MAXVALUE
    CACHE 1
);


--
-- Name: tasks_tag; Type: TABLE; Schema: public; Owner: vaflaly
--

CREATE TABLE public.tasks_tag (
    id integer NOT NULL,
    name character varying(70) NOT NULL,
    for_content_id integer NOT NULL
);


ALTER TABLE public.tasks_tag OWNER TO vaflaly;

--
-- Name: tasks_tag_id_seq; Type: SEQUENCE; Schema: public; Owner: vaflaly
--

ALTER TABLE public.tasks_tag ALTER COLUMN id ADD GENERATED BY DEFAULT AS IDENTITY (
    SEQUENCE NAME public.tasks_tag_id_seq
    START WITH 1
    INCREMENT BY 1
    NO MINVALUE
    NO MAXVALUE
    CACHE 1
);


--
-- Name: tasks_task; Type: TABLE; Schema: public; Owner: vaflaly
--

CREATE TABLE public.tasks_task (
    id integer NOT NULL,
    creation_date timestamp with time zone NOT NULL,
    update_date timestamp with time zone NOT NULL,
    priority smallint NOT NULL,
    name character varying(250) NOT NULL,
    description text NOT NULL,
    note text NOT NULL,
    due_date date,
    start_date date,
    closing_date date,
    workflow text NOT NULL,
    next_step character varying(250) NOT NULL,
    next_step_date date NOT NULL,
    active boolean NOT NULL,
    remind_me boolean NOT NULL,
    token character varying(11) NOT NULL,
    hide_main_task boolean NOT NULL,
    lead_time interval NOT NULL,
    co_owner_id integer,
    modified_by_id integer,
    owner_id integer,
    project_id integer,
    task_id integer,
    stage_id integer NOT NULL
);


ALTER TABLE public.tasks_task OWNER TO vaflaly;

--
-- Name: tasks_task_id_seq; Type: SEQUENCE; Schema: public; Owner: vaflaly
--

ALTER TABLE public.tasks_task ALTER COLUMN id ADD GENERATED BY DEFAULT AS IDENTITY (
    SEQUENCE NAME public.tasks_task_id_seq
    START WITH 1
    INCREMENT BY 1
    NO MINVALUE
    NO MAXVALUE
    CACHE 1
);


--
-- Name: tasks_task_notified_responsible; Type: TABLE; Schema: public; Owner: vaflaly
--

CREATE TABLE public.tasks_task_notified_responsible (
    id integer NOT NULL,
    task_id integer NOT NULL,
    user_id integer NOT NULL
);


ALTER TABLE public.tasks_task_notified_responsible OWNER TO vaflaly;

--
-- Name: tasks_task_notified_responsible_id_seq; Type: SEQUENCE; Schema: public; Owner: vaflaly
--

ALTER TABLE public.tasks_task_notified_responsible ALTER COLUMN id ADD GENERATED BY DEFAULT AS IDENTITY (
    SEQUENCE NAME public.tasks_task_notified_responsible_id_seq
    START WITH 1
    INCREMENT BY 1
    NO MINVALUE
    NO MAXVALUE
    CACHE 1
);


--
-- Name: tasks_task_notified_subscribers; Type: TABLE; Schema: public; Owner: vaflaly
--

CREATE TABLE public.tasks_task_notified_subscribers (
    id integer NOT NULL,
    task_id integer NOT NULL,
    user_id integer NOT NULL
);


ALTER TABLE public.tasks_task_notified_subscribers OWNER TO vaflaly;

--
-- Name: tasks_task_notified_subscribers_id_seq; Type: SEQUENCE; Schema: public; Owner: vaflaly
--

ALTER TABLE public.tasks_task_notified_subscribers ALTER COLUMN id ADD GENERATED BY DEFAULT AS IDENTITY (
    SEQUENCE NAME public.tasks_task_notified_subscribers_id_seq
    START WITH 1
    INCREMENT BY 1
    NO MINVALUE
    NO MAXVALUE
    CACHE 1
);


--
-- Name: tasks_task_responsible; Type: TABLE; Schema: public; Owner: vaflaly
--

CREATE TABLE public.tasks_task_responsible (
    id integer NOT NULL,
    task_id integer NOT NULL,
    user_id integer NOT NULL
);


ALTER TABLE public.tasks_task_responsible OWNER TO vaflaly;

--
-- Name: tasks_task_responsible_id_seq; Type: SEQUENCE; Schema: public; Owner: vaflaly
--

ALTER TABLE public.tasks_task_responsible ALTER COLUMN id ADD GENERATED BY DEFAULT AS IDENTITY (
    SEQUENCE NAME public.tasks_task_responsible_id_seq
    START WITH 1
    INCREMENT BY 1
    NO MINVALUE
    NO MAXVALUE
    CACHE 1
);


--
-- Name: tasks_task_subscribers; Type: TABLE; Schema: public; Owner: vaflaly
--

CREATE TABLE public.tasks_task_subscribers (
    id integer NOT NULL,
    task_id integer NOT NULL,
    user_id integer NOT NULL
);


ALTER TABLE public.tasks_task_subscribers OWNER TO vaflaly;

--
-- Name: tasks_task_subscribers_id_seq; Type: SEQUENCE; Schema: public; Owner: vaflaly
--

ALTER TABLE public.tasks_task_subscribers ALTER COLUMN id ADD GENERATED BY DEFAULT AS IDENTITY (
    SEQUENCE NAME public.tasks_task_subscribers_id_seq
    START WITH 1
    INCREMENT BY 1
    NO MINVALUE
    NO MAXVALUE
    CACHE 1
);


--
-- Name: tasks_task_tags; Type: TABLE; Schema: public; Owner: vaflaly
--

CREATE TABLE public.tasks_task_tags (
    id integer NOT NULL,
    task_id integer NOT NULL,
    tag_id integer NOT NULL
);


ALTER TABLE public.tasks_task_tags OWNER TO vaflaly;

--
-- Name: tasks_task_tags_id_seq; Type: SEQUENCE; Schema: public; Owner: vaflaly
--

ALTER TABLE public.tasks_task_tags ALTER COLUMN id ADD GENERATED BY DEFAULT AS IDENTITY (
    SEQUENCE NAME public.tasks_task_tags_id_seq
    START WITH 1
    INCREMENT BY 1
    NO MINVALUE
    NO MAXVALUE
    CACHE 1
);


--
-- Name: tasks_taskstage; Type: TABLE; Schema: public; Owner: vaflaly
--

CREATE TABLE public.tasks_taskstage (
    id integer NOT NULL,
    name character varying(70) NOT NULL,
    "default" boolean NOT NULL,
    done boolean NOT NULL,
    in_progress boolean NOT NULL,
    index_number smallint NOT NULL,
    active boolean NOT NULL
);


ALTER TABLE public.tasks_taskstage OWNER TO vaflaly;

--
-- Name: tasks_taskstage_id_seq; Type: SEQUENCE; Schema: public; Owner: vaflaly
--

ALTER TABLE public.tasks_taskstage ALTER COLUMN id ADD GENERATED BY DEFAULT AS IDENTITY (
    SEQUENCE NAME public.tasks_taskstage_id_seq
    START WITH 1
    INCREMENT BY 1
    NO MINVALUE
    NO MAXVALUE
    CACHE 1
);


--
-- Name: voip_connection; Type: TABLE; Schema: public; Owner: vaflaly
--

CREATE TABLE public.voip_connection (
    id integer NOT NULL,
    type character varying(4) NOT NULL,
    active boolean NOT NULL,
    number character varying(30) NOT NULL,
    callerid character varying(30) NOT NULL,
    provider character varying(100) NOT NULL,
    owner_id integer
);


ALTER TABLE public.voip_connection OWNER TO vaflaly;

--
-- Name: voip_connection_id_seq; Type: SEQUENCE; Schema: public; Owner: vaflaly
--

ALTER TABLE public.voip_connection ALTER COLUMN id ADD GENERATED BY DEFAULT AS IDENTITY (
    SEQUENCE NAME public.voip_connection_id_seq
    START WITH 1
    INCREMENT BY 1
    NO MINVALUE
    NO MAXVALUE
    CACHE 1
);


--
-- Data for Name: analytics_incomestatsnapshot; Type: TABLE DATA; Schema: public; Owner: vaflaly
--

COPY public.analytics_incomestatsnapshot (id, creation_date, webpage, department_id, modified_by_id, owner_id) FROM stdin;
\.


--
-- Data for Name: auth_group; Type: TABLE DATA; Schema: public; Owner: vaflaly
--

COPY public.auth_group (id, name) FROM stdin;
1	managers
3	operators
4	task_operators
5	chiefs
6	accountants
7	co-workers
8	department heads
9	Global sales
10	Local sales
11	Bookkeeping
\.


--
-- Data for Name: auth_group_permissions; Type: TABLE DATA; Schema: public; Owner: vaflaly
--

COPY public.auth_group_permissions (id, group_id, permission_id) FROM stdin;
1	1	128
2	1	133
3	1	134
4	1	135
5	1	136
6	1	144
7	1	148
8	1	152
9	1	156
10	1	29
11	1	30
12	1	31
13	1	160
14	1	32
15	1	164
16	1	37
17	1	38
18	1	168
19	1	40
20	1	42
21	1	43
22	1	172
23	1	44
24	1	49
25	1	50
26	1	51
27	1	52
28	1	57
29	1	58
30	1	59
31	1	60
32	1	61
33	1	62
34	1	63
35	1	64
36	1	65
37	1	66
38	1	67
39	1	68
40	1	77
41	1	78
42	1	80
43	1	85
44	1	86
45	1	87
46	1	88
47	1	93
48	1	94
49	1	95
50	1	96
51	1	97
52	1	98
53	1	99
54	1	100
55	1	101
56	1	102
57	1	103
58	1	104
59	1	105
60	1	106
61	1	107
62	1	108
63	1	110
64	1	112
65	1	116
66	1	121
67	1	122
68	1	123
69	1	124
70	1	126
71	1	127
72	3	29
73	3	30
74	3	31
75	3	32
76	3	42
77	3	43
78	3	44
79	3	49
80	3	50
81	3	51
82	3	52
83	3	65
84	3	66
85	3	67
86	3	68
87	3	77
88	3	78
89	3	79
90	3	80
91	3	93
92	3	94
93	3	95
94	3	96
95	3	97
96	3	98
97	3	99
98	3	100
99	3	101
100	3	102
101	3	103
102	3	104
103	3	105
104	3	106
105	3	107
106	3	108
107	3	237
108	3	238
109	3	239
110	3	240
111	3	241
112	3	242
113	3	243
114	3	244
115	4	192
116	4	112
117	4	181
118	4	182
119	4	183
120	4	184
121	4	185
122	4	186
123	4	187
124	4	188
125	4	189
126	4	190
127	4	191
128	5	128
129	5	144
130	5	148
131	5	152
132	5	156
133	5	160
134	5	164
135	5	168
136	5	42
137	5	172
138	5	44
139	5	52
140	5	60
141	5	64
142	5	68
143	5	80
144	5	100
145	5	104
146	5	108
147	5	112
148	5	124
149	6	64
150	6	37
151	6	38
152	6	40
153	6	140
154	6	156
155	6	62
156	7	176
157	7	180
158	7	193
159	7	194
160	7	195
161	7	196
162	7	197
163	7	198
164	7	199
165	7	200
166	7	201
167	7	202
168	7	203
169	7	204
170	7	205
171	7	206
172	7	207
173	7	208
174	7	209
175	7	210
176	7	211
177	7	212
178	7	221
179	7	222
180	7	223
181	7	224
182	7	225
183	7	226
184	7	227
185	7	228
\.


--
-- Data for Name: auth_permission; Type: TABLE DATA; Schema: public; Owner: vaflaly
--

COPY public.auth_permission (id, name, content_type_id, codename) FROM stdin;
1	Can add site	1	add_site
2	Can change site	1	change_site
3	Can delete site	1	delete_site
4	Can view site	1	view_site
5	Can add log entry	2	add_logentry
6	Can change log entry	2	change_logentry
7	Can delete log entry	2	delete_logentry
8	Can view log entry	2	view_logentry
9	Can add permission	3	add_permission
10	Can change permission	3	change_permission
11	Can delete permission	3	delete_permission
12	Can view permission	3	view_permission
13	Can add group	4	add_group
14	Can change group	4	change_group
15	Can delete group	4	delete_group
16	Can view group	4	view_group
17	Can add user	5	add_user
18	Can change user	5	change_user
19	Can delete user	5	delete_user
20	Can view user	5	view_user
21	Can add content type	6	add_contenttype
22	Can change content type	6	change_contenttype
23	Can delete content type	6	delete_contenttype
24	Can view content type	6	view_contenttype
25	Can add session	7	add_session
26	Can change session	7	change_session
27	Can delete session	7	delete_session
28	Can view session	7	view_session
29	Can add City	8	add_city
30	Can change City	8	change_city
31	Can delete City	8	delete_city
32	Can view City	8	view_city
33	Can add Country	9	add_country
34	Can change Country	9	change_country
35	Can delete Country	9	delete_country
36	Can view Country	9	view_country
37	Can add Currency	10	add_currency
38	Can change Currency	10	change_currency
39	Can delete Currency	10	delete_currency
40	Can view Currency	10	view_currency
41	Can add Deal	11	add_deal
42	Can change Deal	11	change_deal
43	Can delete Deal	11	delete_deal
44	Can view Deal	11	view_deal
45	Can add Industry of Clients	12	add_industry
46	Can change Industry of Clients	12	change_industry
47	Can delete Industry of Clients	12	delete_industry
48	Can view Industry of Clients	12	view_industry
49	Can add Lead	13	add_lead
50	Can change Lead	13	change_lead
51	Can delete Lead	13	delete_lead
52	Can view Lead	13	view_lead
53	Can add Lead Source	14	add_leadsource
54	Can change Lead Source	14	change_leadsource
55	Can delete Lead Source	14	delete_leadsource
56	Can view Lead Source	14	view_leadsource
57	Can add Output	15	add_output
58	Can change Output	15	change_output
59	Can delete Output	15	delete_output
60	Can view Output	15	view_output
61	Can add Payment	16	add_payment
62	Can change Payment	16	change_payment
63	Can delete Payment	16	delete_payment
64	Can view Payment	16	view_payment
65	Can add Product	17	add_product
66	Can change Product	17	change_product
67	Can delete Product	17	delete_product
68	Can view Product	17	view_product
69	Can add Product category	18	add_productcategory
70	Can change Product category	18	change_productcategory
71	Can delete Product category	18	delete_productcategory
72	Can view Product category	18	view_productcategory
73	Can add Currency rate	19	add_rate
74	Can change Currency rate	19	change_rate
75	Can delete Currency rate	19	delete_rate
76	Can view Currency rate	19	view_rate
77	Can add Request	20	add_request
78	Can change Request	20	change_request
79	Can delete Request	20	delete_request
80	Can view Request	20	view_request
81	Can add Stage	21	add_stage
82	Can change Stage	21	change_stage
83	Can delete Stage	21	delete_stage
84	Can view Stage	21	view_stage
85	Can add Tag	22	add_tag
86	Can change Tag	22	change_tag
87	Can delete Tag	22	delete_tag
88	Can view Tag	22	view_tag
89	Can add Type of Clients	23	add_clienttype
90	Can change Type of Clients	23	change_clienttype
91	Can delete Type of Clients	23	delete_clienttype
92	Can view Type of Clients	23	view_clienttype
93	Can add Closing reason	24	add_closingreason
94	Can change Closing reason	24	change_closingreason
95	Can delete Closing reason	24	delete_closingreason
96	Can view Closing reason	24	view_closingreason
97	Can add Company	25	add_company
98	Can change Company	25	change_company
99	Can delete Company	25	delete_company
100	Can view Company	25	view_company
101	Can add Contact person	26	add_contact
102	Can change Contact person	26	change_contact
103	Can delete Contact person	26	delete_contact
104	Can view Contact person	26	view_contact
105	Can add Email	27	add_crmemail
106	Can change Email	27	change_crmemail
107	Can delete Email	27	delete_crmemail
108	Can view Email	27	view_crmemail
109	Can add Shipment	28	add_shipment
110	Can change Shipment	28	change_shipment
111	Can delete Shipment	28	delete_shipment
112	Can view Shipment	28	view_shipment
113	Can add Email Account	29	add_emailaccount
114	Can change Email Account	29	change_emailaccount
115	Can delete Email Account	29	delete_emailaccount
116	Can view Email Account	29	view_emailaccount
117	Can add eml accounts queue	30	add_emlaccountsqueue
118	Can change eml accounts queue	30	change_emlaccountsqueue
119	Can delete eml accounts queue	30	delete_emlaccountsqueue
120	Can view eml accounts queue	30	view_emlaccountsqueue
121	Can add Email Message	31	add_emlmessage
122	Can change Email Message	31	change_emlmessage
123	Can delete Email Message	31	delete_emlmessage
124	Can view Email Message	31	view_emlmessage
125	Can add Mailing Out	32	add_mailingout
126	Can change Mailing Out	32	change_mailingout
127	Can delete Mailing Out	32	delete_mailingout
128	Can view Mailing Out	32	view_mailingout
129	Can add mass contact	33	add_masscontact
130	Can change mass contact	33	change_masscontact
131	Can delete mass contact	33	delete_masscontact
132	Can view mass contact	33	view_masscontact
133	Can add Signature	34	add_signature
134	Can change Signature	34	change_signature
135	Can delete Signature	34	delete_signature
136	Can view Signature	34	view_signature
137	Can add IncomeStat Snapshot	35	add_incomestatsnapshot
138	Can change IncomeStat Snapshot	35	change_incomestatsnapshot
139	Can delete IncomeStat Snapshot	35	delete_incomestatsnapshot
140	Can view IncomeStat Snapshot	35	view_incomestatsnapshot
141	Can add Closing reason Summary	36	add_closingreasonstat
142	Can change Closing reason Summary	36	change_closingreasonstat
143	Can delete Closing reason Summary	36	delete_closingreasonstat
144	Can view Closing reason Summary	36	view_closingreasonstat
145	Can add Conversion Summary	37	add_conversionstat
146	Can change Conversion Summary	37	change_conversionstat
147	Can delete Conversion Summary	37	delete_conversionstat
148	Can view Conversion Summary	37	view_conversionstat
149	Can add Deal Summary	38	add_dealstat
150	Can change Deal Summary	38	change_dealstat
151	Can delete Deal Summary	38	delete_dealstat
152	Can view Deal Summary	38	view_dealstat
153	Can add Income Summary	39	add_incomestat
154	Can change Income Summary	39	change_incomestat
155	Can delete Income Summary	39	delete_incomestat
156	Can view Income Summary	39	view_incomestat
157	Can add Lead source Summary	40	add_leadsourcestat
158	Can change Lead source Summary	40	change_leadsourcestat
159	Can delete Lead source Summary	40	delete_leadsourcestat
160	Can view Lead source Summary	40	view_leadsourcestat
161	Can add Sales Report	41	add_outputstat
162	Can change Sales Report	41	change_outputstat
163	Can delete Sales Report	41	delete_outputstat
164	Can view Sales Report	41	view_outputstat
165	Can add Request Summary	42	add_requeststat
166	Can change Request Summary	42	change_requeststat
167	Can delete Request Summary	42	delete_requeststat
168	Can view Request Summary	42	view_requeststat
169	Can add Sales funnel	43	add_salesfunnel
170	Can change Sales funnel	43	change_salesfunnel
171	Can delete Sales funnel	43	delete_salesfunnel
172	Can view Sales funnel	43	view_salesfunnel
173	Can add Help page	44	add_page
174	Can change Help page	44	change_page
175	Can delete Help page	44	delete_page
176	Can view Help page	44	view_page
177	Can add Paragraph	45	add_paragraph
178	Can change Paragraph	45	change_paragraph
179	Can delete Paragraph	45	delete_paragraph
180	Can view Paragraph	45	view_paragraph
181	Can add Project stage	46	add_projectstage
182	Can change Project stage	46	change_projectstage
183	Can delete Project stage	46	delete_projectstage
184	Can view Project stage	46	view_projectstage
185	Can add Resolution	47	add_resolution
186	Can change Resolution	47	change_resolution
187	Can delete Resolution	47	delete_resolution
188	Can view Resolution	47	view_resolution
189	Can add Task stage	48	add_taskstage
190	Can change Task stage	48	change_taskstage
191	Can delete Task stage	48	delete_taskstage
192	Can view Task stage	48	view_taskstage
193	Can add Tag	49	add_tag
194	Can change Tag	49	change_tag
195	Can delete Tag	49	delete_tag
196	Can view Tag	49	view_tag
197	Can add Project	50	add_project
198	Can change Project	50	change_project
199	Can delete Project	50	delete_project
200	Can view Project	50	view_project
201	Can add Task	51	add_task
202	Can change Task	51	change_task
203	Can delete Task	51	delete_task
204	Can view Task	51	view_task
205	Can add Memo	52	add_memo
206	Can change Memo	52	change_memo
207	Can delete Memo	52	delete_memo
208	Can view Memo	52	view_memo
209	Can add message	53	add_chatmessage
210	Can change message	53	change_chatmessage
211	Can delete message	53	delete_chatmessage
212	Can view message	53	view_chatmessage
213	Can add connection	54	add_connection
214	Can change connection	54	change_connection
215	Can delete connection	54	delete_connection
216	Can view connection	54	view_connection
217	Can add Department	55	add_department
218	Can change Department	55	change_department
219	Can delete Department	55	delete_department
220	Can view Department	55	view_department
221	Can add Reminder	56	add_reminder
222	Can change Reminder	56	change_reminder
223	Can delete Reminder	56	delete_reminder
224	Can view Reminder	56	view_reminder
225	Can add File	57	add_thefile
226	Can change File	57	change_thefile
227	Can delete File	57	delete_thefile
228	Can view File	57	view_thefile
229	Can add User profile	58	add_userprofile
230	Can change User profile	58	change_userprofile
231	Can delete User profile	58	delete_userprofile
232	Can view User profile	58	view_userprofile
233	Can add Banned company name	59	add_bannedcompanyname
234	Can change Banned company name	59	change_bannedcompanyname
235	Can delete Banned company name	59	delete_bannedcompanyname
236	Can view Banned company name	59	view_bannedcompanyname
237	Can add Public email domain	60	add_publicemaildomain
238	Can change Public email domain	60	change_publicemaildomain
239	Can delete Public email domain	60	delete_publicemaildomain
240	Can view Public email domain	60	view_publicemaildomain
241	Can add Stop Phrase	61	add_stopphrase
242	Can change Stop Phrase	61	change_stopphrase
243	Can delete Stop Phrase	61	delete_stopphrase
244	Can view Stop Phrase	61	view_stopphrase
245	Can add Reminder settings	62	add_reminders
246	Can change Reminder settings	62	change_reminders
247	Can delete Reminder settings	62	delete_reminders
248	Can view Reminder settings	62	view_reminders
\.


--
-- Data for Name: auth_user; Type: TABLE DATA; Schema: public; Owner: vaflaly
--

COPY public.auth_user (id, password, last_login, is_superuser, username, first_name, last_name, email, is_staff, is_active, date_joined) FROM stdin;
1	pbkdf2_sha256$870000$XpUmif7VojesZ1z01fJuWr$9gI4OzBHxelxLWcw2YG6/5kXVDD+y3mGBpQuknkcmys=	2024-10-15 20:33:17.80459-05	t	vaflaly			super@example.com	t	t	2024-10-15 15:28:24-05
2	pbkdf2_sha256$870000$xViGkHIPCNClJfLqaB2LR5$2G2cWulLa7JnqYH6hCw0UsTgv3oFX2FJXVo70Q1jYAw=	2024-10-15 20:56:35.491754-05	f	djeneba				t	t	2024-10-15 15:34:10-05
\.


--
-- Data for Name: auth_user_groups; Type: TABLE DATA; Schema: public; Owner: vaflaly
--

COPY public.auth_user_groups (id, user_id, group_id) FROM stdin;
1	1	7
3	2	3
4	1	1
7	1	5
9	1	8
10	1	9
13	2	9
\.


--
-- Data for Name: auth_user_user_permissions; Type: TABLE DATA; Schema: public; Owner: vaflaly
--

COPY public.auth_user_user_permissions (id, user_id, permission_id) FROM stdin;
\.


--
-- Data for Name: chat_chatmessage; Type: TABLE DATA; Schema: public; Owner: vaflaly
--

COPY public.chat_chatmessage (id, object_id, content, creation_date, answer_to_id, content_type_id, owner_id, topic_id) FROM stdin;
\.


--
-- Data for Name: chat_chatmessage_recipients; Type: TABLE DATA; Schema: public; Owner: vaflaly
--

COPY public.chat_chatmessage_recipients (id, chatmessage_id, user_id) FROM stdin;
\.


--
-- Data for Name: chat_chatmessage_to; Type: TABLE DATA; Schema: public; Owner: vaflaly
--

COPY public.chat_chatmessage_to (id, chatmessage_id, user_id) FROM stdin;
\.


--
-- Data for Name: common_department; Type: TABLE DATA; Schema: public; Owner: vaflaly
--

COPY public.common_department (group_ptr_id, works_globally, default_country_id, default_currency_id) FROM stdin;
9	t	\N	\N
11	f	\N	\N
10	f	190	\N
\.


--
-- Data for Name: common_reminder; Type: TABLE DATA; Schema: public; Owner: vaflaly
--

COPY public.common_reminder (id, object_id, subject, description, reminder_date, active, send_notification_email, creation_date, content_type_id, owner_id) FROM stdin;
\.


--
-- Data for Name: common_thefile; Type: TABLE DATA; Schema: public; Owner: vaflaly
--

COPY public.common_thefile (id, file, attached_to_deal, object_id, content_type_id) FROM stdin;
\.


--
-- Data for Name: common_userprofile; Type: TABLE DATA; Schema: public; Owner: vaflaly
--

COPY public.common_userprofile (user_id, pbx_number, utc_timezone, activate_timezone, messages, language_code) FROM stdin;
2			f	[]	fr
1			f	[]	fr
\.


--
-- Data for Name: crm_city; Type: TABLE DATA; Schema: public; Owner: vaflaly
--

COPY public.crm_city (id, name, alternative_names, country_id) FROM stdin;
1	Abidjan		43
\.


--
-- Data for Name: crm_clienttype; Type: TABLE DATA; Schema: public; Owner: vaflaly
--

COPY public.crm_clienttype (id, name, department_id) FROM stdin;
1	boutique	9
2	mamies	9
3	grossistes	9
4	client final	9
6	boutique	10
7	mamies	10
8	grossistes	10
9	client final	10
10	supermarchs	10
5	supermarchs	9
\.


--
-- Data for Name: crm_closingreason; Type: TABLE DATA; Schema: public; Owner: vaflaly
--

COPY public.crm_closingreason (id, name, index_number, success_reason, department_id) FROM stdin;
1	The client is not responding	1	f	9
2	Specifications are not suitable	2	f	9
3	The deal was closed successfully	3	t	9
4	Purchase postponed	4	f	9
5	The price is not competitive	5	f	9
6	The client is not responding	1	f	10
7	Specifications are not suitable	2	f	10
8	The deal was closed successfully	3	t	10
9	Purchase postponed	4	f	11
10	The price is not competitive	5	f	10
\.


--
-- Data for Name: crm_company; Type: TABLE DATA; Schema: public; Owner: vaflaly
--

COPY public.crm_company (id, creation_date, update_date, full_name, alternative_names, website, active, phone, city_name, address, email, registration_number, description, was_in_touch, token, city_id, department_id, modified_by_id, owner_id, type_id, country_id, lead_source_id, disqualified, massmail) FROM stdin;
1	2024-10-15 15:49:03.757279-05	2024-10-15 16:04:46.342722-05	General			t				test@gmail.com			\N	ZVgpNFwirOE	\N	9	1	2	1	\N	3	f	t
\.


--
-- Data for Name: crm_company_industry; Type: TABLE DATA; Schema: public; Owner: vaflaly
--

COPY public.crm_company_industry (id, company_id, industry_id) FROM stdin;
\.


--
-- Data for Name: crm_company_tags; Type: TABLE DATA; Schema: public; Owner: vaflaly
--

COPY public.crm_company_tags (id, company_id, tag_id) FROM stdin;
\.


--
-- Data for Name: crm_contact; Type: TABLE DATA; Schema: public; Owner: vaflaly
--

COPY public.crm_contact (id, creation_date, update_date, first_name, middle_name, last_name, title, sex, birth_date, was_in_touch, email, secondary_email, phone, other_phone, mobile, skype, city_name, address, description, token, city_id, company_id, department_id, modified_by_id, owner_id, country_id, lead_source_id, disqualified, massmail) FROM stdin;
1	2024-10-15 15:49:10.247977-05	2024-10-15 16:13:24.474292-05	PHILLIPE		DOH	Commercial	M	\N	\N	test@gmail.com		0507182786							mfMMRdTmV-o	\N	1	9	1	2	\N	\N	f	t
2	2024-10-15 15:50:26.415669-05	2024-10-15 16:13:35.922916-05	Commercial2			\N	F	\N	\N	test@gmail.com				0707070707					uxGH0eLz-Bk	\N	1	9	1	2	\N	\N	f	t
\.


--
-- Data for Name: crm_contact_tags; Type: TABLE DATA; Schema: public; Owner: vaflaly
--

COPY public.crm_contact_tags (id, contact_id, tag_id) FROM stdin;
\.


--
-- Data for Name: crm_country; Type: TABLE DATA; Schema: public; Owner: vaflaly
--

COPY public.crm_country (id, name, alternative_names, url_name) FROM stdin;
1	Afghanistan		Afghanistan
2	Albania		Albania
3	Algeria		Algeria
4	Andorra		Andorra
5	Angola		Angola
6	Antigua and Barbuda		Antigua_and_Barbuda
7	Argentina		Argentina
8	Armenia		Armenia
9	Australia		Australia
10	Austria		Austria
11	Azerbaijan		Azerbaijan
12	Bahamas		Bahamas
13	Bahrain		Bahrain
14	Bangladesh		Bangladesh
15	Barbados		Barbados
16	Belarus		Belarus
17	Belgium		Belgium
18	Belize		Belize
19	Benin		Benin
20	Bhutan		Bhutan
21	Bolivia		Bolivia
22	Bosnia and Herzegovina		Bosnia_and_Herzegovina
23	Botswana		Botswana
24	Brazil		Brazil
25	Brunei		Brunei
26	Bulgaria		Bulgaria
27	Burkina Faso		Burkina_Faso
28	Myanmar		Myanmar
29	Burundi		Burundi
30	Cabo Verde		Cabo_Verde
31	Cambodia		Cambodia
32	Cameroon		Cameroon
33	Canada		Canada
34	Central African Republic		Central_African_Republic
35	Chad		Chad
36	Chile		Chile
37	China		China
38	Colombia		Colombia
39	Comoros		Comoros
40	Congo, Republic of the		Congo_CF
41	Congo, Democratic Republic of the		Congo_CG
42	Costa Rica		Costa_Rica
43	Cote d'Ivoire		Cote_dIvoire
44	Croatia		Croatia
45	Cuba		Cuba
46	Cyprus		Cyprus
47	Czechia		Czechia
48	Denmark		Denmark
49	Djibouti		Djibouti
50	Dominica		Dominica
51	Dominican Republic		Dominican_Republic
52	East Timor		East_Timor
53	Ecuador		Ecuador
54	Egypt		Egypt
55	El Salvador		El_Salvador
56	Equatorial Guinea		Equatorial_Guinea
57	Eritrea		Eritrea
58	Estonia		Estonia
59	Ethiopia		Ethiopia
60	Fiji		Fiji
61	Finland		Finland
62	France		France
63	Gabon		Gabon
64	Gambia		Gambia
65	Georgia		Georgia
66	Germany		Germany
67	Ghana		Ghana
68	Greece		Greece
69	Grenada		Grenada
70	Guatemala		Guatemala
71	Guinea		Guinea
72	Guinea-Bissau		Guinea_Bissau
73	Guyana		Guyana
74	Haiti		Haiti
75	Holy See		Holy_See
76	Honduras		Honduras
77	Hungary		Hungary
78	Iceland		Iceland
79	India		India
80	Indonesia		Indonesia
81	Iran		Iran
82	Iraq		Iraq
83	Ireland		Ireland
84	Israel		Israel
85	Italy		Italy
86	Jamaica		Jamaica
87	Japan		Japan
88	Jordan		Jordan
89	Kazakhstan		Kazakhstan
90	Kenya		Kenya
91	Kiribati		Kiribati
92	North Korea		North-Korea
93	South Korea		South-Korea
94	Kosovo		Kosovo
95	Kuwait		Kuwait
96	Kyrgyzstan		Kyrgyzstan
97	Laos		Laos
98	Latvia		Latvia
99	Lebanon		Lebanon
100	Lesotho		Lesotho
101	Liberia		Liberia
102	Libya		Libya
103	Liechtenstein		Liechtenstein
104	Lithuania		Lithuania
105	Luxembourg		Luxembourg
106	Macedonia		Macedonia
107	Madagascar		Madagascar
108	Malawi		Malawi
109	Malaysia		Malaysia
110	Maldives		Maldives
111	Mali		Mali
112	Malta		Malta
113	Marshall Islands		Marshall_Islands
114	Mauritania		Mauritania
115	Mauritius		Mauritius
116	Mexico		Mexico
117	Micronesia		Micronesia
118	Moldova		Moldova
119	Monaco		Monaco
120	Mongolia		Mongolia
121	Montenegro		Montenegro
122	Morocco		Morocco
123	Mozambique		Mozambique
124	Namibia		Namibia
125	Nauru		Nauru
126	Nepal		Nepal
127	Netherlands		Netherlands
128	New Zealand		New_Zealand
129	Nicaragua		Nicaragua
130	Niger		Niger
131	Nigeria		Nigeria
132	Norway		Norway
133	Oman		Oman
134	Pakistan		Pakistan
135	Palau		Palau
136	Palestine		Palestine
137	Panama		Panama
138	Papua New Guinea		Papua_New_Guinea
139	Paraguay		Paraguay
140	Peru		Peru
141	Philippines		Philippines
142	Poland		Poland
143	Portugal		Portugal
144	Qatar		Qatar
145	Romania		Romania
146	Russia		Russia
147	Rwanda		Rwanda
148	Saint Kitts and Nevis		Saint_Kitts_and_Nevis
149	Saint Lucia		Saint_Lucia
150	Saint Vincent and the Grenadines		Saint_Vincent
151	Samoa		Samoa
152	San Marino		San_Marino
153	Sao Tome and Principe		Sao_Tome_and_Principe
154	Saudi Arabia		Saudi_Arabia
155	Senegal		Senegal
156	Serbia		Serbia
157	Seychelles		Seychelles
158	Sierra Leone		Sierra_Leone
159	Singapore		Singapore
160	Slovakia		Slovakia
161	Slovenia		Slovenia
162	Solomon Islands		Solomon_Islands
163	Somalia		Somalia
164	South Africa		South_Africa
165	South Sudan		South_Sudan
166	Spain		Spain
167	Sri Lanka		Sri_Lanka
168	Sudan		Sudan
169	Suriname		Suriname
170	Swaziland		Swaziland
171	Sweden		Sweden
172	Switzerland		Switzerland
173	Syria		Syria
174	Taiwan		Taiwan
175	Tajikistan		Tajikistan
176	Tanzania		Tanzania
177	Thailand		Thailand
178	Timor-Leste		Timor_Leste
179	Togo		Togo
180	Tonga		Tonga
181	Trinidad and Tobago		Trinidad_and_Tobago
182	Tunisia		Tunisia
183	Turkiye	Turkey	Turkiye
184	Turkmenistan		Turkmenistan
185	Tuvalu		Tuvalu
186	Uganda		Uganda
187	Ukraine		Ukraine
188	United Arab Emirates		United_Arab_Emirates
189	United Kingdom		United_Kingdom
190	United States		United_States
191	Uruguay		Uruguay
192	Uzbekistan		Uzbekistan
193	Vanuatu		Vanuatu
194	Venezuela		Venezuela
195	Vietnam		Vietnam
196	Yemen		Yemen
197	Zambia		Zambia
198	Zimbabwe		Zimbabwe
199	Puerto Rico		Puerto_Rico
200	(not set)		not_set
201	Cape Verde		Cape_Verde
\.


--
-- Data for Name: crm_crmemail; Type: TABLE DATA; Schema: public; Owner: vaflaly
--

COPY public.crm_crmemail (id, creation_date, update_date, subject, content, prev_corr, is_html, "to", from_field, cc, bcc, sent, incoming, trash, inquiry, read_receipt, uid, imap_host, email_host_user, ticket, message_id, company_id, contact_id, department_id, modified_by_id, owner_id, signature_id, deal_id, lead_id, request_id) FROM stdin;
\.


--
-- Data for Name: crm_currency; Type: TABLE DATA; Schema: public; Owner: vaflaly
--

COPY public.crm_currency (id, name, rate_to_state_currency, rate_to_marketing_currency, is_state_currency, is_marketing_currency, update_date) FROM stdin;
3	XOF	1.00000000	1.00000000	t	f	2024-10-15 15:38:36.676168-05
\.


--
-- Data for Name: crm_deal; Type: TABLE DATA; Schema: public; Owner: vaflaly
--

COPY public.crm_deal (id, creation_date, update_date, name, next_step, next_step_date, description, workflow, stages_dates, closing_date, win_closing_date, amount, probability, ticket, relevant, active, important, is_new, remind_me, city_id, closing_reason_id, co_owner_id, company_id, contact_id, country_id, currency_id, department_id, modified_by_id, owner_id, partner_contact_id, lead_id, request_id, stage_id) FROM stdin;
14	2024-10-13 00:00:00-05	2024-10-13 00:00:00-05	SAVON SOLIDE 24 B	rien	2024-05-24	SAVON SOLIDE 24 B	2024-10-13	2024-05-24	2024-05-24	2024-05-23 00:00:00-05	20000.00	\N	cHxRxbjujoj14	t	f	f	f	f	1	3	\N	1	1	43	3	9	2	2	\N	\N	14	11
15	2024-10-13 00:00:00-05	2024-10-13 00:00:00-05	SAVON SOLIDE 24 J	rien	2024-05-27	SAVON SOLIDE 24 J	2024-10-13	2024-05-27	2024-05-27	2024-05-26 00:00:00-05	20000.00	\N	cHxRxbjujoj15	t	f	f	f	f	1	3	\N	1	1	43	3	9	2	2	\N	\N	15	11
49	2024-10-13 00:00:00-05	2024-10-13 00:00:00-05	SAVON SOLIDE 24 J	rien	2024-06-06	SAVON SOLIDE 24 J	2024-10-13	2024-06-06	2024-06-06	2024-06-05 00:00:00-05	7500.00	\N	cHxRxbjujoj49	t	f	f	f	f	1	3	\N	1	1	43	3	9	2	2	\N	\N	49	11
87	2024-10-13 00:00:00-05	2024-10-13 00:00:00-05	SAVON LIQUIDE VAISELLE - J	rien	2024-06-24	SAVON LIQUIDE VAISELLE - J	2024-10-13	2024-06-24	2024-06-24	2024-06-23 00:00:00-05	6600.00	\N	cHxRxbjujoj87	t	f	f	f	f	1	3	\N	1	2	43	3	9	2	2	\N	\N	87	11
124	2024-10-13 00:00:00-05	2024-10-13 00:00:00-05	SAVON SOLIDE 24 B	rien	2024-07-02	SAVON SOLIDE 24 B	2024-10-13	2024-07-02	2024-07-02	2024-07-01 00:00:00-05	7500.00	\N	cHxRxbjujoj124	t	f	f	f	f	1	3	\N	1	2	43	3	9	2	2	\N	\N	124	11
161	2024-10-13 00:00:00-05	2024-10-13 00:00:00-05	SAVON SOLIDE 24 B	rien	2024-07-11	SAVON SOLIDE 24 B	2024-10-13	2024-07-11	2024-07-11	2024-07-10 00:00:00-05	22500.00	\N	cHxRxbjujoj161	t	f	f	f	f	1	3	\N	1	1	43	3	9	2	2	\N	\N	161	11
198	2024-10-13 00:00:00-05	2024-10-13 00:00:00-05	SAVON SOLIDE 24 J	rien	2024-07-23	SAVON SOLIDE 24 J	2024-10-13	2024-07-23	2024-07-23	2024-07-22 00:00:00-05	7500.00	\N	cHxRxbjujoj198	t	f	f	f	f	1	3	\N	1	1	43	3	9	2	2	\N	\N	198	11
235	2024-10-13 00:00:00-05	2024-10-13 00:00:00-05	SAVON SOLIDE 24 J	rien	2024-08-05	SAVON SOLIDE 24 J	2024-10-13	2024-08-05	2024-08-05	2024-08-04 00:00:00-05	20000.00	\N	cHxRxbjujoj235	t	f	f	f	f	1	3	\N	1	1	43	3	9	2	2	\N	\N	235	11
236	2024-10-13 00:00:00-05	2024-10-13 00:00:00-05	SAVON SOLIDE 24 J	rien	2024-08-05	SAVON SOLIDE 24 J	2024-10-13	2024-08-05	2024-08-05	2024-08-04 00:00:00-05	23750.00	\N	cHxRxbjujoj236	t	f	f	f	f	1	3	\N	1	2	43	3	9	2	2	\N	\N	236	11
272	2024-10-13 00:00:00-05	2024-10-13 00:00:00-05	SAVON LIQUIDE VAISELLE	rien	2024-08-26	SAVON LIQUIDE VAISELLE	2024-10-13	2024-08-26	2024-08-26	2024-08-25 00:00:00-05	33000.00	\N	cHxRxbjujoj272	t	f	f	f	f	1	3	\N	1	1	43	3	9	2	2	\N	\N	272	11
309	2024-10-13 00:00:00-05	2024-10-13 00:00:00-05	SAVON SOLIDE 24 J	rien	2024-09-13	SAVON SOLIDE 24 J	2024-10-13	2024-09-13	2024-09-13	2024-09-12 00:00:00-05	10000.00	\N	cHxRxbjujoj309	t	f	f	f	f	1	3	\N	1	2	43	3	9	2	2	\N	\N	309	11
3	2024-10-13 00:00:00-05	2024-10-13 00:00:00-05	SAVON SOLIDE 24 J	rien	2024-05-18	SAVON SOLIDE 24 J	2024-10-13	2024-05-18	2024-05-18	2024-05-17 00:00:00-05	22500.00	\N	cHxRxbjujoj3	t	f	f	f	f	1	3	\N	1	1	43	3	9	2	2	\N	\N	3	11
4	2024-10-13 00:00:00-05	2024-10-13 00:00:00-05	SAVON SOLIDE 24 B	rien	2024-05-18	SAVON SOLIDE 24 B	2024-10-13	2024-05-18	2024-05-18	2024-05-17 00:00:00-05	22500.00	\N	cHxRxbjujoj4	t	f	f	f	f	1	3	\N	1	1	43	3	9	2	2	\N	\N	4	11
5	2024-10-13 00:00:00-05	2024-10-13 00:00:00-05	SAVON SOLIDE 24 J	rien	2024-05-21	SAVON SOLIDE 24 J	2024-10-13	2024-05-21	2024-05-21	2024-05-20 00:00:00-05	50000.00	\N	cHxRxbjujoj5	t	f	f	f	f	1	3	\N	1	1	43	3	9	2	2	\N	\N	5	11
6	2024-10-13 00:00:00-05	2024-10-13 00:00:00-05	SAVON SOLIDE 24 B	rien	2024-05-21	SAVON SOLIDE 24 B	2024-10-13	2024-05-21	2024-05-21	2024-05-20 00:00:00-05	50000.00	\N	cHxRxbjujoj6	t	f	f	f	f	1	3	\N	1	1	43	3	9	2	2	\N	\N	6	11
16	2024-10-13 00:00:00-05	2024-10-13 00:00:00-05	SAVON SOLIDE 24 B	rien	2024-05-27	SAVON SOLIDE 24 B	2024-10-13	2024-05-27	2024-05-27	2024-05-26 00:00:00-05	20000.00	\N	cHxRxbjujoj16	t	f	f	f	f	1	3	\N	1	1	43	3	9	2	2	\N	\N	16	11
17	2024-10-13 00:00:00-05	2024-10-13 00:00:00-05	SAVON SOLIDE 24 J	rien	2024-05-28	SAVON SOLIDE 24 J	2024-10-13	2024-05-28	2024-05-28	2024-05-27 00:00:00-05	22500.00	\N	cHxRxbjujoj17	t	f	f	f	f	1	3	\N	1	1	43	3	9	2	2	\N	\N	17	11
18	2024-10-13 00:00:00-05	2024-10-13 00:00:00-05	SAVON SOLIDE 24 B	rien	2024-05-28	SAVON SOLIDE 24 B	2024-10-13	2024-05-28	2024-05-28	2024-05-27 00:00:00-05	22500.00	\N	cHxRxbjujoj18	t	f	f	f	f	1	3	\N	1	1	43	3	9	2	2	\N	\N	18	11
19	2024-10-13 00:00:00-05	2024-10-13 00:00:00-05	SAVON LIQUIDE VAISELLE	rien	2024-05-29	SAVON LIQUIDE VAISELLE	2024-10-13	2024-05-29	2024-05-29	2024-05-28 00:00:00-05	6600.00	\N	cHxRxbjujoj19	t	f	f	f	f	1	3	\N	1	1	43	3	9	2	2	\N	\N	19	11
20	2024-10-13 00:00:00-05	2024-10-13 00:00:00-05	SAVON LIQUIDE VAISELLE - J	rien	2024-05-29	SAVON LIQUIDE VAISELLE - J	2024-10-13	2024-05-29	2024-05-29	2024-05-28 00:00:00-05	3300.00	\N	cHxRxbjujoj20	t	f	f	f	f	1	3	\N	1	2	43	3	9	2	2	\N	\N	20	11
21	2024-10-13 00:00:00-05	2024-10-13 00:00:00-05	SAVON LIQUIDE VAISELLE - V	rien	2024-05-29	SAVON LIQUIDE VAISELLE - V	2024-10-13	2024-05-29	2024-05-29	2024-05-28 00:00:00-05	3300.00	\N	cHxRxbjujoj21	t	f	f	f	f	1	3	\N	1	2	43	3	9	2	2	\N	\N	21	11
22	2024-10-13 00:00:00-05	2024-10-13 00:00:00-05	SAVON SOLIDE 24 J	rien	2024-05-29	SAVON SOLIDE 24 J	2024-10-13	2024-05-29	2024-05-29	2024-05-28 00:00:00-05	35000.00	\N	cHxRxbjujoj22	t	f	f	f	f	1	3	\N	1	1	43	3	9	2	2	\N	\N	22	11
23	2024-10-13 00:00:00-05	2024-10-13 00:00:00-05	SAVON SOLIDE 24 B	rien	2024-05-29	SAVON SOLIDE 24 B	2024-10-13	2024-05-29	2024-05-29	2024-05-28 00:00:00-05	35000.00	\N	cHxRxbjujoj23	t	f	f	f	f	1	3	\N	1	1	43	3	9	2	2	\N	\N	23	11
24	2024-10-13 00:00:00-05	2024-10-13 00:00:00-05	SAVON SOLIDE 24 J	rien	2024-05-30	SAVON SOLIDE 24 J	2024-10-13	2024-05-30	2024-05-30	2024-05-29 00:00:00-05	30000.00	\N	cHxRxbjujoj24	t	f	f	f	f	1	3	\N	1	1	43	3	9	2	2	\N	\N	24	11
25	2024-10-13 00:00:00-05	2024-10-13 00:00:00-05	SAVON SOLIDE 24 B	rien	2024-05-30	SAVON SOLIDE 24 B	2024-10-13	2024-05-30	2024-05-30	2024-05-29 00:00:00-05	30000.00	\N	cHxRxbjujoj25	t	f	f	f	f	1	3	\N	1	1	43	3	9	2	2	\N	\N	25	11
26	2024-10-13 00:00:00-05	2024-10-13 00:00:00-05	SAVON SOLIDE 24 J	rien	2024-05-30	SAVON SOLIDE 24 J	2024-10-13	2024-05-30	2024-05-30	2024-05-29 00:00:00-05	12500.00	\N	cHxRxbjujoj26	t	f	f	f	f	1	3	\N	1	2	43	3	9	2	2	\N	\N	26	11
27	2024-10-13 00:00:00-05	2024-10-13 00:00:00-05	SAVON SOLIDE 24 B	rien	2024-05-30	SAVON SOLIDE 24 B	2024-10-13	2024-05-30	2024-05-30	2024-05-29 00:00:00-05	12500.00	\N	cHxRxbjujoj27	t	f	f	f	f	1	3	\N	1	2	43	3	9	2	2	\N	\N	27	11
28	2024-10-13 00:00:00-05	2024-10-13 00:00:00-05	SAVON SOLIDE 24 J	rien	2024-05-31	SAVON SOLIDE 24 J	2024-10-13	2024-05-31	2024-05-31	2024-05-30 00:00:00-05	25000.00	\N	cHxRxbjujoj28	t	f	f	f	f	1	3	\N	1	1	43	3	9	2	2	\N	\N	28	11
29	2024-10-13 00:00:00-05	2024-10-13 00:00:00-05	SAVON SOLIDE 24 B	rien	2024-05-31	SAVON SOLIDE 24 B	2024-10-13	2024-05-31	2024-05-31	2024-05-30 00:00:00-05	25000.00	\N	cHxRxbjujoj29	t	f	f	f	f	1	3	\N	1	1	43	3	9	2	2	\N	\N	29	11
30	2024-10-13 00:00:00-05	2024-10-13 00:00:00-05	SAVON SOLIDE 24 J	rien	2024-05-31	SAVON SOLIDE 24 J	2024-10-13	2024-05-31	2024-05-31	2024-05-30 00:00:00-05	30000.00	\N	cHxRxbjujoj30	t	f	f	f	f	1	3	\N	1	2	43	3	9	2	2	\N	\N	30	11
31	2024-10-13 00:00:00-05	2024-10-13 00:00:00-05	SAVON SOLIDE 24 B	rien	2024-05-31	SAVON SOLIDE 24 B	2024-10-13	2024-05-31	2024-05-31	2024-05-30 00:00:00-05	30000.00	\N	cHxRxbjujoj31	t	f	f	f	f	1	3	\N	1	2	43	3	9	2	2	\N	\N	31	11
32	2024-10-13 00:00:00-05	2024-10-13 00:00:00-05	SAVON SOLIDE 24 J	rien	2024-06-03	SAVON SOLIDE 24 J	2024-10-13	2024-06-03	2024-06-03	2024-06-02 00:00:00-05	52500.00	\N	cHxRxbjujoj32	t	f	f	f	f	1	3	\N	1	1	43	3	9	2	2	\N	\N	32	11
338	2024-10-13 00:00:00-05	2024-10-13 00:00:00-05	SAVON SOLIDE 24 marron	rien	2024-09-27	SAVON SOLIDE 24 marron	2024-10-13	2024-09-27	2024-09-27	2024-09-26 00:00:00-05	10000.00	\N	cHxRxbjujoj338	t	f	f	f	f	1	3	\N	1	2	43	3	9	2	2	\N	\N	338	11
33	2024-10-13 00:00:00-05	2024-10-13 00:00:00-05	SAVON SOLIDE 24 B	rien	2024-06-03	SAVON SOLIDE 24 B	2024-10-13	2024-06-03	2024-06-03	2024-06-02 00:00:00-05	52500.00	\N	cHxRxbjujoj33	t	f	f	f	f	1	3	\N	1	1	43	3	9	2	2	\N	\N	33	11
34	2024-10-13 00:00:00-05	2024-10-13 00:00:00-05	SAVON SOLIDE 24 J	rien	2024-06-03	SAVON SOLIDE 24 J	2024-10-13	2024-06-03	2024-06-03	2024-06-02 00:00:00-05	25000.00	\N	cHxRxbjujoj34	t	f	f	f	f	1	3	\N	1	2	43	3	9	2	2	\N	\N	34	11
35	2024-10-13 00:00:00-05	2024-10-13 00:00:00-05	SAVON SOLIDE 24 B	rien	2024-06-03	SAVON SOLIDE 24 B	2024-10-13	2024-06-03	2024-06-03	2024-06-02 00:00:00-05	25000.00	\N	cHxRxbjujoj35	t	f	f	f	f	1	3	\N	1	2	43	3	9	2	2	\N	\N	35	11
36	2024-10-13 00:00:00-05	2024-10-13 00:00:00-05	SAVON LIQUIDE VAISELLE	rien	2024-06-04	SAVON LIQUIDE VAISELLE	2024-10-13	2024-06-04	2024-06-04	2024-06-03 00:00:00-05	6600.00	\N	cHxRxbjujoj36	t	f	f	f	f	1	3	\N	1	1	43	3	9	2	2	\N	\N	36	11
37	2024-10-13 00:00:00-05	2024-10-13 00:00:00-05	SAVON LIQUIDE VAISELLE - V	rien	2024-06-04	SAVON LIQUIDE VAISELLE - V	2024-10-13	2024-06-04	2024-06-04	2024-06-03 00:00:00-05	6600.00	\N	cHxRxbjujoj37	t	f	f	f	f	1	3	\N	1	2	43	3	9	2	2	\N	\N	37	11
38	2024-10-13 00:00:00-05	2024-10-13 00:00:00-05	SAVON SOLIDE 24 J	rien	2024-06-04	SAVON SOLIDE 24 J	2024-10-13	2024-06-04	2024-06-04	2024-06-03 00:00:00-05	47500.00	\N	cHxRxbjujoj38	t	f	f	f	f	1	3	\N	1	1	43	3	9	2	2	\N	\N	38	11
39	2024-10-13 00:00:00-05	2024-10-13 00:00:00-05	SAVON SOLIDE 24 J	rien	2024-06-04	SAVON SOLIDE 24 J	2024-10-13	2024-06-04	2024-06-04	2024-06-03 00:00:00-05	0.00	\N	cHxRxbjujoj39	t	f	f	f	f	1	3	\N	1	1	43	3	9	2	2	\N	\N	39	11
40	2024-10-13 00:00:00-05	2024-10-13 00:00:00-05	SAVON SOLIDE 24 B	rien	2024-06-04	SAVON SOLIDE 24 B	2024-10-13	2024-06-04	2024-06-04	2024-06-03 00:00:00-05	47500.00	\N	cHxRxbjujoj40	t	f	f	f	f	1	3	\N	1	1	43	3	9	2	2	\N	\N	40	11
41	2024-10-13 00:00:00-05	2024-10-13 00:00:00-05	SAVON SOLIDE 24 B	rien	2024-06-04	SAVON SOLIDE 24 B	2024-10-13	2024-06-04	2024-06-04	2024-06-03 00:00:00-05	0.00	\N	cHxRxbjujoj41	t	f	f	f	f	1	3	\N	1	1	43	3	9	2	2	\N	\N	41	11
42	2024-10-13 00:00:00-05	2024-10-13 00:00:00-05	SAVON SOLIDE 24 J	rien	2024-06-04	SAVON SOLIDE 24 J	2024-10-13	2024-06-04	2024-06-04	2024-06-03 00:00:00-05	22500.00	\N	cHxRxbjujoj42	t	f	f	f	f	1	3	\N	1	2	43	3	9	2	2	\N	\N	42	11
43	2024-10-13 00:00:00-05	2024-10-13 00:00:00-05	SAVON SOLIDE 24 B	rien	2024-06-04	SAVON SOLIDE 24 B	2024-10-13	2024-06-04	2024-06-04	2024-06-03 00:00:00-05	22500.00	\N	cHxRxbjujoj43	t	f	f	f	f	1	3	\N	1	2	43	3	9	2	2	\N	\N	43	11
44	2024-10-13 00:00:00-05	2024-10-13 00:00:00-05	SAVON SOLIDE 24 J	rien	2024-06-05	SAVON SOLIDE 24 J	2024-10-13	2024-06-05	2024-06-05	2024-06-04 00:00:00-05	27500.00	\N	cHxRxbjujoj44	t	f	f	f	f	1	3	\N	1	1	43	3	9	2	2	\N	\N	44	11
12	2024-10-13 00:00:00-05	2024-10-13 00:00:00-05	SAVON SOLIDE 24 J	rien	2024-05-24	SAVON SOLIDE 24 J	2024-10-13	2024-05-24	2024-05-24	2024-05-23 00:00:00-05	20000.00	\N	cHxRxbjujoj12	t	f	f	f	f	1	3	\N	1	1	43	3	9	2	2	\N	\N	12	11
2	2024-10-13 00:00:00-05	2024-10-13 00:00:00-05	SAVON SOLIDE 24 B	rien	2024-05-17	SAVON SOLIDE 24 B	2024-10-13	2024-05-17	2024-05-17	2024-05-16 00:00:00-05	20000.00	\N	cHxRxbjujoj2	t	f	f	f	f	1	3	\N	1	1	43	3	9	2	2	\N	\N	2	11
13	2024-10-13 00:00:00-05	2024-10-13 00:00:00-05	SAVON SOLIDE 24 B	rien	2024-05-24	SAVON SOLIDE 24 B	2024-10-13	2024-05-24	2024-05-24	2024-05-23 00:00:00-05	23750.00	\N	cHxRxbjujoj13	t	f	f	f	f	1	3	\N	1	1	43	3	9	2	2	\N	\N	13	11
50	2024-10-13 00:00:00-05	2024-10-13 00:00:00-05	SAVON SOLIDE 24 B	rien	2024-06-06	SAVON SOLIDE 24 B	2024-10-13	2024-06-06	2024-06-06	2024-06-05 00:00:00-05	23750.00	\N	cHxRxbjujoj50	t	f	f	f	f	1	3	\N	1	1	43	3	9	2	2	\N	\N	50	11
51	2024-10-13 00:00:00-05	2024-10-13 00:00:00-05	SAVON SOLIDE 24 B	rien	2024-06-06	SAVON SOLIDE 24 B	2024-10-13	2024-06-06	2024-06-06	2024-06-05 00:00:00-05	7500.00	\N	cHxRxbjujoj51	t	f	f	f	f	1	3	\N	1	1	43	3	9	2	2	\N	\N	51	11
52	2024-10-13 00:00:00-05	2024-10-13 00:00:00-05	SAVON SOLIDE 24 J	rien	2024-06-06	SAVON SOLIDE 24 J	2024-10-13	2024-06-06	2024-06-06	2024-06-05 00:00:00-05	30000.00	\N	cHxRxbjujoj52	t	f	f	f	f	1	3	\N	1	2	43	3	9	2	2	\N	\N	52	11
53	2024-10-13 00:00:00-05	2024-10-13 00:00:00-05	SAVON SOLIDE 24 B	rien	2024-06-06	SAVON SOLIDE 24 B	2024-10-13	2024-06-06	2024-06-06	2024-06-05 00:00:00-05	30000.00	\N	cHxRxbjujoj53	t	f	f	f	f	1	3	\N	1	2	43	3	9	2	2	\N	\N	53	11
54	2024-10-13 00:00:00-05	2024-10-13 00:00:00-05	SAVON SOLIDE 24 J	rien	2024-06-07	SAVON SOLIDE 24 J	2024-10-13	2024-06-07	2024-06-07	2024-06-06 00:00:00-05	42500.00	\N	cHxRxbjujoj54	t	f	f	f	f	1	3	\N	1	1	43	3	9	2	2	\N	\N	54	11
55	2024-10-13 00:00:00-05	2024-10-13 00:00:00-05	SAVON SOLIDE 24 B	rien	2024-06-07	SAVON SOLIDE 24 B	2024-10-13	2024-06-07	2024-06-07	2024-06-06 00:00:00-05	42500.00	\N	cHxRxbjujoj55	t	f	f	f	f	1	3	\N	1	1	43	3	9	2	2	\N	\N	55	11
56	2024-10-13 00:00:00-05	2024-10-13 00:00:00-05	SAVON SOLIDE 24 J	rien	2024-06-07	SAVON SOLIDE 24 J	2024-10-13	2024-06-07	2024-06-07	2024-06-06 00:00:00-05	17500.00	\N	cHxRxbjujoj56	t	f	f	f	f	1	3	\N	1	2	43	3	9	2	2	\N	\N	56	11
57	2024-10-13 00:00:00-05	2024-10-13 00:00:00-05	SAVON SOLIDE 24 B	rien	2024-06-07	SAVON SOLIDE 24 B	2024-10-13	2024-06-07	2024-06-07	2024-06-06 00:00:00-05	17500.00	\N	cHxRxbjujoj57	t	f	f	f	f	1	3	\N	1	2	43	3	9	2	2	\N	\N	57	11
59	2024-10-13 00:00:00-05	2024-10-13 00:00:00-05	SAVON SOLIDE 24 J	rien	2024-06-10	SAVON SOLIDE 24 J	2024-10-13	2024-06-10	2024-06-10	2024-06-09 00:00:00-05	30000.00	\N	cHxRxbjujoj59	t	f	f	f	f	1	3	\N	1	1	43	3	9	2	2	\N	\N	59	11
60	2024-10-13 00:00:00-05	2024-10-13 00:00:00-05	SAVON SOLIDE 24 B	rien	2024-06-10	SAVON SOLIDE 24 B	2024-10-13	2024-06-10	2024-06-10	2024-06-09 00:00:00-05	30000.00	\N	cHxRxbjujoj60	t	f	f	f	f	1	3	\N	1	1	43	3	9	2	2	\N	\N	60	11
61	2024-10-13 00:00:00-05	2024-10-13 00:00:00-05	SAVON SOLIDE 24 J	rien	2024-06-10	SAVON SOLIDE 24 J	2024-10-13	2024-06-10	2024-06-10	2024-06-09 00:00:00-05	7500.00	\N	cHxRxbjujoj61	t	f	f	f	f	1	3	\N	1	2	43	3	9	2	2	\N	\N	61	11
62	2024-10-13 00:00:00-05	2024-10-13 00:00:00-05	SAVON SOLIDE 24 B	rien	2024-06-10	SAVON SOLIDE 24 B	2024-10-13	2024-06-10	2024-06-10	2024-06-09 00:00:00-05	7500.00	\N	cHxRxbjujoj62	t	f	f	f	f	1	3	\N	1	2	43	3	9	2	2	\N	\N	62	11
63	2024-10-13 00:00:00-05	2024-10-13 00:00:00-05	SAVON SOLIDE 24 J	rien	2024-06-11	SAVON SOLIDE 24 J	2024-10-13	2024-06-11	2024-06-11	2024-06-10 00:00:00-05	32500.00	\N	cHxRxbjujoj63	t	f	f	f	f	1	3	\N	1	1	43	3	9	2	2	\N	\N	63	11
64	2024-10-13 00:00:00-05	2024-10-13 00:00:00-05	SAVON SOLIDE 24 B	rien	2024-06-11	SAVON SOLIDE 24 B	2024-10-13	2024-06-11	2024-06-11	2024-06-10 00:00:00-05	32500.00	\N	cHxRxbjujoj64	t	f	f	f	f	1	3	\N	1	1	43	3	9	2	2	\N	\N	64	11
65	2024-10-13 00:00:00-05	2024-10-13 00:00:00-05	SAVON SOLIDE 24 J	rien	2024-06-12	SAVON SOLIDE 24 J	2024-10-13	2024-06-12	2024-06-12	2024-06-11 00:00:00-05	20000.00	\N	cHxRxbjujoj65	t	f	f	f	f	1	3	\N	1	1	43	3	9	2	2	\N	\N	65	11
66	2024-10-13 00:00:00-05	2024-10-13 00:00:00-05	SAVON SOLIDE 24 B	rien	2024-06-12	SAVON SOLIDE 24 B	2024-10-13	2024-06-12	2024-06-12	2024-06-11 00:00:00-05	20000.00	\N	cHxRxbjujoj66	t	f	f	f	f	1	3	\N	1	1	43	3	9	2	2	\N	\N	66	11
67	2024-10-13 00:00:00-05	2024-10-13 00:00:00-05	SAVON SOLIDE 24 J	rien	2024-06-13	SAVON SOLIDE 24 J	2024-10-13	2024-06-13	2024-06-13	2024-06-12 00:00:00-05	37500.00	\N	cHxRxbjujoj67	t	f	f	f	f	1	3	\N	1	1	43	3	9	2	2	\N	\N	67	11
68	2024-10-13 00:00:00-05	2024-10-13 00:00:00-05	SAVON SOLIDE 24 B	rien	2024-06-13	SAVON SOLIDE 24 B	2024-10-13	2024-06-13	2024-06-13	2024-06-12 00:00:00-05	37500.00	\N	cHxRxbjujoj68	t	f	f	f	f	1	3	\N	1	1	43	3	9	2	2	\N	\N	68	11
69	2024-10-13 00:00:00-05	2024-10-13 00:00:00-05	SAVON LIQUIDE VAISELLE - J	rien	2024-06-14	SAVON LIQUIDE VAISELLE - J	2024-10-13	2024-06-14	2024-06-14	2024-06-13 00:00:00-05	6600.00	\N	cHxRxbjujoj69	t	f	f	f	f	1	3	\N	1	2	43	3	9	2	2	\N	\N	69	11
70	2024-10-13 00:00:00-05	2024-10-13 00:00:00-05	SAVON SOLIDE 24 J	rien	2024-06-14	SAVON SOLIDE 24 J	2024-10-13	2024-06-14	2024-06-14	2024-06-13 00:00:00-05	12500.00	\N	cHxRxbjujoj70	t	f	f	f	f	1	3	\N	1	1	43	3	9	2	2	\N	\N	70	11
71	2024-10-13 00:00:00-05	2024-10-13 00:00:00-05	SAVON SOLIDE 24 B	rien	2024-06-14	SAVON SOLIDE 24 B	2024-10-13	2024-06-14	2024-06-14	2024-06-13 00:00:00-05	12500.00	\N	cHxRxbjujoj71	t	f	f	f	f	1	3	\N	1	1	43	3	9	2	2	\N	\N	71	11
72	2024-10-13 00:00:00-05	2024-10-13 00:00:00-05	SAVON SOLIDE 24 J	rien	2024-06-18	SAVON SOLIDE 24 J	2024-10-13	2024-06-18	2024-06-18	2024-06-17 00:00:00-05	23750.00	\N	cHxRxbjujoj72	t	f	f	f	f	1	3	\N	1	1	43	3	9	2	2	\N	\N	72	11
73	2024-10-13 00:00:00-05	2024-10-13 00:00:00-05	SAVON SOLIDE 24 J	rien	2024-06-18	SAVON SOLIDE 24 J	2024-10-13	2024-06-18	2024-06-18	2024-06-17 00:00:00-05	37500.00	\N	cHxRxbjujoj73	t	f	f	f	f	1	3	\N	1	1	43	3	9	2	2	\N	\N	73	11
74	2024-10-13 00:00:00-05	2024-10-13 00:00:00-05	SAVON SOLIDE 24 B	rien	2024-06-18	SAVON SOLIDE 24 B	2024-10-13	2024-06-18	2024-06-18	2024-06-17 00:00:00-05	23750.00	\N	cHxRxbjujoj74	t	f	f	f	f	1	3	\N	1	1	43	3	9	2	2	\N	\N	74	11
75	2024-10-13 00:00:00-05	2024-10-13 00:00:00-05	SAVON SOLIDE 24 B	rien	2024-06-18	SAVON SOLIDE 24 B	2024-10-13	2024-06-18	2024-06-18	2024-06-17 00:00:00-05	37500.00	\N	cHxRxbjujoj75	t	f	f	f	f	1	3	\N	1	1	43	3	9	2	2	\N	\N	75	11
76	2024-10-13 00:00:00-05	2024-10-13 00:00:00-05	SAVON SOLIDE 24 J	rien	2024-06-19	SAVON SOLIDE 24 J	2024-10-13	2024-06-19	2024-06-19	2024-06-18 00:00:00-05	30000.00	\N	cHxRxbjujoj76	t	f	f	f	f	1	3	\N	1	1	43	3	9	2	2	\N	\N	76	11
77	2024-10-13 00:00:00-05	2024-10-13 00:00:00-05	SAVON SOLIDE 24 B	rien	2024-06-19	SAVON SOLIDE 24 B	2024-10-13	2024-06-19	2024-06-19	2024-06-18 00:00:00-05	30000.00	\N	cHxRxbjujoj77	t	f	f	f	f	1	3	\N	1	1	43	3	9	2	2	\N	\N	77	11
78	2024-10-13 00:00:00-05	2024-10-13 00:00:00-05	SAVON SOLIDE 24 J	rien	2024-06-20	SAVON SOLIDE 24 J	2024-10-13	2024-06-20	2024-06-20	2024-06-19 00:00:00-05	37500.00	\N	cHxRxbjujoj78	t	f	f	f	f	1	3	\N	1	1	43	3	9	2	2	\N	\N	78	11
79	2024-10-13 00:00:00-05	2024-10-13 00:00:00-05	SAVON SOLIDE 24 B	rien	2024-06-20	SAVON SOLIDE 24 B	2024-10-13	2024-06-20	2024-06-20	2024-06-19 00:00:00-05	37500.00	\N	cHxRxbjujoj79	t	f	f	f	f	1	3	\N	1	1	43	3	9	2	2	\N	\N	79	11
80	2024-10-13 00:00:00-05	2024-10-13 00:00:00-05	SAVON SOLIDE 24 J	rien	2024-06-20	SAVON SOLIDE 24 J	2024-10-13	2024-06-20	2024-06-20	2024-06-19 00:00:00-05	15000.00	\N	cHxRxbjujoj80	t	f	f	f	f	1	3	\N	1	2	43	3	9	2	2	\N	\N	80	11
81	2024-10-13 00:00:00-05	2024-10-13 00:00:00-05	SAVON SOLIDE 24 B	rien	2024-06-20	SAVON SOLIDE 24 B	2024-10-13	2024-06-20	2024-06-20	2024-06-19 00:00:00-05	15000.00	\N	cHxRxbjujoj81	t	f	f	f	f	1	3	\N	1	2	43	3	9	2	2	\N	\N	81	11
82	2024-10-13 00:00:00-05	2024-10-13 00:00:00-05	SAVON SOLIDE 24 J	rien	2024-06-21	SAVON SOLIDE 24 J	2024-10-13	2024-06-21	2024-06-21	2024-06-20 00:00:00-05	25000.00	\N	cHxRxbjujoj82	t	f	f	f	f	1	3	\N	1	1	43	3	9	2	2	\N	\N	82	11
46	2024-10-13 00:00:00-05	2024-10-13 00:00:00-05	SAVON SOLIDE 24 J	rien	2024-06-05	SAVON SOLIDE 24 J	2024-10-13	2024-06-05	2024-06-05	2024-06-04 00:00:00-05	15000.00	\N	cHxRxbjujoj46	t	f	f	f	f	1	3	\N	1	2	43	3	9	2	2	\N	\N	46	11
47	2024-10-13 00:00:00-05	2024-10-13 00:00:00-05	SAVON SOLIDE 24 B	rien	2024-06-05	SAVON SOLIDE 24 B	2024-10-13	2024-06-05	2024-06-05	2024-06-04 00:00:00-05	15000.00	\N	cHxRxbjujoj47	t	f	f	f	f	1	3	\N	1	2	43	3	9	2	2	\N	\N	47	11
48	2024-10-13 00:00:00-05	2024-10-13 00:00:00-05	SAVON SOLIDE 24 J	rien	2024-06-06	SAVON SOLIDE 24 J	2024-10-13	2024-06-06	2024-06-06	2024-06-05 00:00:00-05	23750.00	\N	cHxRxbjujoj48	t	f	f	f	f	1	3	\N	1	1	43	3	9	2	2	\N	\N	48	11
88	2024-10-13 00:00:00-05	2024-10-13 00:00:00-05	SAVON SOLIDE 24 J	rien	2024-06-24	SAVON SOLIDE 24 J	2024-10-13	2024-06-24	2024-06-24	2024-06-23 00:00:00-05	27500.00	\N	cHxRxbjujoj88	t	f	f	f	f	1	3	\N	1	1	43	3	9	2	2	\N	\N	88	11
89	2024-10-13 00:00:00-05	2024-10-13 00:00:00-05	SAVON SOLIDE 24 B	rien	2024-06-24	SAVON SOLIDE 24 B	2024-10-13	2024-06-24	2024-06-24	2024-06-23 00:00:00-05	27500.00	\N	cHxRxbjujoj89	t	f	f	f	f	1	3	\N	1	1	43	3	9	2	2	\N	\N	89	11
90	2024-10-13 00:00:00-05	2024-10-13 00:00:00-05	SAVON SOLIDE 24 J	rien	2024-06-24	SAVON SOLIDE 24 J	2024-10-13	2024-06-24	2024-06-24	2024-06-23 00:00:00-05	10000.00	\N	cHxRxbjujoj90	t	f	f	f	f	1	3	\N	1	2	43	3	9	2	2	\N	\N	90	11
91	2024-10-13 00:00:00-05	2024-10-13 00:00:00-05	SAVON SOLIDE 24 B	rien	2024-06-24	SAVON SOLIDE 24 B	2024-10-13	2024-06-24	2024-06-24	2024-06-23 00:00:00-05	10000.00	\N	cHxRxbjujoj91	t	f	f	f	f	1	3	\N	1	2	43	3	9	2	2	\N	\N	91	11
93	2024-10-13 00:00:00-05	2024-10-13 00:00:00-05	SAVON LIQUIDE VAISELLE - J	rien	2024-06-25	SAVON LIQUIDE VAISELLE - J	2024-10-13	2024-06-25	2024-06-25	2024-06-24 00:00:00-05	6600.00	\N	cHxRxbjujoj93	t	f	f	f	f	1	3	\N	1	2	43	3	9	2	2	\N	\N	93	11
94	2024-10-13 00:00:00-05	2024-10-13 00:00:00-05	SAVON LIQUIDE VAISELLE - J	rien	2024-06-25	SAVON LIQUIDE VAISELLE - J	2024-10-13	2024-06-25	2024-06-25	2024-06-24 00:00:00-05	6600.00	\N	cHxRxbjujoj94	t	f	f	f	f	1	3	\N	1	2	43	3	9	2	2	\N	\N	94	11
95	2024-10-13 00:00:00-05	2024-10-13 00:00:00-05	SAVON SOLIDE 24 J	rien	2024-06-25	SAVON SOLIDE 24 J	2024-10-13	2024-06-25	2024-06-25	2024-06-24 00:00:00-05	40000.00	\N	cHxRxbjujoj95	t	f	f	f	f	1	3	\N	1	1	43	3	9	2	2	\N	\N	95	11
96	2024-10-13 00:00:00-05	2024-10-13 00:00:00-05	SAVON SOLIDE 24 B	rien	2024-06-25	SAVON SOLIDE 24 B	2024-10-13	2024-06-25	2024-06-25	2024-06-24 00:00:00-05	40000.00	\N	cHxRxbjujoj96	t	f	f	f	f	1	3	\N	1	1	43	3	9	2	2	\N	\N	96	11
97	2024-10-13 00:00:00-05	2024-10-13 00:00:00-05	SAVON SOLIDE 24 J	rien	2024-06-25	SAVON SOLIDE 24 J	2024-10-13	2024-06-25	2024-06-25	2024-06-24 00:00:00-05	10000.00	\N	cHxRxbjujoj97	t	f	f	f	f	1	3	\N	1	2	43	3	9	2	2	\N	\N	97	11
98	2024-10-13 00:00:00-05	2024-10-13 00:00:00-05	SAVON SOLIDE 24 B	rien	2024-06-25	SAVON SOLIDE 24 B	2024-10-13	2024-06-25	2024-06-25	2024-06-24 00:00:00-05	10000.00	\N	cHxRxbjujoj98	t	f	f	f	f	1	3	\N	1	2	43	3	9	2	2	\N	\N	98	11
99	2024-10-13 00:00:00-05	2024-10-13 00:00:00-05	SAVON LIQUIDE VAISELLE	rien	2024-06-26	SAVON LIQUIDE VAISELLE	2024-10-13	2024-06-26	2024-06-26	2024-06-25 00:00:00-05	6600.00	\N	cHxRxbjujoj99	t	f	f	f	f	1	3	\N	1	1	43	3	9	2	2	\N	\N	99	11
100	2024-10-13 00:00:00-05	2024-10-13 00:00:00-05	SAVON LIQUIDE VAISELLE - J	rien	2024-06-26	SAVON LIQUIDE VAISELLE - J	2024-10-13	2024-06-26	2024-06-26	2024-06-25 00:00:00-05	6600.00	\N	cHxRxbjujoj100	t	f	f	f	f	1	3	\N	1	2	43	3	9	2	2	\N	\N	100	11
101	2024-10-13 00:00:00-05	2024-10-13 00:00:00-05	SAVON SOLIDE 24 J	rien	2024-06-26	SAVON SOLIDE 24 J	2024-10-13	2024-06-26	2024-06-26	2024-06-25 00:00:00-05	22500.00	\N	cHxRxbjujoj101	t	f	f	f	f	1	3	\N	1	1	43	3	9	2	2	\N	\N	101	11
102	2024-10-13 00:00:00-05	2024-10-13 00:00:00-05	SAVON SOLIDE 24 B	rien	2024-06-26	SAVON SOLIDE 24 B	2024-10-13	2024-06-26	2024-06-26	2024-06-25 00:00:00-05	22500.00	\N	cHxRxbjujoj102	t	f	f	f	f	1	3	\N	1	1	43	3	9	2	2	\N	\N	102	11
103	2024-10-13 00:00:00-05	2024-10-13 00:00:00-05	SAVON SOLIDE 24 J	rien	2024-06-26	SAVON SOLIDE 24 J	2024-10-13	2024-06-26	2024-06-26	2024-06-25 00:00:00-05	12500.00	\N	cHxRxbjujoj103	t	f	f	f	f	1	3	\N	1	2	43	3	9	2	2	\N	\N	103	11
104	2024-10-13 00:00:00-05	2024-10-13 00:00:00-05	SAVON SOLIDE 24 B	rien	2024-06-26	SAVON SOLIDE 24 B	2024-10-13	2024-06-26	2024-06-26	2024-06-25 00:00:00-05	12500.00	\N	cHxRxbjujoj104	t	f	f	f	f	1	3	\N	1	2	43	3	9	2	2	\N	\N	104	11
105	2024-10-13 00:00:00-05	2024-10-13 00:00:00-05	SAVON LIQUIDE VAISELLE	rien	2024-06-27	SAVON LIQUIDE VAISELLE	2024-10-13	2024-06-27	2024-06-27	2024-06-26 00:00:00-05	6600.00	\N	cHxRxbjujoj105	t	f	f	f	f	1	3	\N	1	1	43	3	9	2	2	\N	\N	105	11
106	2024-10-13 00:00:00-05	2024-10-13 00:00:00-05	SAVON LIQUIDE VAISELLE - J	rien	2024-06-27	SAVON LIQUIDE VAISELLE - J	2024-10-13	2024-06-27	2024-06-27	2024-06-26 00:00:00-05	6600.00	\N	cHxRxbjujoj106	t	f	f	f	f	1	3	\N	1	2	43	3	9	2	2	\N	\N	106	11
107	2024-10-13 00:00:00-05	2024-10-13 00:00:00-05	SAVON SOLIDE 24 J	rien	2024-06-27	SAVON SOLIDE 24 J	2024-10-13	2024-06-27	2024-06-27	2024-06-26 00:00:00-05	17500.00	\N	cHxRxbjujoj107	t	f	f	f	f	1	3	\N	1	1	43	3	9	2	2	\N	\N	107	11
108	2024-10-13 00:00:00-05	2024-10-13 00:00:00-05	SAVON SOLIDE 24 B	rien	2024-06-27	SAVON SOLIDE 24 B	2024-10-13	2024-06-27	2024-06-27	2024-06-26 00:00:00-05	17500.00	\N	cHxRxbjujoj108	t	f	f	f	f	1	3	\N	1	1	43	3	9	2	2	\N	\N	108	11
109	2024-10-13 00:00:00-05	2024-10-13 00:00:00-05	SAVON SOLIDE 24 J	rien	2024-06-27	SAVON SOLIDE 24 J	2024-10-13	2024-06-27	2024-06-27	2024-06-26 00:00:00-05	5000.00	\N	cHxRxbjujoj109	t	f	f	f	f	1	3	\N	1	2	43	3	9	2	2	\N	\N	109	11
110	2024-10-13 00:00:00-05	2024-10-13 00:00:00-05	SAVON SOLIDE 24 B	rien	2024-06-27	SAVON SOLIDE 24 B	2024-10-13	2024-06-27	2024-06-27	2024-06-26 00:00:00-05	5000.00	\N	cHxRxbjujoj110	t	f	f	f	f	1	3	\N	1	2	43	3	9	2	2	\N	\N	110	11
111	2024-10-13 00:00:00-05	2024-10-13 00:00:00-05	SAVON LIQUIDE VAISELLE	rien	2024-06-28	SAVON LIQUIDE VAISELLE	2024-10-13	2024-06-28	2024-06-28	2024-06-27 00:00:00-05	6600.00	\N	cHxRxbjujoj111	t	f	f	f	f	1	3	\N	1	1	43	3	9	2	2	\N	\N	111	11
112	2024-10-13 00:00:00-05	2024-10-13 00:00:00-05	SAVON LIQUIDE VAISELLE	rien	2024-07-01	SAVON LIQUIDE VAISELLE	2024-10-13	2024-07-01	2024-07-01	2024-06-30 00:00:00-05	0.00	\N	cHxRxbjujoj112	t	f	f	f	f	1	3	\N	1	1	43	3	9	2	2	\N	\N	112	11
113	2024-10-13 00:00:00-05	2024-10-13 00:00:00-05	SAVON LIQUIDE VAISELLE - J	rien	2024-07-01	SAVON LIQUIDE VAISELLE - J	2024-10-13	2024-07-01	2024-07-01	2024-06-30 00:00:00-05	6600.00	\N	cHxRxbjujoj113	t	f	f	f	f	1	3	\N	1	2	43	3	9	2	2	\N	\N	113	11
114	2024-10-13 00:00:00-05	2024-10-13 00:00:00-05	SAVON LIQUIDE VAISELLE - J	rien	2024-07-01	SAVON LIQUIDE VAISELLE - J	2024-10-13	2024-07-01	2024-07-01	2024-06-30 00:00:00-05	0.00	\N	cHxRxbjujoj114	t	f	f	f	f	1	3	\N	1	2	43	3	9	2	2	\N	\N	114	11
115	2024-10-13 00:00:00-05	2024-10-13 00:00:00-05	SAVON SOLIDE 24 J	rien	2024-07-01	SAVON SOLIDE 24 J	2024-10-13	2024-07-01	2024-07-01	2024-06-30 00:00:00-05	25000.00	\N	cHxRxbjujoj115	t	f	f	f	f	1	3	\N	1	1	43	3	9	2	2	\N	\N	115	11
116	2024-10-13 00:00:00-05	2024-10-13 00:00:00-05	SAVON SOLIDE 24 B	rien	2024-07-01	SAVON SOLIDE 24 B	2024-10-13	2024-07-01	2024-07-01	2024-06-30 00:00:00-05	25000.00	\N	cHxRxbjujoj116	t	f	f	f	f	1	3	\N	1	1	43	3	9	2	2	\N	\N	116	11
117	2024-10-13 00:00:00-05	2024-10-13 00:00:00-05	SAVON SOLIDE 24 J	rien	2024-07-01	SAVON SOLIDE 24 J	2024-10-13	2024-07-01	2024-07-01	2024-06-30 00:00:00-05	12500.00	\N	cHxRxbjujoj117	t	f	f	f	f	1	3	\N	1	2	43	3	9	2	2	\N	\N	117	11
118	2024-10-13 00:00:00-05	2024-10-13 00:00:00-05	SAVON SOLIDE 24 B	rien	2024-07-01	SAVON SOLIDE 24 B	2024-10-13	2024-07-01	2024-07-01	2024-06-30 00:00:00-05	12500.00	\N	cHxRxbjujoj118	t	f	f	f	f	1	3	\N	1	2	43	3	9	2	2	\N	\N	118	11
119	2024-10-13 00:00:00-05	2024-10-13 00:00:00-05	SAVON LIQUIDE VAISELLE	rien	2024-07-02	SAVON LIQUIDE VAISELLE	2024-10-13	2024-07-02	2024-07-02	2024-07-01 00:00:00-05	26400.00	\N	cHxRxbjujoj119	t	f	f	f	f	1	3	\N	1	1	43	3	9	2	2	\N	\N	119	11
84	2024-10-13 00:00:00-05	2024-10-13 00:00:00-05	SAVON SOLIDE 24 J	rien	2024-06-21	SAVON SOLIDE 24 J	2024-10-13	2024-06-21	2024-06-21	2024-06-20 00:00:00-05	10000.00	\N	cHxRxbjujoj84	t	f	f	f	f	1	3	\N	1	2	43	3	9	2	2	\N	\N	84	11
85	2024-10-13 00:00:00-05	2024-10-13 00:00:00-05	SAVON SOLIDE 24 B	rien	2024-06-21	SAVON SOLIDE 24 B	2024-10-13	2024-06-21	2024-06-21	2024-06-20 00:00:00-05	10000.00	\N	cHxRxbjujoj85	t	f	f	f	f	1	3	\N	1	2	43	3	9	2	2	\N	\N	85	11
86	2024-10-13 00:00:00-05	2024-10-13 00:00:00-05	SAVON LIQUIDE VAISELLE	rien	2024-06-24	SAVON LIQUIDE VAISELLE	2024-10-13	2024-06-24	2024-06-24	2024-06-23 00:00:00-05	0.00	\N	cHxRxbjujoj86	t	f	f	f	f	1	3	\N	1	1	43	3	9	2	2	\N	\N	86	11
125	2024-10-13 00:00:00-05	2024-10-13 00:00:00-05	SAVON LIQUIDE VAISELLE	rien	2024-07-03	SAVON LIQUIDE VAISELLE	2024-10-13	2024-07-03	2024-07-03	2024-07-02 00:00:00-05	0.00	\N	cHxRxbjujoj125	t	f	f	f	f	1	3	\N	1	1	43	3	9	2	2	\N	\N	125	11
126	2024-10-13 00:00:00-05	2024-10-13 00:00:00-05	SAVON LIQUIDE VAISELLE - J	rien	2024-07-03	SAVON LIQUIDE VAISELLE - J	2024-10-13	2024-07-03	2024-07-03	2024-07-02 00:00:00-05	26400.00	\N	cHxRxbjujoj126	t	f	f	f	f	1	3	\N	1	2	43	3	9	2	2	\N	\N	126	11
127	2024-10-13 00:00:00-05	2024-10-13 00:00:00-05	SAVON SOLIDE 24 J	rien	2024-07-03	SAVON SOLIDE 24 J	2024-10-13	2024-07-03	2024-07-03	2024-07-02 00:00:00-05	40000.00	\N	cHxRxbjujoj127	t	f	f	f	f	1	3	\N	1	1	43	3	9	2	2	\N	\N	127	11
128	2024-10-13 00:00:00-05	2024-10-13 00:00:00-05	SAVON SOLIDE 24 B	rien	2024-07-03	SAVON SOLIDE 24 B	2024-10-13	2024-07-03	2024-07-03	2024-07-02 00:00:00-05	40000.00	\N	cHxRxbjujoj128	t	f	f	f	f	1	3	\N	1	1	43	3	9	2	2	\N	\N	128	11
129	2024-10-13 00:00:00-05	2024-10-13 00:00:00-05	SAVON SOLIDE 24 J	rien	2024-07-03	SAVON SOLIDE 24 J	2024-10-13	2024-07-03	2024-07-03	2024-07-02 00:00:00-05	17500.00	\N	cHxRxbjujoj129	t	f	f	f	f	1	3	\N	1	2	43	3	9	2	2	\N	\N	129	11
130	2024-10-13 00:00:00-05	2024-10-13 00:00:00-05	SAVON SOLIDE 24 B	rien	2024-07-03	SAVON SOLIDE 24 B	2024-10-13	2024-07-03	2024-07-03	2024-07-02 00:00:00-05	17500.00	\N	cHxRxbjujoj130	t	f	f	f	f	1	3	\N	1	2	43	3	9	2	2	\N	\N	130	11
131	2024-10-13 00:00:00-05	2024-10-13 00:00:00-05	SAVON LIQUIDE VAISELLE	rien	2024-07-04	SAVON LIQUIDE VAISELLE	2024-10-13	2024-07-04	2024-07-04	2024-07-03 00:00:00-05	0.00	\N	cHxRxbjujoj131	t	f	f	f	f	1	3	\N	1	1	43	3	9	2	2	\N	\N	131	11
132	2024-10-13 00:00:00-05	2024-10-13 00:00:00-05	SAVON LIQUIDE VAISELLE - J	rien	2024-07-04	SAVON LIQUIDE VAISELLE - J	2024-10-13	2024-07-04	2024-07-04	2024-07-03 00:00:00-05	16500.00	\N	cHxRxbjujoj132	t	f	f	f	f	1	3	\N	1	2	43	3	9	2	2	\N	\N	132	11
133	2024-10-13 00:00:00-05	2024-10-13 00:00:00-05	SAVON SOLIDE 24 J	rien	2024-07-04	SAVON SOLIDE 24 J	2024-10-13	2024-07-04	2024-07-04	2024-07-03 00:00:00-05	32500.00	\N	cHxRxbjujoj133	t	f	f	f	f	1	3	\N	1	1	43	3	9	2	2	\N	\N	133	11
134	2024-10-13 00:00:00-05	2024-10-13 00:00:00-05	SAVON SOLIDE 24 B	rien	2024-07-04	SAVON SOLIDE 24 B	2024-10-13	2024-07-04	2024-07-04	2024-07-03 00:00:00-05	32500.00	\N	cHxRxbjujoj134	t	f	f	f	f	1	3	\N	1	1	43	3	9	2	2	\N	\N	134	11
135	2024-10-13 00:00:00-05	2024-10-13 00:00:00-05	SAVON SOLIDE 24 J	rien	2024-07-04	SAVON SOLIDE 24 J	2024-10-13	2024-07-04	2024-07-04	2024-07-03 00:00:00-05	5000.00	\N	cHxRxbjujoj135	t	f	f	f	f	1	3	\N	1	2	43	3	9	2	2	\N	\N	135	11
136	2024-10-13 00:00:00-05	2024-10-13 00:00:00-05	SAVON SOLIDE 24 B	rien	2024-07-04	SAVON SOLIDE 24 B	2024-10-13	2024-07-04	2024-07-04	2024-07-03 00:00:00-05	5000.00	\N	cHxRxbjujoj136	t	f	f	f	f	1	3	\N	1	2	43	3	9	2	2	\N	\N	136	11
137	2024-10-13 00:00:00-05	2024-10-13 00:00:00-05	SAVON LIQUIDE VAISELLE	rien	2024-07-05	SAVON LIQUIDE VAISELLE	2024-10-13	2024-07-05	2024-07-05	2024-07-04 00:00:00-05	33000.00	\N	cHxRxbjujoj137	t	f	f	f	f	1	3	\N	1	1	43	3	9	2	2	\N	\N	137	11
138	2024-10-13 00:00:00-05	2024-10-13 00:00:00-05	SAVON LIQUIDE VAISELLE - J	rien	2024-07-05	SAVON LIQUIDE VAISELLE - J	2024-10-13	2024-07-05	2024-07-05	2024-07-04 00:00:00-05	13200.00	\N	cHxRxbjujoj138	t	f	f	f	f	1	3	\N	1	2	43	3	9	2	2	\N	\N	138	11
139	2024-10-13 00:00:00-05	2024-10-13 00:00:00-05	SAVON SOLIDE 24 J	rien	2024-07-05	SAVON SOLIDE 24 J	2024-10-13	2024-07-05	2024-07-05	2024-07-04 00:00:00-05	30000.00	\N	cHxRxbjujoj139	t	f	f	f	f	1	3	\N	1	1	43	3	9	2	2	\N	\N	139	11
140	2024-10-13 00:00:00-05	2024-10-13 00:00:00-05	SAVON SOLIDE 24 B	rien	2024-07-05	SAVON SOLIDE 24 B	2024-10-13	2024-07-05	2024-07-05	2024-07-04 00:00:00-05	30000.00	\N	cHxRxbjujoj140	t	f	f	f	f	1	3	\N	1	1	43	3	9	2	2	\N	\N	140	11
141	2024-10-13 00:00:00-05	2024-10-13 00:00:00-05	SAVON SOLIDE 24 J	rien	2024-07-05	SAVON SOLIDE 24 J	2024-10-13	2024-07-05	2024-07-05	2024-07-04 00:00:00-05	7500.00	\N	cHxRxbjujoj141	t	f	f	f	f	1	3	\N	1	2	43	3	9	2	2	\N	\N	141	11
142	2024-10-13 00:00:00-05	2024-10-13 00:00:00-05	SAVON SOLIDE 24 B	rien	2024-07-05	SAVON SOLIDE 24 B	2024-10-13	2024-07-05	2024-07-05	2024-07-04 00:00:00-05	7500.00	\N	cHxRxbjujoj142	t	f	f	f	f	1	3	\N	1	2	43	3	9	2	2	\N	\N	142	11
144	2024-10-13 00:00:00-05	2024-10-13 00:00:00-05	SAVON LIQUIDE VAISELLE - J	rien	2024-07-08	SAVON LIQUIDE VAISELLE - J	2024-10-13	2024-07-08	2024-07-08	2024-07-07 00:00:00-05	26400.00	\N	cHxRxbjujoj144	t	f	f	f	f	1	3	\N	1	2	43	3	9	2	2	\N	\N	144	11
145	2024-10-13 00:00:00-05	2024-10-13 00:00:00-05	SAVON SOLIDE 24 J	rien	2024-07-08	SAVON SOLIDE 24 J	2024-10-13	2024-07-08	2024-07-08	2024-07-07 00:00:00-05	15000.00	\N	cHxRxbjujoj145	t	f	f	f	f	1	3	\N	1	1	43	3	9	2	2	\N	\N	145	11
146	2024-10-13 00:00:00-05	2024-10-13 00:00:00-05	SAVON SOLIDE 24 B	rien	2024-07-08	SAVON SOLIDE 24 B	2024-10-13	2024-07-08	2024-07-08	2024-07-07 00:00:00-05	15000.00	\N	cHxRxbjujoj146	t	f	f	f	f	1	3	\N	1	1	43	3	9	2	2	\N	\N	146	11
147	2024-10-13 00:00:00-05	2024-10-13 00:00:00-05	SAVON SOLIDE 24 J	rien	2024-07-08	SAVON SOLIDE 24 J	2024-10-13	2024-07-08	2024-07-08	2024-07-07 00:00:00-05	2500.00	\N	cHxRxbjujoj147	t	f	f	f	f	1	3	\N	1	2	43	3	9	2	2	\N	\N	147	11
148	2024-10-13 00:00:00-05	2024-10-13 00:00:00-05	SAVON SOLIDE 24 B	rien	2024-07-08	SAVON SOLIDE 24 B	2024-10-13	2024-07-08	2024-07-08	2024-07-07 00:00:00-05	2500.00	\N	cHxRxbjujoj148	t	f	f	f	f	1	3	\N	1	2	43	3	9	2	2	\N	\N	148	11
149	2024-10-13 00:00:00-05	2024-10-13 00:00:00-05	SAVON LIQUIDE VAISELLE - J	rien	2024-07-09	SAVON LIQUIDE VAISELLE - J	2024-10-13	2024-07-09	2024-07-09	2024-07-08 00:00:00-05	6600.00	\N	cHxRxbjujoj149	t	f	f	f	f	1	3	\N	1	2	43	3	9	2	2	\N	\N	149	11
150	2024-10-13 00:00:00-05	2024-10-13 00:00:00-05	SAVON SOLIDE 24 J	rien	2024-07-09	SAVON SOLIDE 24 J	2024-10-13	2024-07-09	2024-07-09	2024-07-08 00:00:00-05	15000.00	\N	cHxRxbjujoj150	t	f	f	f	f	1	3	\N	1	2	43	3	9	2	2	\N	\N	150	11
151	2024-10-13 00:00:00-05	2024-10-13 00:00:00-05	SAVON SOLIDE 24 B	rien	2024-07-09	SAVON SOLIDE 24 B	2024-10-13	2024-07-09	2024-07-09	2024-07-08 00:00:00-05	15000.00	\N	cHxRxbjujoj151	t	f	f	f	f	1	3	\N	1	2	43	3	9	2	2	\N	\N	151	11
152	2024-10-13 00:00:00-05	2024-10-13 00:00:00-05	SAVON SOLIDE 24 J	rien	2024-07-09	SAVON SOLIDE 24 J	2024-10-13	2024-07-09	2024-07-09	2024-07-08 00:00:00-05	47500.00	\N	cHxRxbjujoj152	t	f	f	f	f	1	3	\N	1	1	43	3	9	2	2	\N	\N	152	11
153	2024-10-13 00:00:00-05	2024-10-13 00:00:00-05	SAVON SOLIDE 24 B	rien	2024-07-09	SAVON SOLIDE 24 B	2024-10-13	2024-07-09	2024-07-09	2024-07-08 00:00:00-05	47500.00	\N	cHxRxbjujoj153	t	f	f	f	f	1	3	\N	1	1	43	3	9	2	2	\N	\N	153	11
154	2024-10-13 00:00:00-05	2024-10-13 00:00:00-05	SAVON LIQUIDE VAISELLE	rien	2024-07-10	SAVON LIQUIDE VAISELLE	2024-10-13	2024-07-10	2024-07-10	2024-07-09 00:00:00-05	66000.00	\N	cHxRxbjujoj154	t	f	f	f	f	1	3	\N	1	1	43	3	9	2	2	\N	\N	154	11
155	2024-10-13 00:00:00-05	2024-10-13 00:00:00-05	SAVON LIQUIDE VAISELLE - J	rien	2024-07-10	SAVON LIQUIDE VAISELLE - J	2024-10-13	2024-07-10	2024-07-10	2024-07-09 00:00:00-05	33000.00	\N	cHxRxbjujoj155	t	f	f	f	f	1	3	\N	1	2	43	3	9	2	2	\N	\N	155	11
156	2024-10-13 00:00:00-05	2024-10-13 00:00:00-05	SAVON SOLIDE 24 J	rien	2024-07-10	SAVON SOLIDE 24 J	2024-10-13	2024-07-10	2024-07-10	2024-07-09 00:00:00-05	10000.00	\N	cHxRxbjujoj156	t	f	f	f	f	1	3	\N	1	1	43	3	9	2	2	\N	\N	156	11
121	2024-10-13 00:00:00-05	2024-10-13 00:00:00-05	SAVON SOLIDE 24 J	rien	2024-07-02	SAVON SOLIDE 24 J	2024-10-13	2024-07-02	2024-07-02	2024-07-01 00:00:00-05	37500.00	\N	cHxRxbjujoj121	t	f	f	f	f	1	3	\N	1	1	43	3	9	2	2	\N	\N	121	11
122	2024-10-13 00:00:00-05	2024-10-13 00:00:00-05	SAVON SOLIDE 24 B	rien	2024-07-02	SAVON SOLIDE 24 B	2024-10-13	2024-07-02	2024-07-02	2024-07-01 00:00:00-05	37500.00	\N	cHxRxbjujoj122	t	f	f	f	f	1	3	\N	1	1	43	3	9	2	2	\N	\N	122	11
123	2024-10-13 00:00:00-05	2024-10-13 00:00:00-05	SAVON SOLIDE 24 J	rien	2024-07-02	SAVON SOLIDE 24 J	2024-10-13	2024-07-02	2024-07-02	2024-07-01 00:00:00-05	7500.00	\N	cHxRxbjujoj123	t	f	f	f	f	1	3	\N	1	2	43	3	9	2	2	\N	\N	123	11
162	2024-10-13 00:00:00-05	2024-10-13 00:00:00-05	SAVON SOLIDE 24 J	rien	2024-07-11	SAVON SOLIDE 24 J	2024-10-13	2024-07-11	2024-07-11	2024-07-10 00:00:00-05	11875.00	\N	cHxRxbjujoj162	t	f	f	f	f	1	3	\N	1	2	43	3	9	2	2	\N	\N	162	11
163	2024-10-13 00:00:00-05	2024-10-13 00:00:00-05	SAVON SOLIDE 24 J	rien	2024-07-11	SAVON SOLIDE 24 J	2024-10-13	2024-07-11	2024-07-11	2024-07-10 00:00:00-05	5000.00	\N	cHxRxbjujoj163	t	f	f	f	f	1	3	\N	1	2	43	3	9	2	2	\N	\N	163	11
164	2024-10-13 00:00:00-05	2024-10-13 00:00:00-05	SAVON SOLIDE 24 B	rien	2024-07-11	SAVON SOLIDE 24 B	2024-10-13	2024-07-11	2024-07-11	2024-07-10 00:00:00-05	11875.00	\N	cHxRxbjujoj164	t	f	f	f	f	1	3	\N	1	2	43	3	9	2	2	\N	\N	164	11
165	2024-10-13 00:00:00-05	2024-10-13 00:00:00-05	SAVON SOLIDE 24 B	rien	2024-07-11	SAVON SOLIDE 24 B	2024-10-13	2024-07-11	2024-07-11	2024-07-10 00:00:00-05	5000.00	\N	cHxRxbjujoj165	t	f	f	f	f	1	3	\N	1	2	43	3	9	2	2	\N	\N	165	11
166	2024-10-13 00:00:00-05	2024-10-13 00:00:00-05	SAVON LIQUIDE VAISELLE - J	rien	2024-07-12	SAVON LIQUIDE VAISELLE - J	2024-10-13	2024-07-12	2024-07-12	2024-07-11 00:00:00-05	13200.00	\N	cHxRxbjujoj166	t	f	f	f	f	1	3	\N	1	2	43	3	9	2	2	\N	\N	166	11
167	2024-10-13 00:00:00-05	2024-10-13 00:00:00-05	SAVON SOLIDE 24 J	rien	2024-07-12	SAVON SOLIDE 24 J	2024-10-13	2024-07-12	2024-07-12	2024-07-11 00:00:00-05	20000.00	\N	cHxRxbjujoj167	t	f	f	f	f	1	3	\N	1	1	43	3	9	2	2	\N	\N	167	11
168	2024-10-13 00:00:00-05	2024-10-13 00:00:00-05	SAVON SOLIDE 24 B	rien	2024-07-12	SAVON SOLIDE 24 B	2024-10-13	2024-07-12	2024-07-12	2024-07-11 00:00:00-05	20000.00	\N	cHxRxbjujoj168	t	f	f	f	f	1	3	\N	1	1	43	3	9	2	2	\N	\N	168	11
169	2024-10-13 00:00:00-05	2024-10-13 00:00:00-05	SAVON SOLIDE 24 J	rien	2024-07-12	SAVON SOLIDE 24 J	2024-10-13	2024-07-12	2024-07-12	2024-07-11 00:00:00-05	2500.00	\N	cHxRxbjujoj169	t	f	f	f	f	1	3	\N	1	2	43	3	9	2	2	\N	\N	169	11
170	2024-10-13 00:00:00-05	2024-10-13 00:00:00-05	SAVON SOLIDE 24 B	rien	2024-07-12	SAVON SOLIDE 24 B	2024-10-13	2024-07-12	2024-07-12	2024-07-11 00:00:00-05	2500.00	\N	cHxRxbjujoj170	t	f	f	f	f	1	3	\N	1	2	43	3	9	2	2	\N	\N	170	11
171	2024-10-13 00:00:00-05	2024-10-13 00:00:00-05	SAVON LIQUIDE VAISELLE	rien	2024-07-13	SAVON LIQUIDE VAISELLE	2024-10-13	2024-07-13	2024-07-13	2024-07-12 00:00:00-05	6600.00	\N	cHxRxbjujoj171	t	f	f	f	f	1	3	\N	1	2	43	3	9	2	2	\N	\N	171	11
172	2024-10-13 00:00:00-05	2024-10-13 00:00:00-05	SAVON LIQUIDE VAISELLE - J	rien	2024-07-15	SAVON LIQUIDE VAISELLE - J	2024-10-13	2024-07-15	2024-07-15	2024-07-14 00:00:00-05	6600.00	\N	cHxRxbjujoj172	t	f	f	f	f	1	3	\N	1	2	43	3	9	2	2	\N	\N	172	11
173	2024-10-13 00:00:00-05	2024-10-13 00:00:00-05	SAVON LIQUIDE VAISELLE - V	rien	2024-07-15	SAVON LIQUIDE VAISELLE - V	2024-10-13	2024-07-15	2024-07-15	2024-07-14 00:00:00-05	6600.00	\N	cHxRxbjujoj173	t	f	f	f	f	1	3	\N	1	2	43	3	9	2	2	\N	\N	173	11
174	2024-10-13 00:00:00-05	2024-10-13 00:00:00-05	SAVON SOLIDE 24 J	rien	2024-07-15	SAVON SOLIDE 24 J	2024-10-13	2024-07-15	2024-07-15	2024-07-14 00:00:00-05	20000.00	\N	cHxRxbjujoj174	t	f	f	f	f	1	3	\N	1	1	43	3	9	2	2	\N	\N	174	11
175	2024-10-13 00:00:00-05	2024-10-13 00:00:00-05	SAVON SOLIDE 24 B	rien	2024-07-15	SAVON SOLIDE 24 B	2024-10-13	2024-07-15	2024-07-15	2024-07-14 00:00:00-05	20000.00	\N	cHxRxbjujoj175	t	f	f	f	f	1	3	\N	1	1	43	3	9	2	2	\N	\N	175	11
176	2024-10-13 00:00:00-05	2024-10-13 00:00:00-05	SAVON SOLIDE 24 J	rien	2024-07-15	SAVON SOLIDE 24 J	2024-10-13	2024-07-15	2024-07-15	2024-07-14 00:00:00-05	20000.00	\N	cHxRxbjujoj176	t	f	f	f	f	1	3	\N	1	2	43	3	9	2	2	\N	\N	176	11
177	2024-10-13 00:00:00-05	2024-10-13 00:00:00-05	SAVON SOLIDE 24 B	rien	2024-07-15	SAVON SOLIDE 24 B	2024-10-13	2024-07-15	2024-07-15	2024-07-14 00:00:00-05	20000.00	\N	cHxRxbjujoj177	t	f	f	f	f	1	3	\N	1	2	43	3	9	2	2	\N	\N	177	11
178	2024-10-13 00:00:00-05	2024-10-13 00:00:00-05	SAVON SOLIDE 24 J	rien	2024-07-16	SAVON SOLIDE 24 J	2024-10-13	2024-07-16	2024-07-16	2024-07-15 00:00:00-05	20000.00	\N	cHxRxbjujoj178	t	f	f	f	f	1	3	\N	1	1	43	3	9	2	2	\N	\N	178	11
179	2024-10-13 00:00:00-05	2024-10-13 00:00:00-05	SAVON SOLIDE 24 J	rien	2024-07-16	SAVON SOLIDE 24 J	2024-10-13	2024-07-16	2024-07-16	2024-07-15 00:00:00-05	33250.00	\N	cHxRxbjujoj179	t	f	f	f	f	1	3	\N	1	1	43	3	9	2	2	\N	\N	179	11
180	2024-10-13 00:00:00-05	2024-10-13 00:00:00-05	SAVON SOLIDE 24 B	rien	2024-07-16	SAVON SOLIDE 24 B	2024-10-13	2024-07-16	2024-07-16	2024-07-15 00:00:00-05	20000.00	\N	cHxRxbjujoj180	t	f	f	f	f	1	3	\N	1	1	43	3	9	2	2	\N	\N	180	11
181	2024-10-13 00:00:00-05	2024-10-13 00:00:00-05	SAVON SOLIDE 24 B	rien	2024-07-16	SAVON SOLIDE 24 B	2024-10-13	2024-07-16	2024-07-16	2024-07-15 00:00:00-05	33250.00	\N	cHxRxbjujoj181	t	f	f	f	f	1	3	\N	1	1	43	3	9	2	2	\N	\N	181	11
182	2024-10-13 00:00:00-05	2024-10-13 00:00:00-05	SAVON SOLIDE 24 J	rien	2024-07-16	SAVON SOLIDE 24 J	2024-10-13	2024-07-16	2024-07-16	2024-07-15 00:00:00-05	27500.00	\N	cHxRxbjujoj182	t	f	f	f	f	1	3	\N	1	2	43	3	9	2	2	\N	\N	182	11
184	2024-10-13 00:00:00-05	2024-10-13 00:00:00-05	SAVON LIQUIDE VAISELLE - J	rien	2024-07-17	SAVON LIQUIDE VAISELLE - J	2024-10-13	2024-07-17	2024-07-17	2024-07-16 00:00:00-05	9900.00	\N	cHxRxbjujoj184	t	f	f	f	f	1	3	\N	1	2	43	3	9	2	2	\N	\N	184	11
185	2024-10-13 00:00:00-05	2024-10-13 00:00:00-05	SAVON SOLIDE 24 J	rien	2024-07-17	SAVON SOLIDE 24 J	2024-10-13	2024-07-17	2024-07-17	2024-07-16 00:00:00-05	50000.00	\N	cHxRxbjujoj185	t	f	f	f	f	1	3	\N	1	1	43	3	9	2	2	\N	\N	185	11
186	2024-10-13 00:00:00-05	2024-10-13 00:00:00-05	SAVON SOLIDE 24 B	rien	2024-07-17	SAVON SOLIDE 24 B	2024-10-13	2024-07-17	2024-07-17	2024-07-16 00:00:00-05	50000.00	\N	cHxRxbjujoj186	t	f	f	f	f	1	3	\N	1	1	43	3	9	2	2	\N	\N	186	11
187	2024-10-13 00:00:00-05	2024-10-13 00:00:00-05	SAVON LIQUIDE VAISELLE - V	rien	2024-07-17	SAVON LIQUIDE VAISELLE - V	2024-10-13	2024-07-17	2024-07-17	2024-07-16 00:00:00-05	9900.00	\N	cHxRxbjujoj187	t	f	f	f	f	1	3	\N	1	2	43	3	9	2	2	\N	\N	187	11
188	2024-10-13 00:00:00-05	2024-10-13 00:00:00-05	SAVON SOLIDE 24 J	rien	2024-07-17	SAVON SOLIDE 24 J	2024-10-13	2024-07-17	2024-07-17	2024-07-16 00:00:00-05	12500.00	\N	cHxRxbjujoj188	t	f	f	f	f	1	3	\N	1	2	43	3	9	2	2	\N	\N	188	11
189	2024-10-13 00:00:00-05	2024-10-13 00:00:00-05	SAVON SOLIDE 24 B	rien	2024-07-17	SAVON SOLIDE 24 B	2024-10-13	2024-07-17	2024-07-17	2024-07-16 00:00:00-05	12500.00	\N	cHxRxbjujoj189	t	f	f	f	f	1	3	\N	1	2	43	3	9	2	2	\N	\N	189	11
190	2024-10-13 00:00:00-05	2024-10-13 00:00:00-05	SAVON SOLIDE 24 J	rien	2024-07-18	SAVON SOLIDE 24 J	2024-10-13	2024-07-18	2024-07-18	2024-07-17 00:00:00-05	7500.00	\N	cHxRxbjujoj190	t	f	f	f	f	1	3	\N	1	1	43	3	9	2	2	\N	\N	190	11
191	2024-10-13 00:00:00-05	2024-10-13 00:00:00-05	SAVON SOLIDE 24 B	rien	2024-07-18	SAVON SOLIDE 24 B	2024-10-13	2024-07-18	2024-07-18	2024-07-17 00:00:00-05	7500.00	\N	cHxRxbjujoj191	t	f	f	f	f	1	3	\N	1	1	43	3	9	2	2	\N	\N	191	11
192	2024-10-13 00:00:00-05	2024-10-13 00:00:00-05	SAVON LIQUIDE VAISELLE - J	rien	2024-07-18	SAVON LIQUIDE VAISELLE - J	2024-10-13	2024-07-18	2024-07-18	2024-07-17 00:00:00-05	19800.00	\N	cHxRxbjujoj192	t	f	f	f	f	1	3	\N	1	2	43	3	9	2	2	\N	\N	192	11
193	2024-10-13 00:00:00-05	2024-10-13 00:00:00-05	SAVON LIQUIDE VAISELLE - V	rien	2024-07-18	SAVON LIQUIDE VAISELLE - V	2024-10-13	2024-07-18	2024-07-18	2024-07-17 00:00:00-05	19800.00	\N	cHxRxbjujoj193	t	f	f	f	f	1	3	\N	1	2	43	3	9	2	2	\N	\N	193	11
158	2024-10-13 00:00:00-05	2024-10-13 00:00:00-05	SAVON LIQUIDE VAISELLE	rien	2024-07-11	SAVON LIQUIDE VAISELLE	2024-10-13	2024-07-11	2024-07-11	2024-07-10 00:00:00-05	0.00	\N	cHxRxbjujoj158	t	f	f	f	f	1	3	\N	1	1	43	3	9	2	2	\N	\N	158	11
159	2024-10-13 00:00:00-05	2024-10-13 00:00:00-05	SAVON LIQUIDE VAISELLE - J	rien	2024-07-11	SAVON LIQUIDE VAISELLE - J	2024-10-13	2024-07-11	2024-07-11	2024-07-10 00:00:00-05	6600.00	\N	cHxRxbjujoj159	t	f	f	f	f	1	3	\N	1	2	43	3	9	2	2	\N	\N	159	11
160	2024-10-13 00:00:00-05	2024-10-13 00:00:00-05	SAVON SOLIDE 24 J	rien	2024-07-11	SAVON SOLIDE 24 J	2024-10-13	2024-07-11	2024-07-11	2024-07-10 00:00:00-05	22500.00	\N	cHxRxbjujoj160	t	f	f	f	f	1	3	\N	1	1	43	3	9	2	2	\N	\N	160	11
199	2024-10-13 00:00:00-05	2024-10-13 00:00:00-05	SAVON SOLIDE 24 B	rien	2024-07-23	SAVON SOLIDE 24 B	2024-10-13	2024-07-23	2024-07-23	2024-07-22 00:00:00-05	7500.00	\N	cHxRxbjujoj199	t	f	f	f	f	1	3	\N	1	1	43	3	9	2	2	\N	\N	199	11
200	2024-10-13 00:00:00-05	2024-10-13 00:00:00-05	SAVON LIQUIDE VAISELLE - J	rien	2024-07-24	SAVON LIQUIDE VAISELLE - J	2024-10-13	2024-07-24	2024-07-24	2024-07-23 00:00:00-05	3300.00	\N	cHxRxbjujoj200	t	f	f	f	f	1	3	\N	1	2	43	3	9	2	2	\N	\N	200	11
201	2024-10-13 00:00:00-05	2024-10-13 00:00:00-05	SAVON LIQUIDE VAISELLE - V	rien	2024-07-24	SAVON LIQUIDE VAISELLE - V	2024-10-13	2024-07-24	2024-07-24	2024-07-23 00:00:00-05	3300.00	\N	cHxRxbjujoj201	t	f	f	f	f	1	3	\N	1	2	43	3	9	2	2	\N	\N	201	11
202	2024-10-13 00:00:00-05	2024-10-13 00:00:00-05	SAVON SOLIDE 24 J	rien	2024-07-24	SAVON SOLIDE 24 J	2024-10-13	2024-07-24	2024-07-24	2024-07-23 00:00:00-05	15000.00	\N	cHxRxbjujoj202	t	f	f	f	f	1	3	\N	1	2	43	3	9	2	2	\N	\N	202	11
203	2024-10-13 00:00:00-05	2024-10-13 00:00:00-05	SAVON SOLIDE 24 B	rien	2024-07-24	SAVON SOLIDE 24 B	2024-10-13	2024-07-24	2024-07-24	2024-07-23 00:00:00-05	15000.00	\N	cHxRxbjujoj203	t	f	f	f	f	1	3	\N	1	2	43	3	9	2	2	\N	\N	203	11
204	2024-10-13 00:00:00-05	2024-10-13 00:00:00-05	SAVON SOLIDE 24 J	rien	2024-07-25	SAVON SOLIDE 24 J	2024-10-13	2024-07-25	2024-07-25	2024-07-24 00:00:00-05	10000.00	\N	cHxRxbjujoj204	t	f	f	f	f	1	3	\N	1	2	43	3	9	2	2	\N	\N	204	11
205	2024-10-13 00:00:00-05	2024-10-13 00:00:00-05	SAVON SOLIDE 24 B	rien	2024-07-25	SAVON SOLIDE 24 B	2024-10-13	2024-07-25	2024-07-25	2024-07-24 00:00:00-05	10000.00	\N	cHxRxbjujoj205	t	f	f	f	f	1	3	\N	1	2	43	3	9	2	2	\N	\N	205	11
207	2024-10-13 00:00:00-05	2024-10-13 00:00:00-05	SAVON LIQUIDE VAISELLE - V	rien	2024-07-26	SAVON LIQUIDE VAISELLE - V	2024-10-13	2024-07-26	2024-07-26	2024-07-25 00:00:00-05	3300.00	\N	cHxRxbjujoj207	t	f	f	f	f	1	3	\N	1	2	43	3	9	2	2	\N	\N	207	11
208	2024-10-13 00:00:00-05	2024-10-13 00:00:00-05	SAVON SOLIDE 24 J	rien	2024-07-26	SAVON SOLIDE 24 J	2024-10-13	2024-07-26	2024-07-26	2024-07-25 00:00:00-05	12500.00	\N	cHxRxbjujoj208	t	f	f	f	f	1	3	\N	1	2	43	3	9	2	2	\N	\N	208	11
209	2024-10-13 00:00:00-05	2024-10-13 00:00:00-05	SAVON SOLIDE 24 B	rien	2024-07-26	SAVON SOLIDE 24 B	2024-10-13	2024-07-26	2024-07-26	2024-07-25 00:00:00-05	12500.00	\N	cHxRxbjujoj209	t	f	f	f	f	1	3	\N	1	2	43	3	9	2	2	\N	\N	209	11
210	2024-10-13 00:00:00-05	2024-10-13 00:00:00-05	SAVON SOLIDE 24 J	rien	2024-07-29	SAVON SOLIDE 24 J	2024-10-13	2024-07-29	2024-07-29	2024-07-28 00:00:00-05	22500.00	\N	cHxRxbjujoj210	t	f	f	f	f	1	3	\N	1	1	43	3	9	2	2	\N	\N	210	11
211	2024-10-13 00:00:00-05	2024-10-13 00:00:00-05	SAVON SOLIDE 24 B	rien	2024-07-29	SAVON SOLIDE 24 B	2024-10-13	2024-07-29	2024-07-29	2024-07-28 00:00:00-05	22500.00	\N	cHxRxbjujoj211	t	f	f	f	f	1	3	\N	1	1	43	3	9	2	2	\N	\N	211	11
212	2024-10-13 00:00:00-05	2024-10-13 00:00:00-05	SAVON LIQUIDE VAISELLE	rien	2024-07-29	SAVON LIQUIDE VAISELLE	2024-10-13	2024-07-29	2024-07-29	2024-07-28 00:00:00-05	66000.00	\N	cHxRxbjujoj212	t	f	f	f	f	1	3	\N	1	1	43	3	9	2	2	\N	\N	212	11
213	2024-10-13 00:00:00-05	2024-10-13 00:00:00-05	SAVON LIQUIDE VAISELLE - J	rien	2024-07-29	SAVON LIQUIDE VAISELLE - J	2024-10-13	2024-07-29	2024-07-29	2024-07-28 00:00:00-05	3300.00	\N	cHxRxbjujoj213	t	f	f	f	f	1	3	\N	1	2	43	3	9	2	2	\N	\N	213	11
214	2024-10-13 00:00:00-05	2024-10-13 00:00:00-05	SAVON LIQUIDE VAISELLE - V	rien	2024-07-29	SAVON LIQUIDE VAISELLE - V	2024-10-13	2024-07-29	2024-07-29	2024-07-28 00:00:00-05	3300.00	\N	cHxRxbjujoj214	t	f	f	f	f	1	3	\N	1	2	43	3	9	2	2	\N	\N	214	11
215	2024-10-13 00:00:00-05	2024-10-13 00:00:00-05	SAVON SOLIDE 24 J	rien	2024-07-29	SAVON SOLIDE 24 J	2024-10-13	2024-07-29	2024-07-29	2024-07-28 00:00:00-05	17500.00	\N	cHxRxbjujoj215	t	f	f	f	f	1	3	\N	1	2	43	3	9	2	2	\N	\N	215	11
216	2024-10-13 00:00:00-05	2024-10-13 00:00:00-05	SAVON SOLIDE 24 B	rien	2024-07-29	SAVON SOLIDE 24 B	2024-10-13	2024-07-29	2024-07-29	2024-07-28 00:00:00-05	17500.00	\N	cHxRxbjujoj216	t	f	f	f	f	1	3	\N	1	2	43	3	9	2	2	\N	\N	216	11
217	2024-10-13 00:00:00-05	2024-10-13 00:00:00-05	SAVON SOLIDE 24 J	rien	2024-07-30	SAVON SOLIDE 24 J	2024-10-13	2024-07-30	2024-07-30	2024-07-29 00:00:00-05	30000.00	\N	cHxRxbjujoj217	t	f	f	f	f	1	3	\N	1	1	43	3	9	2	2	\N	\N	217	11
218	2024-10-13 00:00:00-05	2024-10-13 00:00:00-05	SAVON SOLIDE 24 B	rien	2024-07-30	SAVON SOLIDE 24 B	2024-10-13	2024-07-30	2024-07-30	2024-07-29 00:00:00-05	30000.00	\N	cHxRxbjujoj218	t	f	f	f	f	1	3	\N	1	1	43	3	9	2	2	\N	\N	218	11
219	2024-10-13 00:00:00-05	2024-10-13 00:00:00-05	SAVON LIQUIDE VAISELLE - J	rien	2024-07-30	SAVON LIQUIDE VAISELLE - J	2024-10-13	2024-07-30	2024-07-30	2024-07-29 00:00:00-05	26400.00	\N	cHxRxbjujoj219	t	f	f	f	f	1	3	\N	1	2	43	3	9	2	2	\N	\N	219	11
220	2024-10-13 00:00:00-05	2024-10-13 00:00:00-05	SAVON LIQUIDE VAISELLE - V	rien	2024-07-30	SAVON LIQUIDE VAISELLE - V	2024-10-13	2024-07-30	2024-07-30	2024-07-29 00:00:00-05	26400.00	\N	cHxRxbjujoj220	t	f	f	f	f	1	3	\N	1	2	43	3	9	2	2	\N	\N	220	11
221	2024-10-13 00:00:00-05	2024-10-13 00:00:00-05	SAVON SOLIDE 24 J	rien	2024-07-30	SAVON SOLIDE 24 J	2024-10-13	2024-07-30	2024-07-30	2024-07-29 00:00:00-05	2500.00	\N	cHxRxbjujoj221	t	f	f	f	f	1	3	\N	1	2	43	3	9	2	2	\N	\N	221	11
222	2024-10-13 00:00:00-05	2024-10-13 00:00:00-05	SAVON SOLIDE 24 B	rien	2024-07-30	SAVON SOLIDE 24 B	2024-10-13	2024-07-30	2024-07-30	2024-07-29 00:00:00-05	2500.00	\N	cHxRxbjujoj222	t	f	f	f	f	1	3	\N	1	2	43	3	9	2	2	\N	\N	222	11
223	2024-10-13 00:00:00-05	2024-10-13 00:00:00-05	SAVON SOLIDE 24 J	rien	2024-07-31	SAVON SOLIDE 24 J	2024-10-13	2024-07-31	2024-07-31	2024-07-30 00:00:00-05	22500.00	\N	cHxRxbjujoj223	t	f	f	f	f	1	3	\N	1	1	43	3	9	2	2	\N	\N	223	11
224	2024-10-13 00:00:00-05	2024-10-13 00:00:00-05	SAVON SOLIDE 24 B	rien	2024-07-31	SAVON SOLIDE 24 B	2024-10-13	2024-07-31	2024-07-31	2024-07-30 00:00:00-05	22500.00	\N	cHxRxbjujoj224	t	f	f	f	f	1	3	\N	1	1	43	3	9	2	2	\N	\N	224	11
225	2024-10-13 00:00:00-05	2024-10-13 00:00:00-05	SAVON LIQUIDE VAISELLE - J	rien	2024-07-31	SAVON LIQUIDE VAISELLE - J	2024-10-13	2024-07-31	2024-07-31	2024-07-30 00:00:00-05	3300.00	\N	cHxRxbjujoj225	t	f	f	f	f	1	3	\N	1	2	43	3	9	2	2	\N	\N	225	11
226	2024-10-13 00:00:00-05	2024-10-13 00:00:00-05	SAVON LIQUIDE VAISELLE - V	rien	2024-07-31	SAVON LIQUIDE VAISELLE - V	2024-10-13	2024-07-31	2024-07-31	2024-07-30 00:00:00-05	3300.00	\N	cHxRxbjujoj226	t	f	f	f	f	1	3	\N	1	2	43	3	9	2	2	\N	\N	226	11
227	2024-10-13 00:00:00-05	2024-10-13 00:00:00-05	SAVON SOLIDE 24 J	rien	2024-07-31	SAVON SOLIDE 24 J	2024-10-13	2024-07-31	2024-07-31	2024-07-30 00:00:00-05	12500.00	\N	cHxRxbjujoj227	t	f	f	f	f	1	3	\N	1	2	43	3	9	2	2	\N	\N	227	11
228	2024-10-13 00:00:00-05	2024-10-13 00:00:00-05	SAVON SOLIDE 24 B	rien	2024-07-31	SAVON SOLIDE 24 B	2024-10-13	2024-07-31	2024-07-31	2024-07-30 00:00:00-05	12500.00	\N	cHxRxbjujoj228	t	f	f	f	f	1	3	\N	1	2	43	3	9	2	2	\N	\N	228	11
229	2024-10-13 00:00:00-05	2024-10-13 00:00:00-05	SAVON SOLIDE 24 J	rien	2024-08-01	SAVON SOLIDE 24 J	2024-10-13	2024-08-01	2024-08-01	2024-07-31 00:00:00-05	40000.00	\N	cHxRxbjujoj229	t	f	f	f	f	1	3	\N	1	1	43	3	9	2	2	\N	\N	229	11
230	2024-10-13 00:00:00-05	2024-10-13 00:00:00-05	SAVON SOLIDE 24 J	rien	2024-08-01	SAVON SOLIDE 24 J	2024-10-13	2024-08-01	2024-08-01	2024-07-31 00:00:00-05	10000.00	\N	cHxRxbjujoj230	t	f	f	f	f	1	3	\N	1	2	43	3	9	2	2	\N	\N	230	11
195	2024-10-13 00:00:00-05	2024-10-13 00:00:00-05	SAVON SOLIDE 24 B	rien	2024-07-18	SAVON SOLIDE 24 B	2024-10-13	2024-07-18	2024-07-18	2024-07-17 00:00:00-05	2500.00	\N	cHxRxbjujoj195	t	f	f	f	f	1	3	\N	1	2	43	3	9	2	2	\N	\N	195	11
196	2024-10-13 00:00:00-05	2024-10-13 00:00:00-05	SAVON SOLIDE 24 J	rien	2024-07-22	SAVON SOLIDE 24 J	2024-10-13	2024-07-22	2024-07-22	2024-07-21 00:00:00-05	7500.00	\N	cHxRxbjujoj196	t	f	f	f	f	1	3	\N	1	2	43	3	9	2	2	\N	\N	196	11
197	2024-10-13 00:00:00-05	2024-10-13 00:00:00-05	SAVON SOLIDE 24 B	rien	2024-07-22	SAVON SOLIDE 24 B	2024-10-13	2024-07-22	2024-07-22	2024-07-21 00:00:00-05	7500.00	\N	cHxRxbjujoj197	t	f	f	f	f	1	3	\N	1	2	43	3	9	2	2	\N	\N	197	11
237	2024-10-13 00:00:00-05	2024-10-13 00:00:00-05	SAVON SOLIDE 24 J	rien	2024-08-05	SAVON SOLIDE 24 J	2024-10-13	2024-08-05	2024-08-05	2024-08-04 00:00:00-05	15000.00	\N	cHxRxbjujoj237	t	f	f	f	f	1	3	\N	1	2	43	3	9	2	2	\N	\N	237	11
238	2024-10-13 00:00:00-05	2024-10-13 00:00:00-05	SAVON SOLIDE 24 J	rien	2024-08-06	SAVON SOLIDE 24 J	2024-10-13	2024-08-06	2024-08-06	2024-08-05 00:00:00-05	0.00	\N	cHxRxbjujoj238	t	f	f	f	f	1	3	\N	1	2	43	3	9	2	2	\N	\N	238	11
239	2024-10-13 00:00:00-05	2024-10-13 00:00:00-05	SAVON SOLIDE 24 J	rien	2024-08-08	SAVON SOLIDE 24 J	2024-10-13	2024-08-08	2024-08-08	2024-08-07 00:00:00-05	35000.00	\N	cHxRxbjujoj239	t	f	f	f	f	1	3	\N	1	1	43	3	9	2	2	\N	\N	239	11
240	2024-10-13 00:00:00-05	2024-10-13 00:00:00-05	SAVON LIQUIDE VAISELLE	rien	2024-08-08	SAVON LIQUIDE VAISELLE	2024-10-13	2024-08-08	2024-08-08	2024-08-07 00:00:00-05	66000.00	\N	cHxRxbjujoj240	t	f	f	f	f	1	3	\N	1	1	43	3	9	2	2	\N	\N	240	11
241	2024-10-13 00:00:00-05	2024-10-13 00:00:00-05	SAVON SOLIDE 24 J	rien	2024-08-09	SAVON SOLIDE 24 J	2024-10-13	2024-08-09	2024-08-09	2024-08-08 00:00:00-05	40000.00	\N	cHxRxbjujoj241	t	f	f	f	f	1	3	\N	1	1	43	3	9	2	2	\N	\N	241	11
242	2024-10-13 00:00:00-05	2024-10-13 00:00:00-05	SAVON SOLIDE 24 J	rien	2024-08-09	SAVON SOLIDE 24 J	2024-10-13	2024-08-09	2024-08-09	2024-08-08 00:00:00-05	25000.00	\N	cHxRxbjujoj242	t	f	f	f	f	1	3	\N	1	2	43	3	9	2	2	\N	\N	242	11
243	2024-10-13 00:00:00-05	2024-10-13 00:00:00-05	SAVON LIQUIDE VAISELLE	rien	2024-08-09	SAVON LIQUIDE VAISELLE	2024-10-13	2024-08-09	2024-08-09	2024-08-08 00:00:00-05	19800.00	\N	cHxRxbjujoj243	t	f	f	f	f	1	3	\N	1	2	43	3	9	2	2	\N	\N	243	11
244	2024-10-13 00:00:00-05	2024-10-13 00:00:00-05	SAVON SOLIDE 24 J	rien	2024-08-12	SAVON SOLIDE 24 J	2024-10-13	2024-08-12	2024-08-12	2024-08-11 00:00:00-05	50000.00	\N	cHxRxbjujoj244	t	f	f	f	f	1	3	\N	1	1	43	3	9	2	2	\N	\N	244	11
245	2024-10-13 00:00:00-05	2024-10-13 00:00:00-05	SAVON SOLIDE 24 J	rien	2024-08-12	SAVON SOLIDE 24 J	2024-10-13	2024-08-12	2024-08-12	2024-08-11 00:00:00-05	20000.00	\N	cHxRxbjujoj245	t	f	f	f	f	1	3	\N	1	2	43	3	9	2	2	\N	\N	245	11
246	2024-10-13 00:00:00-05	2024-10-13 00:00:00-05	SAVON LIQUIDE VAISELLE	rien	2024-08-12	SAVON LIQUIDE VAISELLE	2024-10-13	2024-08-12	2024-08-12	2024-08-11 00:00:00-05	66000.00	\N	cHxRxbjujoj246	t	f	f	f	f	1	3	\N	1	1	43	3	9	2	2	\N	\N	246	11
247	2024-10-13 00:00:00-05	2024-10-13 00:00:00-05	SAVON SOLIDE 24 J	rien	2024-08-13	SAVON SOLIDE 24 J	2024-10-13	2024-08-13	2024-08-13	2024-08-12 00:00:00-05	30000.00	\N	cHxRxbjujoj247	t	f	f	f	f	1	3	\N	1	1	43	3	9	2	2	\N	\N	247	11
248	2024-10-13 00:00:00-05	2024-10-13 00:00:00-05	SAVON SOLIDE 24 J	rien	2024-08-13	SAVON SOLIDE 24 J	2024-10-13	2024-08-13	2024-08-13	2024-08-12 00:00:00-05	35000.00	\N	cHxRxbjujoj248	t	f	f	f	f	1	3	\N	1	2	43	3	9	2	2	\N	\N	248	11
249	2024-10-13 00:00:00-05	2024-10-13 00:00:00-05	SAVON LIQUIDE VAISELLE	rien	2024-08-13	SAVON LIQUIDE VAISELLE	2024-10-13	2024-08-13	2024-08-13	2024-08-12 00:00:00-05	39600.00	\N	cHxRxbjujoj249	t	f	f	f	f	1	3	\N	1	1	43	3	9	2	2	\N	\N	249	11
250	2024-10-13 00:00:00-05	2024-10-13 00:00:00-05	SAVON SOLIDE 24 J	rien	2024-08-14	SAVON SOLIDE 24 J	2024-10-13	2024-08-14	2024-08-14	2024-08-13 00:00:00-05	15000.00	\N	cHxRxbjujoj250	t	f	f	f	f	1	3	\N	1	1	43	3	9	2	2	\N	\N	250	11
251	2024-10-13 00:00:00-05	2024-10-13 00:00:00-05	SAVON SOLIDE 24 J	rien	2024-08-14	SAVON SOLIDE 24 J	2024-10-13	2024-08-14	2024-08-14	2024-08-13 00:00:00-05	15000.00	\N	cHxRxbjujoj251	t	f	f	f	f	1	3	\N	1	2	43	3	9	2	2	\N	\N	251	11
252	2024-10-13 00:00:00-05	2024-10-13 00:00:00-05	SAVON LIQUIDE VAISELLE	rien	2024-08-14	SAVON LIQUIDE VAISELLE	2024-10-13	2024-08-14	2024-08-14	2024-08-13 00:00:00-05	19800.00	\N	cHxRxbjujoj252	t	f	f	f	f	1	3	\N	1	2	43	3	9	2	2	\N	\N	252	11
253	2024-10-13 00:00:00-05	2024-10-13 00:00:00-05	SAVON SOLIDE 24 J	rien	2024-08-16	SAVON SOLIDE 24 J	2024-10-13	2024-08-16	2024-08-16	2024-08-15 00:00:00-05	20000.00	\N	cHxRxbjujoj253	t	f	f	f	f	1	3	\N	1	1	43	3	9	2	2	\N	\N	253	11
254	2024-10-13 00:00:00-05	2024-10-13 00:00:00-05	SAVON SOLIDE 24 J	rien	2024-08-16	SAVON SOLIDE 24 J	2024-10-13	2024-08-16	2024-08-16	2024-08-15 00:00:00-05	10000.00	\N	cHxRxbjujoj254	t	f	f	f	f	1	3	\N	1	2	43	3	9	2	2	\N	\N	254	11
255	2024-10-13 00:00:00-05	2024-10-13 00:00:00-05	SAVON LIQUIDE VAISELLE	rien	2024-08-16	SAVON LIQUIDE VAISELLE	2024-10-13	2024-08-16	2024-08-16	2024-08-15 00:00:00-05	6600.00	\N	cHxRxbjujoj255	t	f	f	f	f	1	3	\N	1	2	43	3	9	2	2	\N	\N	255	11
256	2024-10-13 00:00:00-05	2024-10-13 00:00:00-05	SAVON SOLIDE 24 J	rien	2024-08-19	SAVON SOLIDE 24 J	2024-10-13	2024-08-19	2024-08-19	2024-08-18 00:00:00-05	15000.00	\N	cHxRxbjujoj256	t	f	f	f	f	1	3	\N	1	2	43	3	9	2	2	\N	\N	256	11
257	2024-10-13 00:00:00-05	2024-10-13 00:00:00-05	SAVON LIQUIDE VAISELLE	rien	2024-08-19	SAVON LIQUIDE VAISELLE	2024-10-13	2024-08-19	2024-08-19	2024-08-18 00:00:00-05	13200.00	\N	cHxRxbjujoj257	t	f	f	f	f	1	3	\N	1	2	43	3	9	2	2	\N	\N	257	11
258	2024-10-13 00:00:00-05	2024-10-13 00:00:00-05	SAVON SOLIDE 24 J	rien	2024-08-20	SAVON SOLIDE 24 J	2024-10-13	2024-08-20	2024-08-20	2024-08-19 00:00:00-05	10000.00	\N	cHxRxbjujoj258	t	f	f	f	f	1	3	\N	1	2	43	3	9	2	2	\N	\N	258	11
259	2024-10-13 00:00:00-05	2024-10-13 00:00:00-05	SAVON LIQUIDE VAISELLE	rien	2024-08-20	SAVON LIQUIDE VAISELLE	2024-10-13	2024-08-20	2024-08-20	2024-08-19 00:00:00-05	6600.00	\N	cHxRxbjujoj259	t	f	f	f	f	1	3	\N	1	2	43	3	9	2	2	\N	\N	259	11
260	2024-10-13 00:00:00-05	2024-10-13 00:00:00-05	SAVON SOLIDE 24 J	rien	2024-08-21	SAVON SOLIDE 24 J	2024-10-13	2024-08-21	2024-08-21	2024-08-20 00:00:00-05	25000.00	\N	cHxRxbjujoj260	t	f	f	f	f	1	3	\N	1	1	43	3	9	2	2	\N	\N	260	11
261	2024-10-13 00:00:00-05	2024-10-13 00:00:00-05	SAVON SOLIDE 24 J	rien	2024-08-21	SAVON SOLIDE 24 J	2024-10-13	2024-08-21	2024-08-21	2024-08-20 00:00:00-05	45000.00	\N	cHxRxbjujoj261	t	f	f	f	f	1	3	\N	1	2	43	3	9	2	2	\N	\N	261	11
263	2024-10-13 00:00:00-05	2024-10-13 00:00:00-05	SAVON SOLIDE 24 J	rien	2024-08-22	SAVON SOLIDE 24 J	2024-10-13	2024-08-22	2024-08-22	2024-08-21 00:00:00-05	20000.00	\N	cHxRxbjujoj263	t	f	f	f	f	1	3	\N	1	1	43	3	9	2	2	\N	\N	263	11
264	2024-10-13 00:00:00-05	2024-10-13 00:00:00-05	SAVON SOLIDE 24 J	rien	2024-08-22	SAVON SOLIDE 24 J	2024-10-13	2024-08-22	2024-08-22	2024-08-21 00:00:00-05	30000.00	\N	cHxRxbjujoj264	t	f	f	f	f	1	3	\N	1	2	43	3	9	2	2	\N	\N	264	11
265	2024-10-13 00:00:00-05	2024-10-13 00:00:00-05	SAVON LIQUIDE VAISELLE	rien	2024-08-22	SAVON LIQUIDE VAISELLE	2024-10-13	2024-08-22	2024-08-22	2024-08-21 00:00:00-05	6600.00	\N	cHxRxbjujoj265	t	f	f	f	f	1	3	\N	1	1	43	3	9	2	2	\N	\N	265	11
266	2024-10-13 00:00:00-05	2024-10-13 00:00:00-05	SAVON LIQUIDE VAISELLE	rien	2024-08-22	SAVON LIQUIDE VAISELLE	2024-10-13	2024-08-22	2024-08-22	2024-08-21 00:00:00-05	6600.00	\N	cHxRxbjujoj266	t	f	f	f	f	1	3	\N	1	2	43	3	9	2	2	\N	\N	266	11
267	2024-10-13 00:00:00-05	2024-10-13 00:00:00-05	SAVON SOLIDE 24 J	rien	2024-08-23	SAVON SOLIDE 24 J	2024-10-13	2024-08-23	2024-08-23	2024-08-22 00:00:00-05	25000.00	\N	cHxRxbjujoj267	t	f	f	f	f	1	3	\N	1	1	43	3	9	2	2	\N	\N	267	11
232	2024-10-13 00:00:00-05	2024-10-13 00:00:00-05	SAVON SOLIDE 24 J	rien	2024-08-02	SAVON SOLIDE 24 J	2024-10-13	2024-08-02	2024-08-02	2024-08-01 00:00:00-05	15000.00	\N	cHxRxbjujoj232	t	f	f	f	f	1	3	\N	1	1	43	3	9	2	2	\N	\N	232	11
233	2024-10-13 00:00:00-05	2024-10-13 00:00:00-05	SAVON SOLIDE 24 J	rien	2024-08-02	SAVON SOLIDE 24 J	2024-10-13	2024-08-02	2024-08-02	2024-08-01 00:00:00-05	5000.00	\N	cHxRxbjujoj233	t	f	f	f	f	1	3	\N	1	2	43	3	9	2	2	\N	\N	233	11
234	2024-10-13 00:00:00-05	2024-10-13 00:00:00-05	SAVON LIQUIDE VAISELLE	rien	2024-08-02	SAVON LIQUIDE VAISELLE	2024-10-13	2024-08-02	2024-08-02	2024-08-01 00:00:00-05	6600.00	\N	cHxRxbjujoj234	t	f	f	f	f	1	3	\N	1	2	43	3	9	2	2	\N	\N	234	11
273	2024-10-13 00:00:00-05	2024-10-13 00:00:00-05	SAVON LIQUIDE VAISELLE	rien	2024-08-26	SAVON LIQUIDE VAISELLE	2024-10-13	2024-08-26	2024-08-26	2024-08-25 00:00:00-05	6600.00	\N	cHxRxbjujoj273	t	f	f	f	f	1	3	\N	1	2	43	3	9	2	2	\N	\N	273	11
274	2024-10-13 00:00:00-05	2024-10-13 00:00:00-05	SAVON SOLIDE 24 J	rien	2024-08-27	SAVON SOLIDE 24 J	2024-10-13	2024-08-27	2024-08-27	2024-08-26 00:00:00-05	45000.00	\N	cHxRxbjujoj274	t	f	f	f	f	1	3	\N	1	1	43	3	9	2	2	\N	\N	274	11
275	2024-10-13 00:00:00-05	2024-10-13 00:00:00-05	SAVON SOLIDE 24 J	rien	2024-08-27	SAVON SOLIDE 24 J	2024-10-13	2024-08-27	2024-08-27	2024-08-26 00:00:00-05	30000.00	\N	cHxRxbjujoj275	t	f	f	f	f	1	3	\N	1	2	43	3	9	2	2	\N	\N	275	11
276	2024-10-13 00:00:00-05	2024-10-13 00:00:00-05	SAVON LIQUIDE VAISELLE	rien	2024-08-27	SAVON LIQUIDE VAISELLE	2024-10-13	2024-08-27	2024-08-27	2024-08-26 00:00:00-05	19800.00	\N	cHxRxbjujoj276	t	f	f	f	f	1	3	\N	1	1	43	3	9	2	2	\N	\N	276	11
277	2024-10-13 00:00:00-05	2024-10-13 00:00:00-05	SAVON LIQUIDE VAISELLE	rien	2024-08-27	SAVON LIQUIDE VAISELLE	2024-10-13	2024-08-27	2024-08-27	2024-08-26 00:00:00-05	13200.00	\N	cHxRxbjujoj277	t	f	f	f	f	1	3	\N	1	2	43	3	9	2	2	\N	\N	277	11
278	2024-10-13 00:00:00-05	2024-10-13 00:00:00-05	SAVON SOLIDE 24 J	rien	2024-08-28	SAVON SOLIDE 24 J	2024-10-13	2024-08-28	2024-08-28	2024-08-27 00:00:00-05	10000.00	\N	cHxRxbjujoj278	t	f	f	f	f	1	3	\N	1	1	43	3	9	2	2	\N	\N	278	11
279	2024-10-13 00:00:00-05	2024-10-13 00:00:00-05	SAVON SOLIDE 24 J	rien	2024-08-28	SAVON SOLIDE 24 J	2024-10-13	2024-08-28	2024-08-28	2024-08-27 00:00:00-05	15000.00	\N	cHxRxbjujoj279	t	f	f	f	f	1	3	\N	1	2	43	3	9	2	2	\N	\N	279	11
280	2024-10-13 00:00:00-05	2024-10-13 00:00:00-05	SAVON LIQUIDE VAISELLE	rien	2024-08-28	SAVON LIQUIDE VAISELLE	2024-10-13	2024-08-28	2024-08-28	2024-08-27 00:00:00-05	26400.00	\N	cHxRxbjujoj280	t	f	f	f	f	1	3	\N	1	2	43	3	9	2	2	\N	\N	280	11
281	2024-10-13 00:00:00-05	2024-10-13 00:00:00-05	SAVON SOLIDE 24 J	rien	2024-08-29	SAVON SOLIDE 24 J	2024-10-13	2024-08-29	2024-08-29	2024-08-28 00:00:00-05	20000.00	\N	cHxRxbjujoj281	t	f	f	f	f	1	3	\N	1	1	43	3	9	2	2	\N	\N	281	11
282	2024-10-13 00:00:00-05	2024-10-13 00:00:00-05	SAVON SOLIDE 24 J	rien	2024-08-29	SAVON SOLIDE 24 J	2024-10-13	2024-08-29	2024-08-29	2024-08-28 00:00:00-05	10000.00	\N	cHxRxbjujoj282	t	f	f	f	f	1	3	\N	1	2	43	3	9	2	2	\N	\N	282	11
284	2024-10-13 00:00:00-05	2024-10-13 00:00:00-05	SAVON LIQUIDE VAISELLE	rien	2024-08-29	SAVON LIQUIDE VAISELLE	2024-10-13	2024-08-29	2024-08-29	2024-08-28 00:00:00-05	13200.00	\N	cHxRxbjujoj284	t	f	f	f	f	1	3	\N	1	2	43	3	9	2	2	\N	\N	284	11
285	2024-10-13 00:00:00-05	2024-10-13 00:00:00-05	SAVON SOLIDE 24 J	rien	2024-08-30	SAVON SOLIDE 24 J	2024-10-13	2024-08-30	2024-08-30	2024-08-29 00:00:00-05	30000.00	\N	cHxRxbjujoj285	t	f	f	f	f	1	3	\N	1	1	43	3	9	2	2	\N	\N	285	11
286	2024-10-13 00:00:00-05	2024-10-13 00:00:00-05	SAVON LIQUIDE VAISELLE	rien	2024-08-30	SAVON LIQUIDE VAISELLE	2024-10-13	2024-08-30	2024-08-30	2024-08-29 00:00:00-05	33000.00	\N	cHxRxbjujoj286	t	f	f	f	f	1	3	\N	1	1	43	3	9	2	2	\N	\N	286	11
287	2024-10-13 00:00:00-05	2024-10-13 00:00:00-05	SAVON LIQUIDE VAISELLE	rien	2024-09-02	SAVON LIQUIDE VAISELLE	2024-10-13	2024-09-02	2024-09-02	2024-09-01 00:00:00-05	0.00	\N	cHxRxbjujoj287	t	f	f	f	f	1	3	\N	1	1	43	3	9	2	2	\N	\N	287	11
288	2024-10-13 00:00:00-05	2024-10-13 00:00:00-05	SAVON SOLIDE 24 J	rien	2024-09-03	SAVON SOLIDE 24 J	2024-10-13	2024-09-03	2024-09-03	2024-09-02 00:00:00-05	10000.00	\N	cHxRxbjujoj288	t	f	f	f	f	1	3	\N	1	1	43	3	9	2	2	\N	\N	288	11
289	2024-10-13 00:00:00-05	2024-10-13 00:00:00-05	SAVON SOLIDE 24 J	rien	2024-09-03	SAVON SOLIDE 24 J	2024-10-13	2024-09-03	2024-09-03	2024-09-02 00:00:00-05	15000.00	\N	cHxRxbjujoj289	t	f	f	f	f	1	3	\N	1	2	43	3	9	2	2	\N	\N	289	11
290	2024-10-13 00:00:00-05	2024-10-13 00:00:00-05	SAVON LIQUIDE VAISELLE	rien	2024-09-03	SAVON LIQUIDE VAISELLE	2024-10-13	2024-09-03	2024-09-03	2024-09-02 00:00:00-05	13200.00	\N	cHxRxbjujoj290	t	f	f	f	f	1	3	\N	1	1	43	3	9	2	2	\N	\N	290	11
291	2024-10-13 00:00:00-05	2024-10-13 00:00:00-05	SAVON LIQUIDE VAISELLE	rien	2024-09-03	SAVON LIQUIDE VAISELLE	2024-10-13	2024-09-03	2024-09-03	2024-09-02 00:00:00-05	6600.00	\N	cHxRxbjujoj291	t	f	f	f	f	1	3	\N	1	1	43	3	9	2	2	\N	\N	291	11
292	2024-10-13 00:00:00-05	2024-10-13 00:00:00-05	SAVON SOLIDE 24 J	rien	2024-09-04	SAVON SOLIDE 24 J	2024-10-13	2024-09-04	2024-09-04	2024-09-03 00:00:00-05	50000.00	\N	cHxRxbjujoj292	t	f	f	f	f	1	3	\N	1	1	43	3	9	2	2	\N	\N	292	11
293	2024-10-13 00:00:00-05	2024-10-13 00:00:00-05	SAVON SOLIDE 24 J	rien	2024-09-04	SAVON SOLIDE 24 J	2024-10-13	2024-09-04	2024-09-04	2024-09-03 00:00:00-05	20000.00	\N	cHxRxbjujoj293	t	f	f	f	f	1	3	\N	1	2	43	3	9	2	2	\N	\N	293	11
294	2024-10-13 00:00:00-05	2024-10-13 00:00:00-05	SAVON LIQUIDE VAISELLE	rien	2024-09-04	SAVON LIQUIDE VAISELLE	2024-10-13	2024-09-04	2024-09-04	2024-09-03 00:00:00-05	19800.00	\N	cHxRxbjujoj294	t	f	f	f	f	1	3	\N	1	1	43	3	9	2	2	\N	\N	294	11
295	2024-10-13 00:00:00-05	2024-10-13 00:00:00-05	SAVON LIQUIDE VAISELLE	rien	2024-09-04	SAVON LIQUIDE VAISELLE	2024-10-13	2024-09-04	2024-09-04	2024-09-03 00:00:00-05	6600.00	\N	cHxRxbjujoj295	t	f	f	f	f	1	3	\N	1	2	43	3	9	2	2	\N	\N	295	11
296	2024-10-13 00:00:00-05	2024-10-13 00:00:00-05	SAVON SOLIDE 24 J	rien	2024-09-06	SAVON SOLIDE 24 J	2024-10-13	2024-09-06	2024-09-06	2024-09-05 00:00:00-05	25000.00	\N	cHxRxbjujoj296	t	f	f	f	f	1	3	\N	1	1	43	3	9	2	2	\N	\N	296	11
297	2024-10-13 00:00:00-05	2024-10-13 00:00:00-05	SAVON LIQUIDE VAISELLE	rien	2024-09-06	SAVON LIQUIDE VAISELLE	2024-10-13	2024-09-06	2024-09-06	2024-09-05 00:00:00-05	39600.00	\N	cHxRxbjujoj297	t	f	f	f	f	1	3	\N	1	1	43	3	9	2	2	\N	\N	297	11
298	2024-10-13 00:00:00-05	2024-10-13 00:00:00-05	SAVON SOLIDE 24 J	rien	2024-09-09	SAVON SOLIDE 24 J	2024-10-13	2024-09-09	2024-09-09	2024-09-08 00:00:00-05	35000.00	\N	cHxRxbjujoj298	t	f	f	f	f	1	3	\N	1	1	43	3	9	2	2	\N	\N	298	11
299	2024-10-13 00:00:00-05	2024-10-13 00:00:00-05	SAVON SOLIDE 24 J	rien	2024-09-09	SAVON SOLIDE 24 J	2024-10-13	2024-09-09	2024-09-09	2024-09-08 00:00:00-05	15000.00	\N	cHxRxbjujoj299	t	f	f	f	f	1	3	\N	1	2	43	3	9	2	2	\N	\N	299	11
300	2024-10-13 00:00:00-05	2024-10-13 00:00:00-05	SAVON SOLIDE 24 J	rien	2024-09-10	SAVON SOLIDE 24 J	2024-10-13	2024-09-10	2024-09-10	2024-09-09 00:00:00-05	25000.00	\N	cHxRxbjujoj300	t	f	f	f	f	1	3	\N	1	1	43	3	9	2	2	\N	\N	300	11
301	2024-10-13 00:00:00-05	2024-10-13 00:00:00-05	SAVON SOLIDE 24 J	rien	2024-09-10	SAVON SOLIDE 24 J	2024-10-13	2024-09-10	2024-09-10	2024-09-09 00:00:00-05	15000.00	\N	cHxRxbjujoj301	t	f	f	f	f	1	3	\N	1	2	43	3	9	2	2	\N	\N	301	11
302	2024-10-13 00:00:00-05	2024-10-13 00:00:00-05	SAVON SOLIDE 24 J	rien	2024-09-11	SAVON SOLIDE 24 J	2024-10-13	2024-09-11	2024-09-11	2024-09-10 00:00:00-05	30000.00	\N	cHxRxbjujoj302	t	f	f	f	f	1	3	\N	1	1	43	3	9	2	2	\N	\N	302	11
303	2024-10-13 00:00:00-05	2024-10-13 00:00:00-05	SAVON SOLIDE 24 J	rien	2024-09-11	SAVON SOLIDE 24 J	2024-10-13	2024-09-11	2024-09-11	2024-09-10 00:00:00-05	15000.00	\N	cHxRxbjujoj303	t	f	f	f	f	1	3	\N	1	2	43	3	9	2	2	\N	\N	303	11
304	2024-10-13 00:00:00-05	2024-10-13 00:00:00-05	SAVON LIQUIDE VAISELLE	rien	2024-09-11	SAVON LIQUIDE VAISELLE	2024-10-13	2024-09-11	2024-09-11	2024-09-10 00:00:00-05	6600.00	\N	cHxRxbjujoj304	t	f	f	f	f	1	3	\N	1	2	43	3	9	2	2	\N	\N	304	11
269	2024-10-13 00:00:00-05	2024-10-13 00:00:00-05	SAVON LIQUIDE VAISELLE	rien	2024-08-23	SAVON LIQUIDE VAISELLE	2024-10-13	2024-08-23	2024-08-23	2024-08-22 00:00:00-05	6600.00	\N	cHxRxbjujoj269	t	f	f	f	f	1	3	\N	1	2	43	3	9	2	2	\N	\N	269	11
270	2024-10-13 00:00:00-05	2024-10-13 00:00:00-05	SAVON SOLIDE 24 J	rien	2024-08-26	SAVON SOLIDE 24 J	2024-10-13	2024-08-26	2024-08-26	2024-08-25 00:00:00-05	25000.00	\N	cHxRxbjujoj270	t	f	f	f	f	1	3	\N	1	1	43	3	9	2	2	\N	\N	270	11
271	2024-10-13 00:00:00-05	2024-10-13 00:00:00-05	SAVON SOLIDE 24 J	rien	2024-08-26	SAVON SOLIDE 24 J	2024-10-13	2024-08-26	2024-08-26	2024-08-25 00:00:00-05	30000.00	\N	cHxRxbjujoj271	t	f	f	f	f	1	3	\N	1	2	43	3	9	2	2	\N	\N	271	11
310	2024-10-13 00:00:00-05	2024-10-13 00:00:00-05	SAVON SOLIDE 24 J	rien	2024-09-16	SAVON SOLIDE 24 J	2024-10-13	2024-09-16	2024-09-16	2024-09-15 00:00:00-05	20000.00	\N	cHxRxbjujoj310	t	f	f	f	f	1	3	\N	1	1	43	3	9	2	2	\N	\N	310	11
311	2024-10-13 00:00:00-05	2024-10-13 00:00:00-05	SAVON SOLIDE 24 J	rien	2024-09-16	SAVON SOLIDE 24 J	2024-10-13	2024-09-16	2024-09-16	2024-09-15 00:00:00-05	15000.00	\N	cHxRxbjujoj311	t	f	f	f	f	1	3	\N	1	2	43	3	9	2	2	\N	\N	311	11
312	2024-10-13 00:00:00-05	2024-10-13 00:00:00-05	SAVON LIQUIDE VAISELLE	rien	2024-09-16	SAVON LIQUIDE VAISELLE	2024-10-13	2024-09-16	2024-09-16	2024-09-15 00:00:00-05	13200.00	\N	cHxRxbjujoj312	t	f	f	f	f	1	3	\N	1	1	43	3	9	2	2	\N	\N	312	11
313	2024-10-13 00:00:00-05	2024-10-13 00:00:00-05	SAVON LIQUIDE VAISELLE	rien	2024-09-16	SAVON LIQUIDE VAISELLE	2024-10-13	2024-09-16	2024-09-16	2024-09-15 00:00:00-05	6600.00	\N	cHxRxbjujoj313	t	f	f	f	f	1	3	\N	1	2	43	3	9	2	2	\N	\N	313	11
314	2024-10-13 00:00:00-05	2024-10-13 00:00:00-05	SAVON SOLIDE 24 J	rien	2024-09-17	SAVON SOLIDE 24 J	2024-10-13	2024-09-17	2024-09-17	2024-09-16 00:00:00-05	30000.00	\N	cHxRxbjujoj314	t	f	f	f	f	1	3	\N	1	1	43	3	9	2	2	\N	\N	314	11
315	2024-10-13 00:00:00-05	2024-10-13 00:00:00-05	SAVON SOLIDE 24 J	rien	2024-09-17	SAVON SOLIDE 24 J	2024-10-13	2024-09-17	2024-09-17	2024-09-16 00:00:00-05	20000.00	\N	cHxRxbjujoj315	t	f	f	f	f	1	3	\N	1	2	43	3	9	2	2	\N	\N	315	11
317	2024-10-13 00:00:00-05	2024-10-13 00:00:00-05	SAVON SOLIDE 24 marron	rien	2024-09-18	SAVON SOLIDE 24 marron	2024-10-13	2024-09-18	2024-09-18	2024-09-17 00:00:00-05	5000.00	\N	cHxRxbjujoj317	t	f	f	f	f	1	3	\N	1	2	43	3	9	2	2	\N	\N	317	11
318	2024-10-13 00:00:00-05	2024-10-13 00:00:00-05	SAVON SOLIDE 48 J 	rien	2024-09-18	SAVON SOLIDE 48 J 	2024-10-13	2024-09-18	2024-09-18	2024-09-17 00:00:00-05	10000.00	\N	cHxRxbjujoj318	t	f	f	f	f	1	3	\N	1	2	43	3	9	2	2	\N	\N	318	11
319	2024-10-13 00:00:00-05	2024-10-13 00:00:00-05	SAVON SOLIDE 24 marron	rien	2024-09-19	SAVON SOLIDE 24 marron	2024-10-13	2024-09-19	2024-09-19	2024-09-18 00:00:00-05	10000.00	\N	cHxRxbjujoj319	t	f	f	f	f	1	3	\N	1	1	43	3	9	2	2	\N	\N	319	11
320	2024-10-13 00:00:00-05	2024-10-13 00:00:00-05	SAVON SOLIDE 24 marron	rien	2024-09-19	SAVON SOLIDE 24 marron	2024-10-13	2024-09-19	2024-09-19	2024-09-18 00:00:00-05	15000.00	\N	cHxRxbjujoj320	t	f	f	f	f	1	3	\N	1	2	43	3	9	2	2	\N	\N	320	11
321	2024-10-13 00:00:00-05	2024-10-13 00:00:00-05	SAVON LIQUIDE VAISELLE	rien	2024-09-19	SAVON LIQUIDE VAISELLE	2024-10-13	2024-09-19	2024-09-19	2024-09-18 00:00:00-05	19800.00	\N	cHxRxbjujoj321	t	f	f	f	f	1	3	\N	1	1	43	3	9	2	2	\N	\N	321	11
322	2024-10-13 00:00:00-05	2024-10-13 00:00:00-05	SAVON SOLIDE 24 marron	rien	2024-09-20	SAVON SOLIDE 24 marron	2024-10-13	2024-09-20	2024-09-20	2024-09-19 00:00:00-05	55000.00	\N	cHxRxbjujoj322	t	f	f	f	f	1	3	\N	1	1	43	3	9	2	2	\N	\N	322	11
323	2024-10-13 00:00:00-05	2024-10-13 00:00:00-05	SAVON SOLIDE 24 marron	rien	2024-09-20	SAVON SOLIDE 24 marron	2024-10-13	2024-09-20	2024-09-20	2024-09-19 00:00:00-05	10000.00	\N	cHxRxbjujoj323	t	f	f	f	f	1	3	\N	1	2	43	3	9	2	2	\N	\N	323	11
324	2024-10-13 00:00:00-05	2024-10-13 00:00:00-05	SAVON LIQUIDE VAISELLE	rien	2024-09-20	SAVON LIQUIDE VAISELLE	2024-10-13	2024-09-20	2024-09-20	2024-09-19 00:00:00-05	19800.00	\N	cHxRxbjujoj324	t	f	f	f	f	1	3	\N	1	1	43	3	9	2	2	\N	\N	324	11
325	2024-10-13 00:00:00-05	2024-10-13 00:00:00-05	SAVON LIQUIDE VAISELLE	rien	2024-09-20	SAVON LIQUIDE VAISELLE	2024-10-13	2024-09-20	2024-09-20	2024-09-19 00:00:00-05	6600.00	\N	cHxRxbjujoj325	t	f	f	f	f	1	3	\N	1	2	43	3	9	2	2	\N	\N	325	11
326	2024-10-13 00:00:00-05	2024-10-13 00:00:00-05	SAVON SOLIDE 24 marron	rien	2024-09-23	SAVON SOLIDE 24 marron	2024-10-13	2024-09-23	2024-09-23	2024-09-22 00:00:00-05	30000.00	\N	cHxRxbjujoj326	t	f	f	f	f	1	3	\N	1	1	43	3	9	2	2	\N	\N	326	11
327	2024-10-13 00:00:00-05	2024-10-13 00:00:00-05	SAVON SOLIDE 24 marron	rien	2024-09-23	SAVON SOLIDE 24 marron	2024-10-13	2024-09-23	2024-09-23	2024-09-22 00:00:00-05	25000.00	\N	cHxRxbjujoj327	t	f	f	f	f	1	3	\N	1	2	43	3	9	2	2	\N	\N	327	11
328	2024-10-13 00:00:00-05	2024-10-13 00:00:00-05	SAVON LIQUIDE VAISELLE	rien	2024-09-23	SAVON LIQUIDE VAISELLE	2024-10-13	2024-09-23	2024-09-23	2024-09-22 00:00:00-05	19800.00	\N	cHxRxbjujoj328	t	f	f	f	f	1	3	\N	1	1	43	3	9	2	2	\N	\N	328	11
329	2024-10-13 00:00:00-05	2024-10-13 00:00:00-05	SAVON SOLIDE 24 marron	rien	2024-09-24	SAVON SOLIDE 24 marron	2024-10-13	2024-09-24	2024-09-24	2024-09-23 00:00:00-05	30000.00	\N	cHxRxbjujoj329	t	f	f	f	f	1	3	\N	1	1	43	3	9	2	2	\N	\N	329	11
330	2024-10-13 00:00:00-05	2024-10-13 00:00:00-05	SAVON SOLIDE 24 marron	rien	2024-09-24	SAVON SOLIDE 24 marron	2024-10-13	2024-09-24	2024-09-24	2024-09-23 00:00:00-05	25000.00	\N	cHxRxbjujoj330	t	f	f	f	f	1	3	\N	1	2	43	3	9	2	2	\N	\N	330	11
331	2024-10-13 00:00:00-05	2024-10-13 00:00:00-05	SAVON SOLIDE 24 marron	rien	2024-09-25	SAVON SOLIDE 24 marron	2024-10-13	2024-09-25	2024-09-25	2024-09-24 00:00:00-05	5000.00	\N	cHxRxbjujoj331	t	f	f	f	f	1	3	\N	1	1	43	3	9	2	2	\N	\N	331	11
332	2024-10-13 00:00:00-05	2024-10-13 00:00:00-05	SAVON SOLIDE 24 marron	rien	2024-09-25	SAVON SOLIDE 24 marron	2024-10-13	2024-09-25	2024-09-25	2024-09-24 00:00:00-05	30000.00	\N	cHxRxbjujoj332	t	f	f	f	f	1	3	\N	1	2	43	3	9	2	2	\N	\N	332	11
333	2024-10-13 00:00:00-05	2024-10-13 00:00:00-05	SAVON LIQUIDE VAISELLE	rien	2024-09-25	SAVON LIQUIDE VAISELLE	2024-10-13	2024-09-25	2024-09-25	2024-09-24 00:00:00-05	33000.00	\N	cHxRxbjujoj333	t	f	f	f	f	1	3	\N	1	1	43	3	9	2	2	\N	\N	333	11
334	2024-10-13 00:00:00-05	2024-10-13 00:00:00-05	SAVON LIQUIDE VAISELLE	rien	2024-09-25	SAVON LIQUIDE VAISELLE	2024-10-13	2024-09-25	2024-09-25	2024-09-24 00:00:00-05	6600.00	\N	cHxRxbjujoj334	t	f	f	f	f	1	3	\N	1	2	43	3	9	2	2	\N	\N	334	11
339	2024-10-13 00:00:00-05	2024-10-13 00:00:00-05	SAVON LIQUIDE VAISELLE	rien	2024-09-27	SAVON LIQUIDE VAISELLE	2024-10-13	2024-09-27	2024-09-27	2024-09-26 00:00:00-05	6600.00	\N	cHxRxbjujoj339	t	f	f	f	f	1	3	\N	1	2	43	3	9	2	2	\N	\N	339	11
7	2024-10-13 00:00:00-05	2024-10-13 00:00:00-05	SAVON SOLIDE 24 J	rien	2024-05-22	SAVON SOLIDE 24 J	2024-10-13	2024-05-22	2024-05-22	2024-05-21 00:00:00-05	32500.00	\N	cHxRxbjujoj7	t	f	f	f	f	1	3	\N	1	1	43	3	9	2	2	\N	\N	7	11
8	2024-10-13 00:00:00-05	2024-10-13 00:00:00-05	SAVON SOLIDE 24 B	rien	2024-05-22	SAVON SOLIDE 24 B	2024-10-13	2024-05-22	2024-05-22	2024-05-21 00:00:00-05	32500.00	\N	cHxRxbjujoj8	t	f	f	f	f	1	3	\N	1	1	43	3	9	2	2	\N	\N	8	11
9	2024-10-13 00:00:00-05	2024-10-13 00:00:00-05	SAVON SOLIDE 24 J	rien	2024-05-23	SAVON SOLIDE 24 J	2024-10-13	2024-05-23	2024-05-23	2024-05-22 00:00:00-05	35000.00	\N	cHxRxbjujoj9	t	f	f	f	f	1	3	\N	1	1	43	3	9	2	2	\N	\N	9	11
10	2024-10-13 00:00:00-05	2024-10-13 00:00:00-05	SAVON SOLIDE 24 B	rien	2024-05-23	SAVON SOLIDE 24 B	2024-10-13	2024-05-23	2024-05-23	2024-05-22 00:00:00-05	35000.00	\N	cHxRxbjujoj10	t	f	f	f	f	1	3	\N	1	1	43	3	9	2	2	\N	\N	10	11
11	2024-10-13 00:00:00-05	2024-10-13 00:00:00-05	SAVON SOLIDE 24 J	rien	2024-05-24	SAVON SOLIDE 24 J	2024-10-13	2024-05-24	2024-05-24	2024-05-23 00:00:00-05	23750.00	\N	cHxRxbjujoj11	t	f	f	f	f	1	3	\N	1	1	43	3	9	2	2	\N	\N	11	11
307	2024-10-13 00:00:00-05	2024-10-13 00:00:00-05	SAVON LIQUIDE VAISELLE	rien	2024-09-12	SAVON LIQUIDE VAISELLE	2024-10-13	2024-09-12	2024-09-12	2024-09-11 00:00:00-05	39600.00	\N	cHxRxbjujoj307	t	f	f	f	f	1	3	\N	1	1	43	3	9	2	2	\N	\N	307	11
45	2024-10-13 00:00:00-05	2024-10-13 00:00:00-05	SAVON SOLIDE 24 B	rien	2024-06-05	SAVON SOLIDE 24 B	2024-10-13	2024-06-05	2024-06-05	2024-06-04 00:00:00-05	27500.00	\N	cHxRxbjujoj45	t	f	f	f	f	1	3	\N	1	1	43	3	9	2	2	\N	\N	45	11
58	2024-10-13 00:00:00-05	2024-10-13 00:00:00-05	SAVON LIQUIDE VAISELLE - V	rien	2024-06-10	SAVON LIQUIDE VAISELLE - V	2024-10-13	2024-06-10	2024-06-10	2024-06-09 00:00:00-05	0.00	\N	cHxRxbjujoj58	t	f	f	f	f	1	3	\N	1	2	43	3	9	2	2	\N	\N	58	11
83	2024-10-13 00:00:00-05	2024-10-13 00:00:00-05	SAVON SOLIDE 24 B	rien	2024-06-21	SAVON SOLIDE 24 B	2024-10-13	2024-06-21	2024-06-21	2024-06-20 00:00:00-05	25000.00	\N	cHxRxbjujoj83	t	f	f	f	f	1	3	\N	1	1	43	3	9	2	2	\N	\N	83	11
92	2024-10-13 00:00:00-05	2024-10-13 00:00:00-05	SAVON LIQUIDE VAISELLE	rien	2024-06-25	SAVON LIQUIDE VAISELLE	2024-10-13	2024-06-25	2024-06-25	2024-06-24 00:00:00-05	6600.00	\N	cHxRxbjujoj92	t	f	f	f	f	1	3	\N	1	1	43	3	9	2	2	\N	\N	92	11
120	2024-10-13 00:00:00-05	2024-10-13 00:00:00-05	SAVON LIQUIDE VAISELLE - J	rien	2024-07-02	SAVON LIQUIDE VAISELLE - J	2024-10-13	2024-07-02	2024-07-02	2024-07-01 00:00:00-05	19800.00	\N	cHxRxbjujoj120	t	f	f	f	f	1	3	\N	1	2	43	3	9	2	2	\N	\N	120	11
306	2024-10-13 00:00:00-05	2024-10-13 00:00:00-05	SAVON SOLIDE 24 J	rien	2024-09-12	SAVON SOLIDE 24 J	2024-10-13	2024-09-12	2024-09-12	2024-09-11 00:00:00-05	20000.00	\N	cHxRxbjujoj306	t	f	f	f	f	1	3	\N	1	2	43	3	9	2	2	\N	\N	306	11
308	2024-10-13 00:00:00-05	2024-10-13 00:00:00-05	SAVON SOLIDE 24 J	rien	2024-09-13	SAVON SOLIDE 24 J	2024-10-13	2024-09-13	2024-09-13	2024-09-12 00:00:00-05	40000.00	\N	cHxRxbjujoj308	t	f	f	f	f	1	3	\N	1	1	43	3	9	2	2	\N	\N	308	11
143	2024-10-13 00:00:00-05	2024-10-13 00:00:00-05	SAVON LIQUIDE VAISELLE	rien	2024-07-08	SAVON LIQUIDE VAISELLE	2024-10-13	2024-07-08	2024-07-08	2024-07-07 00:00:00-05	6600.00	\N	cHxRxbjujoj143	t	f	f	f	f	1	3	\N	1	1	43	3	9	2	2	\N	\N	143	11
157	2024-10-13 00:00:00-05	2024-10-13 00:00:00-05	SAVON SOLIDE 24 B	rien	2024-07-10	SAVON SOLIDE 24 B	2024-10-13	2024-07-10	2024-07-10	2024-07-09 00:00:00-05	10000.00	\N	cHxRxbjujoj157	t	f	f	f	f	1	3	\N	1	1	43	3	9	2	2	\N	\N	157	11
183	2024-10-13 00:00:00-05	2024-10-13 00:00:00-05	SAVON SOLIDE 24 B	rien	2024-07-16	SAVON SOLIDE 24 B	2024-10-13	2024-07-16	2024-07-16	2024-07-15 00:00:00-05	27500.00	\N	cHxRxbjujoj183	t	f	f	f	f	1	3	\N	1	2	43	3	9	2	2	\N	\N	183	11
194	2024-10-13 00:00:00-05	2024-10-13 00:00:00-05	SAVON SOLIDE 24 J	rien	2024-07-18	SAVON SOLIDE 24 J	2024-10-13	2024-07-18	2024-07-18	2024-07-17 00:00:00-05	2500.00	\N	cHxRxbjujoj194	t	f	f	f	f	1	3	\N	1	2	43	3	9	2	2	\N	\N	194	11
206	2024-10-13 00:00:00-05	2024-10-13 00:00:00-05	SAVON LIQUIDE VAISELLE - J	rien	2024-07-26	SAVON LIQUIDE VAISELLE - J	2024-10-13	2024-07-26	2024-07-26	2024-07-25 00:00:00-05	3300.00	\N	cHxRxbjujoj206	t	f	f	f	f	1	3	\N	1	2	43	3	9	2	2	\N	\N	206	11
231	2024-10-13 00:00:00-05	2024-10-13 00:00:00-05	SAVON LIQUIDE VAISELLE	rien	2024-08-01	SAVON LIQUIDE VAISELLE	2024-10-13	2024-08-01	2024-08-01	2024-07-31 00:00:00-05	6600.00	\N	cHxRxbjujoj231	t	f	f	f	f	1	3	\N	1	2	43	3	9	2	2	\N	\N	231	11
262	2024-10-13 00:00:00-05	2024-10-13 00:00:00-05	SAVON LIQUIDE VAISELLE	rien	2024-08-21	SAVON LIQUIDE VAISELLE	2024-10-13	2024-08-21	2024-08-21	2024-08-20 00:00:00-05	26400.00	\N	cHxRxbjujoj262	t	f	f	f	f	1	3	\N	1	1	43	3	9	2	2	\N	\N	262	11
268	2024-10-13 00:00:00-05	2024-10-13 00:00:00-05	SAVON SOLIDE 24 J	rien	2024-08-23	SAVON SOLIDE 24 J	2024-10-13	2024-08-23	2024-08-23	2024-08-22 00:00:00-05	10000.00	\N	cHxRxbjujoj268	t	f	f	f	f	1	3	\N	1	2	43	3	9	2	2	\N	\N	268	11
283	2024-10-13 00:00:00-05	2024-10-13 00:00:00-05	SAVON LIQUIDE VAISELLE	rien	2024-08-29	SAVON LIQUIDE VAISELLE	2024-10-13	2024-08-29	2024-08-29	2024-08-28 00:00:00-05	39600.00	\N	cHxRxbjujoj283	t	f	f	f	f	1	3	\N	1	1	43	3	9	2	2	\N	\N	283	11
305	2024-10-13 00:00:00-05	2024-10-13 00:00:00-05	SAVON SOLIDE 24 J	rien	2024-09-12	SAVON SOLIDE 24 J	2024-10-13	2024-09-12	2024-09-12	2024-09-11 00:00:00-05	0.00	\N	cHxRxbjujoj305	t	f	f	f	f	1	3	\N	1	1	43	3	9	2	2	\N	\N	305	11
316	2024-10-13 00:00:00-05	2024-10-13 00:00:00-05	SAVON SOLIDE 24 marron	rien	2024-09-18	SAVON SOLIDE 24 marron	2024-10-13	2024-09-18	2024-09-18	2024-09-17 00:00:00-05	20000.00	\N	cHxRxbjujoj316	t	f	f	f	f	1	3	\N	1	1	43	3	9	2	2	\N	\N	316	11
1	2024-10-13 00:00:00-05	2024-10-13 00:00:00-05	SAVON SOLIDE 24 J	rien	2024-05-17	SAVON SOLIDE 24 J	2024-10-13	2024-05-17	2024-05-17	2024-05-16 00:00:00-05	20000.00	\N	cHxRxbjujoj1	t	f	f	f	f	1	3	\N	1	1	43	3	9	2	2	\N	\N	1	11
335	2024-10-13 00:00:00-05	2024-10-13 00:00:00-05	SAVON SOLIDE 24 marron	rien	2024-09-26	SAVON SOLIDE 24 marron	2024-10-13	2024-09-26	2024-09-26	2024-09-25 00:00:00-05	47500.00	\N	cHxRxbjujoj335	t	f	f	f	f	1	3	\N	1	1	43	3	9	2	2	\N	\N	335	11
336	2024-10-13 00:00:00-05	2024-10-13 00:00:00-05	SAVON SOLIDE 24 marron	rien	2024-09-26	SAVON SOLIDE 24 marron	2024-10-13	2024-09-26	2024-09-26	2024-09-25 00:00:00-05	10000.00	\N	cHxRxbjujoj336	t	f	f	f	f	1	3	\N	1	2	43	3	9	2	2	\N	\N	336	11
337	2024-10-13 00:00:00-05	2024-10-13 00:00:00-05	SAVON SOLIDE 24 marron	rien	2024-09-27	SAVON SOLIDE 24 marron	2024-10-13	2024-09-27	2024-09-27	2024-09-26 00:00:00-05	35000.00	\N	cHxRxbjujoj337	t	f	f	f	f	1	3	\N	1	1	43	3	9	2	2	\N	\N	337	11
340	2024-10-15 20:16:35.87073-05	2024-10-15 20:16:35.872532-05	Achat	tablir le premier contact avec le client.	2024-10-17		16/10/2024 - Demande\n	16/10/2024 - demande\n	\N	\N	0.00	\N	4Y5Sy6OWTd4	t	t	f	t	f	\N	\N	\N	\N	\N	43	\N	9	\N	2	\N	2	340	1
\.


--
-- Data for Name: crm_deal_tags; Type: TABLE DATA; Schema: public; Owner: vaflaly
--

COPY public.crm_deal_tags (id, deal_id, tag_id) FROM stdin;
\.


--
-- Data for Name: crm_industry; Type: TABLE DATA; Schema: public; Owner: vaflaly
--

COPY public.crm_industry (id, name, department_id) FROM stdin;
1	railway	9
2	aviation	9
3	oil & gas	9
4	power generation	9
5	metallurgy	9
6	shipbuilding	9
7	automotive industry	9
8	capital construction	9
9	service companies	9
10	educational institutions	9
11	railway	10
12	aviation	10
13	oil & gas	10
14	power generation	10
15	metallurgy	10
16	shipbuilding	10
17	automotive industry	10
18	capital construction	10
19	service companies	10
20	educational institutions	10
\.


--
-- Data for Name: crm_lead; Type: TABLE DATA; Schema: public; Owner: vaflaly
--

COPY public.crm_lead (id, creation_date, update_date, first_name, middle_name, last_name, title, sex, birth_date, was_in_touch, email, secondary_email, phone, other_phone, mobile, skype, city_name, disqualified, address, description, company_name, website, company_phone, company_address, company_email, token, city_id, company_id, contact_id, country_id, department_id, modified_by_id, owner_id, type_id, lead_source_id, massmail) FROM stdin;
2	2024-10-15 20:16:35.851239-05	2024-10-15 20:16:35.851777-05	commercial1			\N	M	\N	\N								f								CG0kVbcFm-k	\N	\N	\N	43	9	\N	2	\N	\N	t
\.


--
-- Data for Name: crm_lead_industry; Type: TABLE DATA; Schema: public; Owner: vaflaly
--

COPY public.crm_lead_industry (id, lead_id, industry_id) FROM stdin;
\.


--
-- Data for Name: crm_lead_tags; Type: TABLE DATA; Schema: public; Owner: vaflaly
--

COPY public.crm_lead_tags (id, lead_id, tag_id) FROM stdin;
\.


--
-- Data for Name: crm_leadsource; Type: TABLE DATA; Schema: public; Owner: vaflaly
--

COPY public.crm_leadsource (id, name, email, uuid, form_template, success_template, department_id) FROM stdin;
1	Distributeur		9e2bed05-9ef3-46bd-97a1-a20f9625f7b9			9
2	Internet		7a50a12f-6c55-4e3f-8304-03e2839a4563			9
4	exhibition		2f292965-d483-4eb5-8fc3-adca24f4f2ac			9
3	Equipe commercial		a2ef765c-37a6-4836-91e4-6e0e3e57b557			9
5	Promotion / Marketing		206f5c03-3f16-4341-851e-d446dce45aa0	crm/contact_form.html	common/centered_msg.html	9
\.


--
-- Data for Name: crm_output; Type: TABLE DATA; Schema: public; Owner: vaflaly
--

COPY public.crm_output (id, amount, quantity, shipping_date, planned_shipping_date, actual_shipping_date, product_is_shipped, serial_number, currency_id, deal_id, product_id) FROM stdin;
2	20000.00	4	2024-05-17	2024-05-17	2024-05-17	t	2	3	2	1
1	20000.00	4	2024-05-17	2024-05-17	2024-05-17	t	1	3	1	1
3	22500.00	5	2024-05-18	2024-05-18	2024-05-18	t	3	3	3	1
4	22500.00	5	2024-05-18	2024-05-18	2024-05-18	t	4	3	4	1
5	50000.00	10	2024-05-21	2024-05-21	2024-05-21	t	5	3	5	1
6	50000.00	10	2024-05-21	2024-05-21	2024-05-21	t	6	3	6	1
7	32500.00	7	2024-05-22	2024-05-22	2024-05-22	t	7	3	7	1
8	32500.00	7	2024-05-22	2024-05-22	2024-05-22	t	8	3	8	1
9	35000.00	7	2024-05-23	2024-05-23	2024-05-23	t	9	3	9	1
10	35000.00	7	2024-05-23	2024-05-23	2024-05-23	t	10	3	10	1
11	23750.00	5	2024-05-24	2024-05-24	2024-05-24	t	11	3	11	1
12	20000.00	4	2024-05-24	2024-05-24	2024-05-24	t	12	3	12	1
13	23750.00	5	2024-05-24	2024-05-24	2024-05-24	t	13	3	13	1
14	20000.00	4	2024-05-24	2024-05-24	2024-05-24	t	14	3	14	1
15	20000.00	4	2024-05-27	2024-05-27	2024-05-27	t	15	3	15	1
16	20000.00	4	2024-05-27	2024-05-27	2024-05-27	t	16	3	16	1
17	22500.00	5	2024-05-28	2024-05-28	2024-05-28	t	17	3	17	1
18	22500.00	5	2024-05-28	2024-05-28	2024-05-28	t	18	3	18	1
19	6600.00	1	2024-05-29	2024-05-29	2024-05-29	t	19	3	19	3
185	50000.00	10	2024-07-17	2024-07-17	2024-07-17	t	175	3	185	1
195	2500.00	1	2024-07-18	2024-07-18	2024-07-18	t	175	3	195	1
214	3300.00	1	2024-07-29	2024-07-29	2024-07-29	t	175	3	214	3
233	5000.00	1	2024-08-02	2024-08-02	2024-08-02	t	175	3	233	1
252	19800.00	3	2024-08-14	2024-08-14	2024-08-14	t	175	3	252	3
271	30000.00	6	2024-08-26	2024-08-26	2024-08-26	t	175	3	271	1
290	13200.00	2	2024-09-03	2024-09-03	2024-09-03	t	175	3	290	3
128	40000.00	8	2024-07-03	2024-07-03	2024-07-03	t	128	3	128	1
129	17500.00	4	2024-07-03	2024-07-03	2024-07-03	t	129	3	129	1
130	17500.00	4	2024-07-03	2024-07-03	2024-07-03	t	130	3	130	1
131	0.00	0	2024-07-04	2024-07-04	2024-07-04	t	131	3	131	3
132	16500.00	3	2024-07-04	2024-07-04	2024-07-04	t	132	3	132	3
133	32500.00	7	2024-07-04	2024-07-04	2024-07-04	t	133	3	133	1
134	32500.00	7	2024-07-04	2024-07-04	2024-07-04	t	134	3	134	1
135	5000.00	1	2024-07-04	2024-07-04	2024-07-04	t	135	3	135	1
154	66000.00	10	2024-07-10	2024-07-10	2024-07-10	t	154	3	154	3
155	33000.00	5	2024-07-10	2024-07-10	2024-07-10	t	155	3	155	3
156	10000.00	2	2024-07-10	2024-07-10	2024-07-10	t	156	3	156	1
157	10000.00	2	2024-07-10	2024-07-10	2024-07-10	t	157	3	157	1
158	0.00	0	2024-07-11	2024-07-11	2024-07-11	t	158	3	158	3
159	6600.00	1	2024-07-11	2024-07-11	2024-07-11	t	159	3	159	3
160	22500.00	5	2024-07-11	2024-07-11	2024-07-11	t	160	3	160	1
161	22500.00	5	2024-07-11	2024-07-11	2024-07-11	t	161	3	161	1
162	11875.00	3	2024-07-11	2024-07-11	2024-07-11	t	162	3	162	1
163	5000.00	1	2024-07-11	2024-07-11	2024-07-11	t	163	3	163	1
164	11875.00	3	2024-07-11	2024-07-11	2024-07-11	t	164	3	164	1
165	5000.00	1	2024-07-11	2024-07-11	2024-07-11	t	165	3	165	1
166	13200.00	2	2024-07-12	2024-07-12	2024-07-12	t	166	3	166	3
167	20000.00	4	2024-07-12	2024-07-12	2024-07-12	t	167	3	167	1
136	5000.00	1	2024-07-04	2024-07-04	2024-07-04	t	136	3	136	1
137	33000.00	5	2024-07-05	2024-07-05	2024-07-05	t	137	3	137	3
138	13200.00	2	2024-07-05	2024-07-05	2024-07-05	t	138	3	138	3
139	30000.00	6	2024-07-05	2024-07-05	2024-07-05	t	139	3	139	1
140	30000.00	6	2024-07-05	2024-07-05	2024-07-05	t	140	3	140	1
141	7500.00	2	2024-07-05	2024-07-05	2024-07-05	t	141	3	141	1
142	7500.00	2	2024-07-05	2024-07-05	2024-07-05	t	142	3	142	1
143	6600.00	1	2024-07-08	2024-07-08	2024-07-08	t	143	3	143	3
144	26400.00	4	2024-07-08	2024-07-08	2024-07-08	t	144	3	144	3
145	15000.00	3	2024-07-08	2024-07-08	2024-07-08	t	145	3	145	1
146	15000.00	3	2024-07-08	2024-07-08	2024-07-08	t	146	3	146	1
147	2500.00	1	2024-07-08	2024-07-08	2024-07-08	t	147	3	147	1
148	2500.00	1	2024-07-08	2024-07-08	2024-07-08	t	148	3	148	1
149	6600.00	1	2024-07-09	2024-07-09	2024-07-09	t	149	3	149	3
150	15000.00	3	2024-07-09	2024-07-09	2024-07-09	t	150	3	150	1
151	15000.00	3	2024-07-09	2024-07-09	2024-07-09	t	151	3	151	1
152	47500.00	10	2024-07-09	2024-07-09	2024-07-09	t	152	3	152	1
153	47500.00	10	2024-07-09	2024-07-09	2024-07-09	t	153	3	153	1
172	6600.00	1	2024-07-15	2024-07-15	2024-07-15	t	172	3	172	3
173	6600.00	1	2024-07-15	2024-07-15	2024-07-15	t	173	3	173	3
174	20000.00	4	2024-07-15	2024-07-15	2024-07-15	t	174	3	174	1
175	20000.00	4	2024-07-15	2024-07-15	2024-07-15	t	175	3	175	1
118	12500.00	3	2024-07-01	2024-07-01	2024-07-01	t	118	3	118	1
119	26400.00	4	2024-07-02	2024-07-02	2024-07-02	t	119	3	119	3
120	19800.00	3	2024-07-02	2024-07-02	2024-07-02	t	120	3	120	3
121	37500.00	8	2024-07-02	2024-07-02	2024-07-02	t	121	3	121	1
122	37500.00	8	2024-07-02	2024-07-02	2024-07-02	t	122	3	122	1
123	7500.00	2	2024-07-02	2024-07-02	2024-07-02	t	123	3	123	1
124	7500.00	2	2024-07-02	2024-07-02	2024-07-02	t	124	3	124	1
125	0.00	0	2024-07-03	2024-07-03	2024-07-03	t	125	3	125	3
126	26400.00	4	2024-07-03	2024-07-03	2024-07-03	t	126	3	126	3
127	40000.00	8	2024-07-03	2024-07-03	2024-07-03	t	127	3	127	1
168	20000.00	4	2024-07-12	2024-07-12	2024-07-12	t	168	3	168	1
169	2500.00	1	2024-07-12	2024-07-12	2024-07-12	t	169	3	169	1
170	2500.00	1	2024-07-12	2024-07-12	2024-07-12	t	170	3	170	1
171	6600.00	1	2024-07-13	2024-07-13	2024-07-13	t	171	3	171	3
39	0.00	0	2024-06-04	2024-06-04	2024-06-04	t	39	3	39	1
40	47500.00	10	2024-06-04	2024-06-04	2024-06-04	t	40	3	40	1
41	0.00	0	2024-06-04	2024-06-04	2024-06-04	t	41	3	41	1
42	22500.00	5	2024-06-04	2024-06-04	2024-06-04	t	42	3	42	1
57	17500.00	4	2024-06-07	2024-06-07	2024-06-07	t	57	3	57	1
58	0.00	0	2024-06-10	2024-06-10	2024-06-10	t	58	3	58	3
59	30000.00	6	2024-06-10	2024-06-10	2024-06-10	t	59	3	59	1
60	30000.00	6	2024-06-10	2024-06-10	2024-06-10	t	60	3	60	1
61	7500.00	2	2024-06-10	2024-06-10	2024-06-10	t	61	3	61	1
62	7500.00	2	2024-06-10	2024-06-10	2024-06-10	t	62	3	62	1
63	32500.00	7	2024-06-11	2024-06-11	2024-06-11	t	63	3	63	1
64	32500.00	7	2024-06-11	2024-06-11	2024-06-11	t	64	3	64	1
65	20000.00	4	2024-06-12	2024-06-12	2024-06-12	t	65	3	65	1
66	20000.00	4	2024-06-12	2024-06-12	2024-06-12	t	66	3	66	1
67	37500.00	8	2024-06-13	2024-06-13	2024-06-13	t	67	3	67	1
68	37500.00	8	2024-06-13	2024-06-13	2024-06-13	t	68	3	68	1
183	27500.00	6	2024-07-16	2024-07-16	2024-07-16	t	175	3	183	1
184	9900.00	2	2024-07-17	2024-07-17	2024-07-17	t	175	3	184	3
43	22500.00	5	2024-06-04	2024-06-04	2024-06-04	t	43	3	43	1
44	27500.00	6	2024-06-05	2024-06-05	2024-06-05	t	44	3	44	1
45	27500.00	6	2024-06-05	2024-06-05	2024-06-05	t	45	3	45	1
46	15000.00	3	2024-06-05	2024-06-05	2024-06-05	t	46	3	46	1
47	15000.00	3	2024-06-05	2024-06-05	2024-06-05	t	47	3	47	1
48	23750.00	5	2024-06-06	2024-06-06	2024-06-06	t	48	3	48	1
49	7500.00	2	2024-06-06	2024-06-06	2024-06-06	t	49	3	49	1
50	23750.00	5	2024-06-06	2024-06-06	2024-06-06	t	50	3	50	1
51	7500.00	2	2024-06-06	2024-06-06	2024-06-06	t	51	3	51	1
52	30000.00	6	2024-06-06	2024-06-06	2024-06-06	t	52	3	52	1
53	30000.00	6	2024-06-06	2024-06-06	2024-06-06	t	53	3	53	1
54	42500.00	9	2024-06-07	2024-06-07	2024-06-07	t	54	3	54	1
55	42500.00	9	2024-06-07	2024-06-07	2024-06-07	t	55	3	55	1
56	17500.00	4	2024-06-07	2024-06-07	2024-06-07	t	56	3	56	1
176	20000.00	4	2024-07-15	2024-07-15	2024-07-15	t	175	3	176	1
177	20000.00	4	2024-07-15	2024-07-15	2024-07-15	t	175	3	177	1
178	20000.00	4	2024-07-16	2024-07-16	2024-07-16	t	175	3	178	1
179	33250.00	7	2024-07-16	2024-07-16	2024-07-16	t	175	3	179	1
180	20000.00	4	2024-07-16	2024-07-16	2024-07-16	t	175	3	180	1
181	33250.00	7	2024-07-16	2024-07-16	2024-07-16	t	175	3	181	1
182	27500.00	6	2024-07-16	2024-07-16	2024-07-16	t	175	3	182	1
20	3300.00	1	2024-05-29	2024-05-29	2024-05-29	t	20	3	20	3
21	3300.00	1	2024-05-29	2024-05-29	2024-05-29	t	21	3	21	3
22	35000.00	7	2024-05-29	2024-05-29	2024-05-29	t	22	3	22	1
23	35000.00	7	2024-05-29	2024-05-29	2024-05-29	t	23	3	23	1
24	30000.00	6	2024-05-30	2024-05-30	2024-05-30	t	24	3	24	1
25	30000.00	6	2024-05-30	2024-05-30	2024-05-30	t	25	3	25	1
26	12500.00	3	2024-05-30	2024-05-30	2024-05-30	t	26	3	26	1
27	12500.00	3	2024-05-30	2024-05-30	2024-05-30	t	27	3	27	1
28	25000.00	5	2024-05-31	2024-05-31	2024-05-31	t	28	3	28	1
29	25000.00	5	2024-05-31	2024-05-31	2024-05-31	t	29	3	29	1
30	30000.00	6	2024-05-31	2024-05-31	2024-05-31	t	30	3	30	1
31	30000.00	6	2024-05-31	2024-05-31	2024-05-31	t	31	3	31	1
32	52500.00	11	2024-06-03	2024-06-03	2024-06-03	t	32	3	32	1
33	52500.00	11	2024-06-03	2024-06-03	2024-06-03	t	33	3	33	1
34	25000.00	5	2024-06-03	2024-06-03	2024-06-03	t	34	3	34	1
35	25000.00	5	2024-06-03	2024-06-03	2024-06-03	t	35	3	35	1
36	6600.00	1	2024-06-04	2024-06-04	2024-06-04	t	36	3	36	3
37	6600.00	1	2024-06-04	2024-06-04	2024-06-04	t	37	3	37	3
38	47500.00	10	2024-06-04	2024-06-04	2024-06-04	t	38	3	38	1
188	12500.00	3	2024-07-17	2024-07-17	2024-07-17	t	175	3	188	1
189	12500.00	3	2024-07-17	2024-07-17	2024-07-17	t	175	3	189	1
190	7500.00	2	2024-07-18	2024-07-18	2024-07-18	t	175	3	190	1
191	7500.00	2	2024-07-18	2024-07-18	2024-07-18	t	175	3	191	1
192	19800.00	3	2024-07-18	2024-07-18	2024-07-18	t	175	3	192	3
193	19800.00	3	2024-07-18	2024-07-18	2024-07-18	t	175	3	193	3
194	2500.00	1	2024-07-18	2024-07-18	2024-07-18	t	175	3	194	1
196	7500.00	2	2024-07-22	2024-07-22	2024-07-22	t	175	3	196	1
197	7500.00	2	2024-07-22	2024-07-22	2024-07-22	t	175	3	197	1
198	7500.00	2	2024-07-23	2024-07-23	2024-07-23	t	175	3	198	1
199	7500.00	2	2024-07-23	2024-07-23	2024-07-23	t	175	3	199	1
200	3300.00	1	2024-07-24	2024-07-24	2024-07-24	t	175	3	200	3
201	3300.00	1	2024-07-24	2024-07-24	2024-07-24	t	175	3	201	3
202	15000.00	3	2024-07-24	2024-07-24	2024-07-24	t	175	3	202	1
203	15000.00	3	2024-07-24	2024-07-24	2024-07-24	t	175	3	203	1
204	10000.00	2	2024-07-25	2024-07-25	2024-07-25	t	175	3	204	1
205	10000.00	2	2024-07-25	2024-07-25	2024-07-25	t	175	3	205	1
206	3300.00	1	2024-07-26	2024-07-26	2024-07-26	t	175	3	206	3
207	3300.00	1	2024-07-26	2024-07-26	2024-07-26	t	175	3	207	3
208	12500.00	3	2024-07-26	2024-07-26	2024-07-26	t	175	3	208	1
209	12500.00	3	2024-07-26	2024-07-26	2024-07-26	t	175	3	209	1
210	22500.00	5	2024-07-29	2024-07-29	2024-07-29	t	175	3	210	1
211	22500.00	5	2024-07-29	2024-07-29	2024-07-29	t	175	3	211	1
212	66000.00	10	2024-07-29	2024-07-29	2024-07-29	t	175	3	212	3
213	3300.00	1	2024-07-29	2024-07-29	2024-07-29	t	175	3	213	3
215	17500.00	4	2024-07-29	2024-07-29	2024-07-29	t	175	3	215	1
216	17500.00	4	2024-07-29	2024-07-29	2024-07-29	t	175	3	216	1
217	30000.00	6	2024-07-30	2024-07-30	2024-07-30	t	175	3	217	1
218	30000.00	6	2024-07-30	2024-07-30	2024-07-30	t	175	3	218	1
219	26400.00	4	2024-07-30	2024-07-30	2024-07-30	t	175	3	219	3
220	26400.00	4	2024-07-30	2024-07-30	2024-07-30	t	175	3	220	3
221	2500.00	1	2024-07-30	2024-07-30	2024-07-30	t	175	3	221	1
222	2500.00	1	2024-07-30	2024-07-30	2024-07-30	t	175	3	222	1
223	22500.00	5	2024-07-31	2024-07-31	2024-07-31	t	175	3	223	1
224	22500.00	5	2024-07-31	2024-07-31	2024-07-31	t	175	3	224	1
225	3300.00	1	2024-07-31	2024-07-31	2024-07-31	t	175	3	225	3
226	3300.00	1	2024-07-31	2024-07-31	2024-07-31	t	175	3	226	3
227	12500.00	3	2024-07-31	2024-07-31	2024-07-31	t	175	3	227	1
228	12500.00	3	2024-07-31	2024-07-31	2024-07-31	t	175	3	228	1
229	40000.00	8	2024-08-01	2024-08-01	2024-08-01	t	175	3	229	1
230	10000.00	2	2024-08-01	2024-08-01	2024-08-01	t	175	3	230	1
231	6600.00	1	2024-08-01	2024-08-01	2024-08-01	t	175	3	231	3
232	15000.00	3	2024-08-02	2024-08-02	2024-08-02	t	175	3	232	1
234	6600.00	1	2024-08-02	2024-08-02	2024-08-02	t	175	3	234	3
235	20000.00	4	2024-08-05	2024-08-05	2024-08-05	t	175	3	235	1
236	23750.00	5	2024-08-05	2024-08-05	2024-08-05	t	175	3	236	1
237	15000.00	3	2024-08-05	2024-08-05	2024-08-05	t	175	3	237	1
238	0.00	0	2024-08-06	2024-08-06	2024-08-06	t	175	3	238	1
239	35000.00	7	2024-08-08	2024-08-08	2024-08-08	t	175	3	239	1
240	66000.00	10	2024-08-08	2024-08-08	2024-08-08	t	175	3	240	3
241	40000.00	8	2024-08-09	2024-08-09	2024-08-09	t	175	3	241	1
242	25000.00	5	2024-08-09	2024-08-09	2024-08-09	t	175	3	242	1
243	19800.00	3	2024-08-09	2024-08-09	2024-08-09	t	175	3	243	3
244	50000.00	10	2024-08-12	2024-08-12	2024-08-12	t	175	3	244	1
245	20000.00	4	2024-08-12	2024-08-12	2024-08-12	t	175	3	245	1
246	66000.00	10	2024-08-12	2024-08-12	2024-08-12	t	175	3	246	3
247	30000.00	6	2024-08-13	2024-08-13	2024-08-13	t	175	3	247	1
248	35000.00	7	2024-08-13	2024-08-13	2024-08-13	t	175	3	248	1
249	39600.00	6	2024-08-13	2024-08-13	2024-08-13	t	175	3	249	3
250	15000.00	3	2024-08-14	2024-08-14	2024-08-14	t	175	3	250	1
251	15000.00	3	2024-08-14	2024-08-14	2024-08-14	t	175	3	251	1
253	20000.00	4	2024-08-16	2024-08-16	2024-08-16	t	175	3	253	1
254	10000.00	2	2024-08-16	2024-08-16	2024-08-16	t	175	3	254	1
255	6600.00	1	2024-08-16	2024-08-16	2024-08-16	t	175	3	255	3
256	15000.00	3	2024-08-19	2024-08-19	2024-08-19	t	175	3	256	1
257	13200.00	2	2024-08-19	2024-08-19	2024-08-19	t	175	3	257	3
258	10000.00	2	2024-08-20	2024-08-20	2024-08-20	t	175	3	258	1
259	6600.00	1	2024-08-20	2024-08-20	2024-08-20	t	175	3	259	3
260	25000.00	5	2024-08-21	2024-08-21	2024-08-21	t	175	3	260	1
261	45000.00	9	2024-08-21	2024-08-21	2024-08-21	t	175	3	261	1
262	26400.00	4	2024-08-21	2024-08-21	2024-08-21	t	175	3	262	3
263	20000.00	4	2024-08-22	2024-08-22	2024-08-22	t	175	3	263	1
264	30000.00	6	2024-08-22	2024-08-22	2024-08-22	t	175	3	264	1
265	6600.00	1	2024-08-22	2024-08-22	2024-08-22	t	175	3	265	3
266	6600.00	1	2024-08-22	2024-08-22	2024-08-22	t	175	3	266	3
267	25000.00	5	2024-08-23	2024-08-23	2024-08-23	t	175	3	267	1
268	10000.00	2	2024-08-23	2024-08-23	2024-08-23	t	175	3	268	1
269	6600.00	1	2024-08-23	2024-08-23	2024-08-23	t	175	3	269	3
270	25000.00	5	2024-08-26	2024-08-26	2024-08-26	t	175	3	270	1
272	33000.00	5	2024-08-26	2024-08-26	2024-08-26	t	175	3	272	3
273	6600.00	1	2024-08-26	2024-08-26	2024-08-26	t	175	3	273	3
274	45000.00	9	2024-08-27	2024-08-27	2024-08-27	t	175	3	274	1
275	30000.00	6	2024-08-27	2024-08-27	2024-08-27	t	175	3	275	1
276	19800.00	3	2024-08-27	2024-08-27	2024-08-27	t	175	3	276	3
277	13200.00	2	2024-08-27	2024-08-27	2024-08-27	t	175	3	277	3
278	10000.00	2	2024-08-28	2024-08-28	2024-08-28	t	175	3	278	1
279	15000.00	3	2024-08-28	2024-08-28	2024-08-28	t	175	3	279	1
280	26400.00	4	2024-08-28	2024-08-28	2024-08-28	t	175	3	280	3
281	20000.00	4	2024-08-29	2024-08-29	2024-08-29	t	175	3	281	1
282	10000.00	2	2024-08-29	2024-08-29	2024-08-29	t	175	3	282	1
283	39600.00	6	2024-08-29	2024-08-29	2024-08-29	t	175	3	283	3
284	13200.00	2	2024-08-29	2024-08-29	2024-08-29	t	175	3	284	3
285	30000.00	6	2024-08-30	2024-08-30	2024-08-30	t	175	3	285	1
286	33000.00	5	2024-08-30	2024-08-30	2024-08-30	t	175	3	286	3
287	0.00	0	2024-09-02	2024-09-02	2024-09-02	t	175	3	287	3
288	10000.00	2	2024-09-03	2024-09-03	2024-09-03	t	175	3	288	1
289	15000.00	3	2024-09-03	2024-09-03	2024-09-03	t	175	3	289	1
291	6600.00	1	2024-09-03	2024-09-03	2024-09-03	t	175	3	291	3
186	50000.00	10	2024-07-17	2024-07-17	2024-07-17	t	175	3	186	1
187	9900.00	2	2024-07-17	2024-07-17	2024-07-17	t	175	3	187	3
307	39600.00	6	2024-09-12	2024-09-12	2024-09-12	t	175	3	307	3
308	40000.00	8	2024-09-13	2024-09-13	2024-09-13	t	175	3	308	1
326	30000.00	6	2024-09-23	2024-09-23	2024-09-23	t	175	3	326	1
327	25000.00	5	2024-09-23	2024-09-23	2024-09-23	t	175	3	327	1
328	19800.00	3	2024-09-23	2024-09-23	2024-09-23	t	175	3	328	3
329	30000.00	6	2024-09-24	2024-09-24	2024-09-24	t	175	3	329	1
330	25000.00	5	2024-09-24	2024-09-24	2024-09-24	t	175	3	330	1
331	5000.00	1	2024-09-25	2024-09-25	2024-09-25	t	175	3	331	1
309	10000.00	2	2024-09-13	2024-09-13	2024-09-13	t	175	3	309	1
310	20000.00	4	2024-09-16	2024-09-16	2024-09-16	t	175	3	310	1
311	15000.00	3	2024-09-16	2024-09-16	2024-09-16	t	175	3	311	1
312	13200.00	2	2024-09-16	2024-09-16	2024-09-16	t	175	3	312	3
313	6600.00	1	2024-09-16	2024-09-16	2024-09-16	t	175	3	313	3
314	30000.00	6	2024-09-17	2024-09-17	2024-09-17	t	175	3	314	1
315	20000.00	4	2024-09-17	2024-09-17	2024-09-17	t	175	3	315	1
316	20000.00	4	2024-09-18	2024-09-18	2024-09-18	t	175	3	316	1
317	5000.00	1	2024-09-18	2024-09-18	2024-09-18	t	175	3	317	1
318	10000.00	1	2024-09-18	2024-09-18	2024-09-18	t	175	3	318	2
319	10000.00	2	2024-09-19	2024-09-19	2024-09-19	t	175	3	319	1
320	15000.00	3	2024-09-19	2024-09-19	2024-09-19	t	175	3	320	1
321	19800.00	3	2024-09-19	2024-09-19	2024-09-19	t	175	3	321	3
322	55000.00	11	2024-09-20	2024-09-20	2024-09-20	t	175	3	322	1
323	10000.00	2	2024-09-20	2024-09-20	2024-09-20	t	175	3	323	1
324	19800.00	3	2024-09-20	2024-09-20	2024-09-20	t	175	3	324	3
325	6600.00	1	2024-09-20	2024-09-20	2024-09-20	t	175	3	325	3
292	50000.00	10	2024-09-04	2024-09-04	2024-09-04	t	175	3	292	1
293	20000.00	4	2024-09-04	2024-09-04	2024-09-04	t	175	3	293	1
294	19800.00	3	2024-09-04	2024-09-04	2024-09-04	t	175	3	294	3
295	6600.00	1	2024-09-04	2024-09-04	2024-09-04	t	175	3	295	3
296	25000.00	5	2024-09-06	2024-09-06	2024-09-06	t	175	3	296	1
297	39600.00	6	2024-09-06	2024-09-06	2024-09-06	t	175	3	297	3
298	35000.00	7	2024-09-09	2024-09-09	2024-09-09	t	175	3	298	1
299	15000.00	3	2024-09-09	2024-09-09	2024-09-09	t	175	3	299	1
300	25000.00	5	2024-09-10	2024-09-10	2024-09-10	t	175	3	300	1
301	15000.00	3	2024-09-10	2024-09-10	2024-09-10	t	175	3	301	1
302	30000.00	6	2024-09-11	2024-09-11	2024-09-11	t	175	3	302	1
303	15000.00	3	2024-09-11	2024-09-11	2024-09-11	t	175	3	303	1
304	6600.00	1	2024-09-11	2024-09-11	2024-09-11	t	175	3	304	3
305	0.00	0	2024-09-12	2024-09-12	2024-09-12	t	175	3	305	1
306	20000.00	4	2024-09-12	2024-09-12	2024-09-12	t	175	3	306	1
69	6600.00	1	2024-06-14	2024-06-14	2024-06-14	t	69	3	69	3
70	12500.00	3	2024-06-14	2024-06-14	2024-06-14	t	70	3	70	1
71	12500.00	3	2024-06-14	2024-06-14	2024-06-14	t	71	3	71	1
72	23750.00	5	2024-06-18	2024-06-18	2024-06-18	t	72	3	72	1
73	37500.00	8	2024-06-18	2024-06-18	2024-06-18	t	73	3	73	1
74	23750.00	5	2024-06-18	2024-06-18	2024-06-18	t	74	3	74	1
75	37500.00	8	2024-06-18	2024-06-18	2024-06-18	t	75	3	75	1
76	30000.00	6	2024-06-19	2024-06-19	2024-06-19	t	76	3	76	1
77	30000.00	6	2024-06-19	2024-06-19	2024-06-19	t	77	3	77	1
78	37500.00	8	2024-06-20	2024-06-20	2024-06-20	t	78	3	78	1
79	37500.00	8	2024-06-20	2024-06-20	2024-06-20	t	79	3	79	1
80	15000.00	3	2024-06-20	2024-06-20	2024-06-20	t	80	3	80	1
81	15000.00	3	2024-06-20	2024-06-20	2024-06-20	t	81	3	81	1
82	25000.00	5	2024-06-21	2024-06-21	2024-06-21	t	82	3	82	1
83	25000.00	5	2024-06-21	2024-06-21	2024-06-21	t	83	3	83	1
84	10000.00	2	2024-06-21	2024-06-21	2024-06-21	t	84	3	84	1
85	10000.00	2	2024-06-21	2024-06-21	2024-06-21	t	85	3	85	1
86	0.00	0	2024-06-24	2024-06-24	2024-06-24	t	86	3	86	3
87	6600.00	1	2024-06-24	2024-06-24	2024-06-24	t	87	3	87	3
88	27500.00	6	2024-06-24	2024-06-24	2024-06-24	t	88	3	88	1
89	27500.00	6	2024-06-24	2024-06-24	2024-06-24	t	89	3	89	1
90	10000.00	2	2024-06-24	2024-06-24	2024-06-24	t	90	3	90	1
91	10000.00	2	2024-06-24	2024-06-24	2024-06-24	t	91	3	91	1
92	6600.00	1	2024-06-25	2024-06-25	2024-06-25	t	92	3	92	3
93	6600.00	1	2024-06-25	2024-06-25	2024-06-25	t	93	3	93	3
94	6600.00	1	2024-06-25	2024-06-25	2024-06-25	t	94	3	94	3
95	40000.00	8	2024-06-25	2024-06-25	2024-06-25	t	95	3	95	1
96	40000.00	8	2024-06-25	2024-06-25	2024-06-25	t	96	3	96	1
97	10000.00	2	2024-06-25	2024-06-25	2024-06-25	t	97	3	97	1
98	10000.00	2	2024-06-25	2024-06-25	2024-06-25	t	98	3	98	1
99	6600.00	1	2024-06-26	2024-06-26	2024-06-26	t	99	3	99	3
100	6600.00	1	2024-06-26	2024-06-26	2024-06-26	t	100	3	100	3
101	22500.00	5	2024-06-26	2024-06-26	2024-06-26	t	101	3	101	1
102	22500.00	5	2024-06-26	2024-06-26	2024-06-26	t	102	3	102	1
103	12500.00	3	2024-06-26	2024-06-26	2024-06-26	t	103	3	103	1
104	12500.00	3	2024-06-26	2024-06-26	2024-06-26	t	104	3	104	1
105	6600.00	1	2024-06-27	2024-06-27	2024-06-27	t	105	3	105	3
106	6600.00	1	2024-06-27	2024-06-27	2024-06-27	t	106	3	106	3
107	17500.00	4	2024-06-27	2024-06-27	2024-06-27	t	107	3	107	1
108	17500.00	4	2024-06-27	2024-06-27	2024-06-27	t	108	3	108	1
109	5000.00	1	2024-06-27	2024-06-27	2024-06-27	t	109	3	109	1
110	5000.00	1	2024-06-27	2024-06-27	2024-06-27	t	110	3	110	1
111	6600.00	1	2024-06-28	2024-06-28	2024-06-28	t	111	3	111	3
112	0.00	0	2024-07-01	2024-07-01	2024-07-01	t	112	3	112	3
113	6600.00	1	2024-07-01	2024-07-01	2024-07-01	t	113	3	113	3
114	0.00	0	2024-07-01	2024-07-01	2024-07-01	t	114	3	114	3
115	25000.00	5	2024-07-01	2024-07-01	2024-07-01	t	115	3	115	1
116	25000.00	5	2024-07-01	2024-07-01	2024-07-01	t	116	3	116	1
117	12500.00	3	2024-07-01	2024-07-01	2024-07-01	t	117	3	117	1
339	6600.00	1	2024-09-27	2024-09-27	2024-09-27	t	175	3	339	3
332	30000.00	6	2024-09-25	2024-09-25	2024-09-25	t	175	3	332	1
333	33000.00	5	2024-09-25	2024-09-25	2024-09-25	t	175	3	333	3
334	6600.00	1	2024-09-25	2024-09-25	2024-09-25	t	175	3	334	3
335	47500.00	10	2024-09-26	2024-09-26	2024-09-26	t	175	3	335	1
336	10000.00	2	2024-09-26	2024-09-26	2024-09-26	t	175	3	336	1
337	35000.00	7	2024-09-27	2024-09-27	2024-09-27	t	175	3	337	1
338	10000.00	2	2024-09-27	2024-09-27	2024-09-27	t	175	3	338	1
340	0.00	1	\N	\N	\N	f		\N	340	1
\.


--
-- Data for Name: crm_payment; Type: TABLE DATA; Schema: public; Owner: vaflaly
--

COPY public.crm_payment (id, amount, payment_date, status, contract_number, invoice_number, order_number, through_representation, currency_id, deal_id) FROM stdin;
1	20000.00	2024-05-17	r	1	1	1	f	3	1
2	20000.00	2024-05-17	r	2	2	2	f	3	2
3	22500.00	2024-05-18	r	3	3	3	f	3	3
4	22500.00	2024-05-18	r	4	4	4	f	3	4
5	50000.00	2024-05-21	r	5	5	5	f	3	5
6	50000.00	2024-05-21	r	6	6	6	f	3	6
7	32500.00	2024-05-22	r	7	7	7	f	3	7
8	32500.00	2024-05-22	r	8	8	8	f	3	8
9	35000.00	2024-05-23	r	9	9	9	f	3	9
10	35000.00	2024-05-23	r	10	10	10	f	3	10
11	23750.00	2024-05-24	r	11	11	11	f	3	11
12	20000.00	2024-05-24	r	12	12	12	f	3	12
13	23750.00	2024-05-24	r	13	13	13	f	3	13
14	20000.00	2024-05-24	r	14	14	14	f	3	14
15	20000.00	2024-05-27	r	15	15	15	f	3	15
16	20000.00	2024-05-27	r	16	16	16	f	3	16
17	22500.00	2024-05-28	r	17	17	17	f	3	17
18	22500.00	2024-05-28	r	18	18	18	f	3	18
19	6600.00	2024-05-29	r	19	19	19	f	3	19
20	3300.00	2024-05-29	r	20	20	20	f	3	20
21	3300.00	2024-05-29	r	21	21	21	f	3	21
22	35000.00	2024-05-29	r	22	22	22	f	3	22
23	35000.00	2024-05-29	r	23	23	23	f	3	23
24	30000.00	2024-05-30	r	24	24	24	f	3	24
25	30000.00	2024-05-30	r	25	25	25	f	3	25
26	12500.00	2024-05-30	r	26	26	26	f	3	26
27	12500.00	2024-05-30	r	27	27	27	f	3	27
28	25000.00	2024-05-31	r	28	28	28	f	3	28
29	25000.00	2024-05-31	r	29	29	29	f	3	29
30	30000.00	2024-05-31	r	30	30	30	f	3	30
31	30000.00	2024-05-31	r	31	31	31	f	3	31
32	52500.00	2024-06-03	r	32	32	32	f	3	32
33	52500.00	2024-06-03	r	33	33	33	f	3	33
34	25000.00	2024-06-03	r	34	34	34	f	3	34
35	25000.00	2024-06-03	r	35	35	35	f	3	35
36	6600.00	2024-06-04	r	36	36	36	f	3	36
37	6600.00	2024-06-04	r	37	37	37	f	3	37
38	47500.00	2024-06-04	r	38	38	38	f	3	38
39	0.00	2024-06-04	r	39	39	39	f	3	39
40	47500.00	2024-06-04	r	40	40	40	f	3	40
41	0.00	2024-06-04	r	41	41	41	f	3	41
42	22500.00	2024-06-04	r	42	42	42	f	3	42
43	22500.00	2024-06-04	r	43	43	43	f	3	43
44	27500.00	2024-06-05	r	44	44	44	f	3	44
45	27500.00	2024-06-05	r	45	45	45	f	3	45
46	15000.00	2024-06-05	r	46	46	46	f	3	46
47	15000.00	2024-06-05	r	47	47	47	f	3	47
48	23750.00	2024-06-06	r	48	48	48	f	3	48
49	7500.00	2024-06-06	r	49	49	49	f	3	49
50	23750.00	2024-06-06	r	50	50	50	f	3	50
51	7500.00	2024-06-06	r	51	51	51	f	3	51
52	30000.00	2024-06-06	r	52	52	52	f	3	52
53	30000.00	2024-06-06	r	53	53	53	f	3	53
54	42500.00	2024-06-07	r	54	54	54	f	3	54
55	42500.00	2024-06-07	r	55	55	55	f	3	55
56	17500.00	2024-06-07	r	56	56	56	f	3	56
57	17500.00	2024-06-07	r	57	57	57	f	3	57
58	0.00	2024-06-10	r	58	58	58	f	3	58
59	30000.00	2024-06-10	r	59	59	59	f	3	59
60	30000.00	2024-06-10	r	60	60	60	f	3	60
61	7500.00	2024-06-10	r	61	61	61	f	3	61
62	7500.00	2024-06-10	r	62	62	62	f	3	62
63	32500.00	2024-06-11	r	63	63	63	f	3	63
64	32500.00	2024-06-11	r	64	64	64	f	3	64
65	20000.00	2024-06-12	r	65	65	65	f	3	65
66	20000.00	2024-06-12	r	66	66	66	f	3	66
67	37500.00	2024-06-13	r	67	67	67	f	3	67
68	37500.00	2024-06-13	r	68	68	68	f	3	68
69	6600.00	2024-06-14	r	69	69	69	f	3	69
70	12500.00	2024-06-14	r	70	70	70	f	3	70
71	12500.00	2024-06-14	r	71	71	71	f	3	71
72	23750.00	2024-06-18	r	72	72	72	f	3	72
73	37500.00	2024-06-18	r	73	73	73	f	3	73
74	23750.00	2024-06-18	r	74	74	74	f	3	74
75	37500.00	2024-06-18	r	75	75	75	f	3	75
76	30000.00	2024-06-19	r	76	76	76	f	3	76
77	30000.00	2024-06-19	r	77	77	77	f	3	77
78	37500.00	2024-06-20	r	78	78	78	f	3	78
79	37500.00	2024-06-20	r	79	79	79	f	3	79
80	15000.00	2024-06-20	r	80	80	80	f	3	80
81	15000.00	2024-06-20	r	81	81	81	f	3	81
82	25000.00	2024-06-21	r	82	82	82	f	3	82
83	25000.00	2024-06-21	r	83	83	83	f	3	83
84	10000.00	2024-06-21	r	84	84	84	f	3	84
85	10000.00	2024-06-21	r	85	85	85	f	3	85
86	0.00	2024-06-24	r	86	86	86	f	3	86
87	6600.00	2024-06-24	r	87	87	87	f	3	87
88	27500.00	2024-06-24	r	88	88	88	f	3	88
89	27500.00	2024-06-24	r	89	89	89	f	3	89
90	10000.00	2024-06-24	r	90	90	90	f	3	90
91	10000.00	2024-06-24	r	91	91	91	f	3	91
92	6600.00	2024-06-25	r	92	92	92	f	3	92
93	6600.00	2024-06-25	r	93	93	93	f	3	93
94	6600.00	2024-06-25	r	94	94	94	f	3	94
95	40000.00	2024-06-25	r	95	95	95	f	3	95
96	40000.00	2024-06-25	r	96	96	96	f	3	96
97	10000.00	2024-06-25	r	97	97	97	f	3	97
98	10000.00	2024-06-25	r	98	98	98	f	3	98
99	6600.00	2024-06-26	r	99	99	99	f	3	99
100	6600.00	2024-06-26	r	100	100	100	f	3	100
101	22500.00	2024-06-26	r	101	101	101	f	3	101
102	22500.00	2024-06-26	r	102	102	102	f	3	102
103	12500.00	2024-06-26	r	103	103	103	f	3	103
104	12500.00	2024-06-26	r	104	104	104	f	3	104
105	6600.00	2024-06-27	r	105	105	105	f	3	105
106	6600.00	2024-06-27	r	106	106	106	f	3	106
107	17500.00	2024-06-27	r	107	107	107	f	3	107
108	17500.00	2024-06-27	r	108	108	108	f	3	108
109	5000.00	2024-06-27	r	109	109	109	f	3	109
110	5000.00	2024-06-27	r	110	110	110	f	3	110
111	6600.00	2024-06-28	r	111	111	111	f	3	111
112	0.00	2024-07-01	r	112	112	112	f	3	112
113	6600.00	2024-07-01	r	113	113	113	f	3	113
114	0.00	2024-07-01	r	114	114	114	f	3	114
115	25000.00	2024-07-01	r	115	115	115	f	3	115
116	25000.00	2024-07-01	r	116	116	116	f	3	116
117	12500.00	2024-07-01	r	117	117	117	f	3	117
118	12500.00	2024-07-01	r	118	118	118	f	3	118
119	26400.00	2024-07-02	r	119	119	119	f	3	119
120	19800.00	2024-07-02	r	120	120	120	f	3	120
121	37500.00	2024-07-02	r	121	121	121	f	3	121
122	37500.00	2024-07-02	r	122	122	122	f	3	122
123	7500.00	2024-07-02	r	123	123	123	f	3	123
124	7500.00	2024-07-02	r	124	124	124	f	3	124
125	0.00	2024-07-03	r	125	125	125	f	3	125
126	26400.00	2024-07-03	r	126	126	126	f	3	126
127	40000.00	2024-07-03	r	127	127	127	f	3	127
128	40000.00	2024-07-03	r	128	128	128	f	3	128
129	17500.00	2024-07-03	r	129	129	129	f	3	129
130	17500.00	2024-07-03	r	130	130	130	f	3	130
131	0.00	2024-07-04	r	131	131	131	f	3	131
132	16500.00	2024-07-04	r	132	132	132	f	3	132
133	32500.00	2024-07-04	r	133	133	133	f	3	133
134	32500.00	2024-07-04	r	134	134	134	f	3	134
135	5000.00	2024-07-04	r	135	135	135	f	3	135
136	5000.00	2024-07-04	r	136	136	136	f	3	136
137	33000.00	2024-07-05	r	137	137	137	f	3	137
138	13200.00	2024-07-05	r	138	138	138	f	3	138
139	30000.00	2024-07-05	r	139	139	139	f	3	139
140	30000.00	2024-07-05	r	140	140	140	f	3	140
141	7500.00	2024-07-05	r	141	141	141	f	3	141
142	7500.00	2024-07-05	r	142	142	142	f	3	142
143	6600.00	2024-07-08	r	143	143	143	f	3	143
144	26400.00	2024-07-08	r	144	144	144	f	3	144
145	15000.00	2024-07-08	r	145	145	145	f	3	145
146	15000.00	2024-07-08	r	146	146	146	f	3	146
147	2500.00	2024-07-08	r	147	147	147	f	3	147
148	2500.00	2024-07-08	r	148	148	148	f	3	148
149	6600.00	2024-07-09	r	149	149	149	f	3	149
150	15000.00	2024-07-09	r	150	150	150	f	3	150
151	15000.00	2024-07-09	r	151	151	151	f	3	151
152	47500.00	2024-07-09	r	152	152	152	f	3	152
153	47500.00	2024-07-09	r	153	153	153	f	3	153
154	66000.00	2024-07-10	r	154	154	154	f	3	154
155	33000.00	2024-07-10	r	155	155	155	f	3	155
156	10000.00	2024-07-10	r	156	156	156	f	3	156
157	10000.00	2024-07-10	r	157	157	157	f	3	157
158	0.00	2024-07-11	r	158	158	158	f	3	158
159	6600.00	2024-07-11	r	159	159	159	f	3	159
160	22500.00	2024-07-11	r	160	160	160	f	3	160
161	22500.00	2024-07-11	r	161	161	161	f	3	161
162	11875.00	2024-07-11	r	162	162	162	f	3	162
163	5000.00	2024-07-11	r	163	163	163	f	3	163
164	11875.00	2024-07-11	r	164	164	164	f	3	164
165	5000.00	2024-07-11	r	165	165	165	f	3	165
166	13200.00	2024-07-12	r	166	166	166	f	3	166
167	20000.00	2024-07-12	r	167	167	167	f	3	167
168	20000.00	2024-07-12	r	168	168	168	f	3	168
169	2500.00	2024-07-12	r	169	169	169	f	3	169
170	2500.00	2024-07-12	r	170	170	170	f	3	170
171	6600.00	2024-07-13	r	171	171	171	f	3	171
172	6600.00	2024-07-15	r	172	172	172	f	3	172
173	6600.00	2024-07-15	r	173	173	173	f	3	173
174	20000.00	2024-07-15	r	174	174	174	f	3	174
175	20000.00	2024-07-15	r	175	175	175	f	3	175
176	20000.00	2024-07-15	r	176	176	176	f	3	176
177	20000.00	2024-07-15	r	177	177	177	f	3	177
178	20000.00	2024-07-16	r	178	178	178	f	3	178
179	33250.00	2024-07-16	r	179	179	179	f	3	179
180	20000.00	2024-07-16	r	180	180	180	f	3	180
181	33250.00	2024-07-16	r	181	181	181	f	3	181
182	27500.00	2024-07-16	r	182	182	182	f	3	182
183	27500.00	2024-07-16	r	183	183	183	f	3	183
184	9900.00	2024-07-17	r	184	184	184	f	3	184
185	50000.00	2024-07-17	r	185	185	185	f	3	185
186	50000.00	2024-07-17	r	186	186	186	f	3	186
187	9900.00	2024-07-17	r	187	187	187	f	3	187
188	12500.00	2024-07-17	r	188	188	188	f	3	188
189	12500.00	2024-07-17	r	189	189	189	f	3	189
190	7500.00	2024-07-18	r	190	190	190	f	3	190
191	7500.00	2024-07-18	r	191	191	191	f	3	191
192	19800.00	2024-07-18	r	192	192	192	f	3	192
193	19800.00	2024-07-18	r	193	193	193	f	3	193
194	2500.00	2024-07-18	r	194	194	194	f	3	194
195	2500.00	2024-07-18	r	195	195	195	f	3	195
196	7500.00	2024-07-22	r	196	196	196	f	3	196
197	7500.00	2024-07-22	r	197	197	197	f	3	197
198	7500.00	2024-07-23	r	198	198	198	f	3	198
199	7500.00	2024-07-23	r	199	199	199	f	3	199
200	3300.00	2024-07-24	r	200	200	200	f	3	200
201	3300.00	2024-07-24	r	201	201	201	f	3	201
202	15000.00	2024-07-24	r	202	202	202	f	3	202
203	15000.00	2024-07-24	r	203	203	203	f	3	203
204	10000.00	2024-07-25	r	204	204	204	f	3	204
205	10000.00	2024-07-25	r	205	205	205	f	3	205
206	3300.00	2024-07-26	r	206	206	206	f	3	206
207	3300.00	2024-07-26	r	207	207	207	f	3	207
208	12500.00	2024-07-26	r	208	208	208	f	3	208
209	12500.00	2024-07-26	r	209	209	209	f	3	209
210	22500.00	2024-07-29	r	210	210	210	f	3	210
211	22500.00	2024-07-29	r	211	211	211	f	3	211
212	66000.00	2024-07-29	r	212	212	212	f	3	212
213	3300.00	2024-07-29	r	213	213	213	f	3	213
214	3300.00	2024-07-29	r	214	214	214	f	3	214
215	17500.00	2024-07-29	r	215	215	215	f	3	215
216	17500.00	2024-07-29	r	216	216	216	f	3	216
217	30000.00	2024-07-30	r	217	217	217	f	3	217
218	30000.00	2024-07-30	r	218	218	218	f	3	218
219	26400.00	2024-07-30	r	219	219	219	f	3	219
220	26400.00	2024-07-30	r	220	220	220	f	3	220
221	2500.00	2024-07-30	r	221	221	221	f	3	221
222	2500.00	2024-07-30	r	222	222	222	f	3	222
223	22500.00	2024-07-31	r	223	223	223	f	3	223
224	22500.00	2024-07-31	r	224	224	224	f	3	224
225	3300.00	2024-07-31	r	225	225	225	f	3	225
226	3300.00	2024-07-31	r	226	226	226	f	3	226
227	12500.00	2024-07-31	r	227	227	227	f	3	227
228	12500.00	2024-07-31	r	228	228	228	f	3	228
229	40000.00	2024-08-01	r	229	229	229	f	3	229
230	10000.00	2024-08-01	r	230	230	230	f	3	230
231	6600.00	2024-08-01	r	231	231	231	f	3	231
232	15000.00	2024-08-02	r	232	232	232	f	3	232
233	5000.00	2024-08-02	r	233	233	233	f	3	233
234	6600.00	2024-08-02	r	234	234	234	f	3	234
235	20000.00	2024-08-05	r	235	235	235	f	3	235
236	23750.00	2024-08-05	r	236	236	236	f	3	236
237	15000.00	2024-08-05	r	237	237	237	f	3	237
238	0.00	2024-08-06	r	238	238	238	f	3	238
239	35000.00	2024-08-08	r	239	239	239	f	3	239
240	66000.00	2024-08-08	r	240	240	240	f	3	240
241	40000.00	2024-08-09	r	241	241	241	f	3	241
242	25000.00	2024-08-09	r	242	242	242	f	3	242
243	19800.00	2024-08-09	r	243	243	243	f	3	243
244	50000.00	2024-08-12	r	244	244	244	f	3	244
245	20000.00	2024-08-12	r	245	245	245	f	3	245
246	66000.00	2024-08-12	r	246	246	246	f	3	246
247	30000.00	2024-08-13	r	247	247	247	f	3	247
248	35000.00	2024-08-13	r	248	248	248	f	3	248
249	39600.00	2024-08-13	r	249	249	249	f	3	249
250	15000.00	2024-08-14	r	250	250	250	f	3	250
251	15000.00	2024-08-14	r	251	251	251	f	3	251
252	19800.00	2024-08-14	r	252	252	252	f	3	252
253	20000.00	2024-08-16	r	253	253	253	f	3	253
254	10000.00	2024-08-16	r	254	254	254	f	3	254
255	6600.00	2024-08-16	r	255	255	255	f	3	255
256	15000.00	2024-08-19	r	256	256	256	f	3	256
257	13200.00	2024-08-19	r	257	257	257	f	3	257
258	10000.00	2024-08-20	r	258	258	258	f	3	258
259	6600.00	2024-08-20	r	259	259	259	f	3	259
260	25000.00	2024-08-21	r	260	260	260	f	3	260
261	45000.00	2024-08-21	r	261	261	261	f	3	261
262	26400.00	2024-08-21	r	262	262	262	f	3	262
263	20000.00	2024-08-22	r	263	263	263	f	3	263
264	30000.00	2024-08-22	r	264	264	264	f	3	264
265	6600.00	2024-08-22	r	265	265	265	f	3	265
266	6600.00	2024-08-22	r	266	266	266	f	3	266
267	25000.00	2024-08-23	r	267	267	267	f	3	267
268	10000.00	2024-08-23	r	268	268	268	f	3	268
269	6600.00	2024-08-23	r	269	269	269	f	3	269
270	25000.00	2024-08-26	r	270	270	270	f	3	270
271	30000.00	2024-08-26	r	271	271	271	f	3	271
272	33000.00	2024-08-26	r	272	272	272	f	3	272
273	6600.00	2024-08-26	r	273	273	273	f	3	273
274	45000.00	2024-08-27	r	274	274	274	f	3	274
275	30000.00	2024-08-27	r	275	275	275	f	3	275
276	19800.00	2024-08-27	r	276	276	276	f	3	276
277	13200.00	2024-08-27	r	277	277	277	f	3	277
278	10000.00	2024-08-28	r	278	278	278	f	3	278
279	15000.00	2024-08-28	r	279	279	279	f	3	279
280	26400.00	2024-08-28	r	280	280	280	f	3	280
281	20000.00	2024-08-29	r	281	281	281	f	3	281
282	10000.00	2024-08-29	r	282	282	282	f	3	282
283	39600.00	2024-08-29	r	283	283	283	f	3	283
284	13200.00	2024-08-29	r	284	284	284	f	3	284
285	30000.00	2024-08-30	r	285	285	285	f	3	285
286	33000.00	2024-08-30	r	286	286	286	f	3	286
287	0.00	2024-09-02	r	287	287	287	f	3	287
288	10000.00	2024-09-03	r	288	288	288	f	3	288
289	15000.00	2024-09-03	r	289	289	289	f	3	289
290	13200.00	2024-09-03	r	290	290	290	f	3	290
291	6600.00	2024-09-03	r	291	291	291	f	3	291
292	50000.00	2024-09-04	r	292	292	292	f	3	292
293	20000.00	2024-09-04	r	293	293	293	f	3	293
294	19800.00	2024-09-04	r	294	294	294	f	3	294
295	6600.00	2024-09-04	r	295	295	295	f	3	295
296	25000.00	2024-09-06	r	296	296	296	f	3	296
297	39600.00	2024-09-06	r	297	297	297	f	3	297
298	35000.00	2024-09-09	r	298	298	298	f	3	298
299	15000.00	2024-09-09	r	299	299	299	f	3	299
300	25000.00	2024-09-10	r	300	300	300	f	3	300
301	15000.00	2024-09-10	r	301	301	301	f	3	301
302	30000.00	2024-09-11	r	302	302	302	f	3	302
303	15000.00	2024-09-11	r	303	303	303	f	3	303
304	6600.00	2024-09-11	r	304	304	304	f	3	304
305	0.00	2024-09-12	r	305	305	305	f	3	305
306	20000.00	2024-09-12	r	306	306	306	f	3	306
307	39600.00	2024-09-12	r	307	307	307	f	3	307
308	40000.00	2024-09-13	r	308	308	308	f	3	308
309	10000.00	2024-09-13	r	309	309	309	f	3	309
310	20000.00	2024-09-16	r	310	310	310	f	3	310
311	15000.00	2024-09-16	r	311	311	311	f	3	311
312	13200.00	2024-09-16	r	312	312	312	f	3	312
313	6600.00	2024-09-16	r	313	313	313	f	3	313
314	30000.00	2024-09-17	r	314	314	314	f	3	314
315	20000.00	2024-09-17	r	315	315	315	f	3	315
316	20000.00	2024-09-18	r	316	316	316	f	3	316
317	5000.00	2024-09-18	r	317	317	317	f	3	317
318	10000.00	2024-09-18	r	318	318	318	f	3	318
319	10000.00	2024-09-19	r	319	319	319	f	3	319
320	15000.00	2024-09-19	r	320	320	320	f	3	320
321	19800.00	2024-09-19	r	321	321	321	f	3	321
322	55000.00	2024-09-20	r	322	322	322	f	3	322
323	10000.00	2024-09-20	r	323	323	323	f	3	323
324	19800.00	2024-09-20	r	324	324	324	f	3	324
325	6600.00	2024-09-20	r	325	325	325	f	3	325
326	30000.00	2024-09-23	r	326	326	326	f	3	326
327	25000.00	2024-09-23	r	327	327	327	f	3	327
328	19800.00	2024-09-23	r	328	328	328	f	3	328
329	30000.00	2024-09-24	r	329	329	329	f	3	329
330	25000.00	2024-09-24	r	330	330	330	f	3	330
331	5000.00	2024-09-25	r	331	331	331	f	3	331
332	30000.00	2024-09-25	r	332	332	332	f	3	332
333	33000.00	2024-09-25	r	333	333	333	f	3	333
334	6600.00	2024-09-25	r	334	334	334	f	3	334
335	47500.00	2024-09-26	r	335	335	335	f	3	335
336	10000.00	2024-09-26	r	336	336	336	f	3	336
337	35000.00	2024-09-27	r	337	337	337	f	3	337
338	10000.00	2024-09-27	r	338	338	338	f	3	338
339	6600.00	2024-09-27	r	339	339	339	f	3	339
\.


--
-- Data for Name: crm_product; Type: TABLE DATA; Schema: public; Owner: vaflaly
--

COPY public.crm_product (id, creation_date, update_date, name, description, price, on_sale, type, currency_id, department_id, modified_by_id, product_category_id) FROM stdin;
3	2024-10-15 15:44:24.099497-05	2024-10-15 20:08:27.810593-05	Savon Liquide 750ml - 12 pcs		6600.00	t	G	3	9	1	1
1	2024-10-15 15:42:14.600474-05	2024-10-15 20:08:40.125035-05	Savon Solide 275g - 24 pcs		4750.00	t	G	3	9	1	2
2	2024-10-15 15:43:13.34043-05	2024-10-15 20:08:54.828461-05	Savon Solide 275g - 48 pcs		9500.00	t	G	3	9	1	1
\.


--
-- Data for Name: crm_productcategory; Type: TABLE DATA; Schema: public; Owner: vaflaly
--

COPY public.crm_productcategory (id, creation_date, update_date, name, description, department_id) FROM stdin;
1	2024-10-15 15:40:07.658694-05	2024-10-15 15:40:07.663054-05	Vaisselle		9
2	2024-10-15 15:40:24.938696-05	2024-10-15 15:40:24.944717-05	Lessive		9
3	2024-10-15 15:40:58.265784-05	2024-10-15 15:40:58.270891-05	Multitche		9
\.


--
-- Data for Name: crm_rate; Type: TABLE DATA; Schema: public; Owner: vaflaly
--

COPY public.crm_rate (id, payment_date, rate_to_state_currency, rate_to_marketing_currency, rate_type, currency_id) FROM stdin;
\.


--
-- Data for Name: crm_request; Type: TABLE DATA; Schema: public; Owner: vaflaly
--

COPY public.crm_request (id, creation_date, update_date, request_for, first_name, middle_name, last_name, email, phone, website, company_name, receipt_date, city_name, description, translation, remark, pending, subsequent, duplicate, verification_required, ticket, city_id, co_owner_id, company_id, contact_id, country_id, deal_id, department_id, lead_id, lead_source_id, modified_by_id, owner_id) FROM stdin;
19	2024-10-13 00:00:00-05	2024-10-13 00:00:00-05	SAVON LIQUIDE VAISELLE	Commercial1	x	x	email	707893636	www	General	\N	Abidjan	SAVON LIQUIDE VAISELLE	SAVON LIQUIDE VAISELLE	ras	f	f	f	f	cHxRxbjujoj19	1	\N	1	1	43	\N	9	\N	\N	2	2
20	2024-10-13 00:00:00-05	2024-10-13 00:00:00-05	SAVON LIQUIDE VAISELLE - J	Commercial2	x	x	email	707893636	www	General	\N	Abidjan	SAVON LIQUIDE VAISELLE - J	SAVON LIQUIDE VAISELLE - J	ras	f	f	f	f	cHxRxbjujoj20	1	\N	1	2	43	\N	9	\N	\N	2	2
21	2024-10-13 00:00:00-05	2024-10-13 00:00:00-05	SAVON LIQUIDE VAISELLE - V	Commercial2	x	x	email	707893636	www	General	\N	Abidjan	SAVON LIQUIDE VAISELLE - V	SAVON LIQUIDE VAISELLE - V	ras	f	f	f	f	cHxRxbjujoj21	1	\N	1	2	43	\N	9	\N	\N	2	2
22	2024-10-13 00:00:00-05	2024-10-13 00:00:00-05	SAVON SOLIDE 24 J	Commercial1	x	x	email	707893636	www	General	\N	Abidjan	SAVON SOLIDE 24 J	SAVON SOLIDE 24 J	ras	f	f	f	f	cHxRxbjujoj22	1	\N	1	1	43	\N	9	\N	\N	2	2
23	2024-10-13 00:00:00-05	2024-10-13 00:00:00-05	SAVON SOLIDE 24 B	Commercial1	x	x	email	707893636	www	General	\N	Abidjan	SAVON SOLIDE 24 B	SAVON SOLIDE 24 B	ras	f	f	f	f	cHxRxbjujoj23	1	\N	1	1	43	\N	9	\N	\N	2	2
24	2024-10-13 00:00:00-05	2024-10-13 00:00:00-05	SAVON SOLIDE 24 J	Commercial1	x	x	email	707893636	www	General	\N	Abidjan	SAVON SOLIDE 24 J	SAVON SOLIDE 24 J	ras	f	f	f	f	cHxRxbjujoj24	1	\N	1	1	43	\N	9	\N	\N	2	2
25	2024-10-13 00:00:00-05	2024-10-13 00:00:00-05	SAVON SOLIDE 24 B	Commercial1	x	x	email	707893636	www	General	\N	Abidjan	SAVON SOLIDE 24 B	SAVON SOLIDE 24 B	ras	f	f	f	f	cHxRxbjujoj25	1	\N	1	1	43	\N	9	\N	\N	2	2
26	2024-10-13 00:00:00-05	2024-10-13 00:00:00-05	SAVON SOLIDE 24 J	Commercial2	x	x	email	707893636	www	General	\N	Abidjan	SAVON SOLIDE 24 J	SAVON SOLIDE 24 J	ras	f	f	f	f	cHxRxbjujoj26	1	\N	1	2	43	\N	9	\N	\N	2	2
27	2024-10-13 00:00:00-05	2024-10-13 00:00:00-05	SAVON SOLIDE 24 B	Commercial2	x	x	email	707893636	www	General	\N	Abidjan	SAVON SOLIDE 24 B	SAVON SOLIDE 24 B	ras	f	f	f	f	cHxRxbjujoj27	1	\N	1	2	43	\N	9	\N	\N	2	2
28	2024-10-13 00:00:00-05	2024-10-13 00:00:00-05	SAVON SOLIDE 24 J	Commercial1	x	x	email	707893636	www	General	\N	Abidjan	SAVON SOLIDE 24 J	SAVON SOLIDE 24 J	ras	f	f	f	f	cHxRxbjujoj28	1	\N	1	1	43	\N	9	\N	\N	2	2
29	2024-10-13 00:00:00-05	2024-10-13 00:00:00-05	SAVON SOLIDE 24 B	Commercial1	x	x	email	707893636	www	General	\N	Abidjan	SAVON SOLIDE 24 B	SAVON SOLIDE 24 B	ras	f	f	f	f	cHxRxbjujoj29	1	\N	1	1	43	\N	9	\N	\N	2	2
30	2024-10-13 00:00:00-05	2024-10-13 00:00:00-05	SAVON SOLIDE 24 J	Commercial2	x	x	email	707893636	www	General	\N	Abidjan	SAVON SOLIDE 24 J	SAVON SOLIDE 24 J	ras	f	f	f	f	cHxRxbjujoj30	1	\N	1	2	43	\N	9	\N	\N	2	2
31	2024-10-13 00:00:00-05	2024-10-13 00:00:00-05	SAVON SOLIDE 24 B	Commercial2	x	x	email	707893636	www	General	\N	Abidjan	SAVON SOLIDE 24 B	SAVON SOLIDE 24 B	ras	f	f	f	f	cHxRxbjujoj31	1	\N	1	2	43	\N	9	\N	\N	2	2
32	2024-10-13 00:00:00-05	2024-10-13 00:00:00-05	SAVON SOLIDE 24 J	Commercial1	x	x	email	707893636	www	General	\N	Abidjan	SAVON SOLIDE 24 J	SAVON SOLIDE 24 J	ras	f	f	f	f	cHxRxbjujoj32	1	\N	1	1	43	\N	9	\N	\N	2	2
33	2024-10-13 00:00:00-05	2024-10-13 00:00:00-05	SAVON SOLIDE 24 B	Commercial1	x	x	email	707893636	www	General	\N	Abidjan	SAVON SOLIDE 24 B	SAVON SOLIDE 24 B	ras	f	f	f	f	cHxRxbjujoj33	1	\N	1	1	43	\N	9	\N	\N	2	2
34	2024-10-13 00:00:00-05	2024-10-13 00:00:00-05	SAVON SOLIDE 24 J	Commercial2	x	x	email	707893636	www	General	\N	Abidjan	SAVON SOLIDE 24 J	SAVON SOLIDE 24 J	ras	f	f	f	f	cHxRxbjujoj34	1	\N	1	2	43	\N	9	\N	\N	2	2
35	2024-10-13 00:00:00-05	2024-10-13 00:00:00-05	SAVON SOLIDE 24 B	Commercial2	x	x	email	707893636	www	General	\N	Abidjan	SAVON SOLIDE 24 B	SAVON SOLIDE 24 B	ras	f	f	f	f	cHxRxbjujoj35	1	\N	1	2	43	\N	9	\N	\N	2	2
36	2024-10-13 00:00:00-05	2024-10-13 00:00:00-05	SAVON LIQUIDE VAISELLE	Commercial1	x	x	email	707893636	www	General	\N	Abidjan	SAVON LIQUIDE VAISELLE	SAVON LIQUIDE VAISELLE	ras	f	f	f	f	cHxRxbjujoj36	1	\N	1	1	43	\N	9	\N	\N	2	2
37	2024-10-13 00:00:00-05	2024-10-13 00:00:00-05	SAVON LIQUIDE VAISELLE - V	Commercial2	x	x	email	707893636	www	General	\N	Abidjan	SAVON LIQUIDE VAISELLE - V	SAVON LIQUIDE VAISELLE - V	ras	f	f	f	f	cHxRxbjujoj37	1	\N	1	2	43	\N	9	\N	\N	2	2
38	2024-10-13 00:00:00-05	2024-10-13 00:00:00-05	SAVON SOLIDE 24 J	Commercial1	x	x	email	707893636	www	General	\N	Abidjan	SAVON SOLIDE 24 J	SAVON SOLIDE 24 J	ras	f	f	f	f	cHxRxbjujoj38	1	\N	1	1	43	\N	9	\N	\N	2	2
39	2024-10-13 00:00:00-05	2024-10-13 00:00:00-05	SAVON SOLIDE 24 J	Commercial1	x	x	email	707893636	www	General	\N	Abidjan	SAVON SOLIDE 24 J	SAVON SOLIDE 24 J	ras	f	f	f	f	cHxRxbjujoj39	1	\N	1	1	43	\N	9	\N	\N	2	2
40	2024-10-13 00:00:00-05	2024-10-13 00:00:00-05	SAVON SOLIDE 24 B	Commercial1	x	x	email	707893636	www	General	\N	Abidjan	SAVON SOLIDE 24 B	SAVON SOLIDE 24 B	ras	f	f	f	f	cHxRxbjujoj40	1	\N	1	1	43	\N	9	\N	\N	2	2
41	2024-10-13 00:00:00-05	2024-10-13 00:00:00-05	SAVON SOLIDE 24 B	Commercial1	x	x	email	707893636	www	General	\N	Abidjan	SAVON SOLIDE 24 B	SAVON SOLIDE 24 B	ras	f	f	f	f	cHxRxbjujoj41	1	\N	1	1	43	\N	9	\N	\N	2	2
42	2024-10-13 00:00:00-05	2024-10-13 00:00:00-05	SAVON SOLIDE 24 J	Commercial2	x	x	email	707893636	www	General	\N	Abidjan	SAVON SOLIDE 24 J	SAVON SOLIDE 24 J	ras	f	f	f	f	cHxRxbjujoj42	1	\N	1	2	43	\N	9	\N	\N	2	2
43	2024-10-13 00:00:00-05	2024-10-13 00:00:00-05	SAVON SOLIDE 24 B	Commercial2	x	x	email	707893636	www	General	\N	Abidjan	SAVON SOLIDE 24 B	SAVON SOLIDE 24 B	ras	f	f	f	f	cHxRxbjujoj43	1	\N	1	2	43	\N	9	\N	\N	2	2
44	2024-10-13 00:00:00-05	2024-10-13 00:00:00-05	SAVON SOLIDE 24 J	Commercial1	x	x	email	707893636	www	General	\N	Abidjan	SAVON SOLIDE 24 J	SAVON SOLIDE 24 J	ras	f	f	f	f	cHxRxbjujoj44	1	\N	1	1	43	\N	9	\N	\N	2	2
45	2024-10-13 00:00:00-05	2024-10-13 00:00:00-05	SAVON SOLIDE 24 B	Commercial1	x	x	email	707893636	www	General	\N	Abidjan	SAVON SOLIDE 24 B	SAVON SOLIDE 24 B	ras	f	f	f	f	cHxRxbjujoj45	1	\N	1	1	43	\N	9	\N	\N	2	2
46	2024-10-13 00:00:00-05	2024-10-13 00:00:00-05	SAVON SOLIDE 24 J	Commercial2	x	x	email	707893636	www	General	\N	Abidjan	SAVON SOLIDE 24 J	SAVON SOLIDE 24 J	ras	f	f	f	f	cHxRxbjujoj46	1	\N	1	2	43	\N	9	\N	\N	2	2
47	2024-10-13 00:00:00-05	2024-10-13 00:00:00-05	SAVON SOLIDE 24 B	Commercial2	x	x	email	707893636	www	General	\N	Abidjan	SAVON SOLIDE 24 B	SAVON SOLIDE 24 B	ras	f	f	f	f	cHxRxbjujoj47	1	\N	1	2	43	\N	9	\N	\N	2	2
48	2024-10-13 00:00:00-05	2024-10-13 00:00:00-05	SAVON SOLIDE 24 J	Commercial1	x	x	email	707893636	www	General	\N	Abidjan	SAVON SOLIDE 24 J	SAVON SOLIDE 24 J	ras	f	f	f	f	cHxRxbjujoj48	1	\N	1	1	43	\N	9	\N	\N	2	2
49	2024-10-13 00:00:00-05	2024-10-13 00:00:00-05	SAVON SOLIDE 24 J	Commercial1	x	x	email	707893636	www	General	\N	Abidjan	SAVON SOLIDE 24 J	SAVON SOLIDE 24 J	ras	f	f	f	f	cHxRxbjujoj49	1	\N	1	1	43	\N	9	\N	\N	2	2
50	2024-10-13 00:00:00-05	2024-10-13 00:00:00-05	SAVON SOLIDE 24 B	Commercial1	x	x	email	707893636	www	General	\N	Abidjan	SAVON SOLIDE 24 B	SAVON SOLIDE 24 B	ras	f	f	f	f	cHxRxbjujoj50	1	\N	1	1	43	\N	9	\N	\N	2	2
51	2024-10-13 00:00:00-05	2024-10-13 00:00:00-05	SAVON SOLIDE 24 B	Commercial1	x	x	email	707893636	www	General	\N	Abidjan	SAVON SOLIDE 24 B	SAVON SOLIDE 24 B	ras	f	f	f	f	cHxRxbjujoj51	1	\N	1	1	43	\N	9	\N	\N	2	2
52	2024-10-13 00:00:00-05	2024-10-13 00:00:00-05	SAVON SOLIDE 24 J	Commercial2	x	x	email	707893636	www	General	\N	Abidjan	SAVON SOLIDE 24 J	SAVON SOLIDE 24 J	ras	f	f	f	f	cHxRxbjujoj52	1	\N	1	2	43	\N	9	\N	\N	2	2
53	2024-10-13 00:00:00-05	2024-10-13 00:00:00-05	SAVON SOLIDE 24 B	Commercial2	x	x	email	707893636	www	General	\N	Abidjan	SAVON SOLIDE 24 B	SAVON SOLIDE 24 B	ras	f	f	f	f	cHxRxbjujoj53	1	\N	1	2	43	\N	9	\N	\N	2	2
54	2024-10-13 00:00:00-05	2024-10-13 00:00:00-05	SAVON SOLIDE 24 J	Commercial1	x	x	email	707893636	www	General	\N	Abidjan	SAVON SOLIDE 24 J	SAVON SOLIDE 24 J	ras	f	f	f	f	cHxRxbjujoj54	1	\N	1	1	43	\N	9	\N	\N	2	2
55	2024-10-13 00:00:00-05	2024-10-13 00:00:00-05	SAVON SOLIDE 24 B	Commercial1	x	x	email	707893636	www	General	\N	Abidjan	SAVON SOLIDE 24 B	SAVON SOLIDE 24 B	ras	f	f	f	f	cHxRxbjujoj55	1	\N	1	1	43	\N	9	\N	\N	2	2
56	2024-10-13 00:00:00-05	2024-10-13 00:00:00-05	SAVON SOLIDE 24 J	Commercial2	x	x	email	707893636	www	General	\N	Abidjan	SAVON SOLIDE 24 J	SAVON SOLIDE 24 J	ras	f	f	f	f	cHxRxbjujoj56	1	\N	1	2	43	\N	9	\N	\N	2	2
57	2024-10-13 00:00:00-05	2024-10-13 00:00:00-05	SAVON SOLIDE 24 B	Commercial2	x	x	email	707893636	www	General	\N	Abidjan	SAVON SOLIDE 24 B	SAVON SOLIDE 24 B	ras	f	f	f	f	cHxRxbjujoj57	1	\N	1	2	43	\N	9	\N	\N	2	2
58	2024-10-13 00:00:00-05	2024-10-13 00:00:00-05	SAVON LIQUIDE VAISELLE - V	Commercial2	x	x	email	707893636	www	General	\N	Abidjan	SAVON LIQUIDE VAISELLE - V	SAVON LIQUIDE VAISELLE - V	ras	f	f	f	f	cHxRxbjujoj58	1	\N	1	2	43	\N	9	\N	\N	2	2
59	2024-10-13 00:00:00-05	2024-10-13 00:00:00-05	SAVON SOLIDE 24 J	Commercial1	x	x	email	707893636	www	General	\N	Abidjan	SAVON SOLIDE 24 J	SAVON SOLIDE 24 J	ras	f	f	f	f	cHxRxbjujoj59	1	\N	1	1	43	\N	9	\N	\N	2	2
60	2024-10-13 00:00:00-05	2024-10-13 00:00:00-05	SAVON SOLIDE 24 B	Commercial1	x	x	email	707893636	www	General	\N	Abidjan	SAVON SOLIDE 24 B	SAVON SOLIDE 24 B	ras	f	f	f	f	cHxRxbjujoj60	1	\N	1	1	43	\N	9	\N	\N	2	2
61	2024-10-13 00:00:00-05	2024-10-13 00:00:00-05	SAVON SOLIDE 24 J	Commercial2	x	x	email	707893636	www	General	\N	Abidjan	SAVON SOLIDE 24 J	SAVON SOLIDE 24 J	ras	f	f	f	f	cHxRxbjujoj61	1	\N	1	2	43	\N	9	\N	\N	2	2
62	2024-10-13 00:00:00-05	2024-10-13 00:00:00-05	SAVON SOLIDE 24 B	Commercial2	x	x	email	707893636	www	General	\N	Abidjan	SAVON SOLIDE 24 B	SAVON SOLIDE 24 B	ras	f	f	f	f	cHxRxbjujoj62	1	\N	1	2	43	\N	9	\N	\N	2	2
63	2024-10-13 00:00:00-05	2024-10-13 00:00:00-05	SAVON SOLIDE 24 J	Commercial1	x	x	email	707893636	www	General	\N	Abidjan	SAVON SOLIDE 24 J	SAVON SOLIDE 24 J	ras	f	f	f	f	cHxRxbjujoj63	1	\N	1	1	43	\N	9	\N	\N	2	2
64	2024-10-13 00:00:00-05	2024-10-13 00:00:00-05	SAVON SOLIDE 24 B	Commercial1	x	x	email	707893636	www	General	\N	Abidjan	SAVON SOLIDE 24 B	SAVON SOLIDE 24 B	ras	f	f	f	f	cHxRxbjujoj64	1	\N	1	1	43	\N	9	\N	\N	2	2
65	2024-10-13 00:00:00-05	2024-10-13 00:00:00-05	SAVON SOLIDE 24 J	Commercial1	x	x	email	707893636	www	General	\N	Abidjan	SAVON SOLIDE 24 J	SAVON SOLIDE 24 J	ras	f	f	f	f	cHxRxbjujoj65	1	\N	1	1	43	\N	9	\N	\N	2	2
66	2024-10-13 00:00:00-05	2024-10-13 00:00:00-05	SAVON SOLIDE 24 B	Commercial1	x	x	email	707893636	www	General	\N	Abidjan	SAVON SOLIDE 24 B	SAVON SOLIDE 24 B	ras	f	f	f	f	cHxRxbjujoj66	1	\N	1	1	43	\N	9	\N	\N	2	2
67	2024-10-13 00:00:00-05	2024-10-13 00:00:00-05	SAVON SOLIDE 24 J	Commercial1	x	x	email	707893636	www	General	\N	Abidjan	SAVON SOLIDE 24 J	SAVON SOLIDE 24 J	ras	f	f	f	f	cHxRxbjujoj67	1	\N	1	1	43	\N	9	\N	\N	2	2
68	2024-10-13 00:00:00-05	2024-10-13 00:00:00-05	SAVON SOLIDE 24 B	Commercial1	x	x	email	707893636	www	General	\N	Abidjan	SAVON SOLIDE 24 B	SAVON SOLIDE 24 B	ras	f	f	f	f	cHxRxbjujoj68	1	\N	1	1	43	\N	9	\N	\N	2	2
69	2024-10-13 00:00:00-05	2024-10-13 00:00:00-05	SAVON LIQUIDE VAISELLE - J	Commercial2	x	x	email	707893636	www	General	\N	Abidjan	SAVON LIQUIDE VAISELLE - J	SAVON LIQUIDE VAISELLE - J	ras	f	f	f	f	cHxRxbjujoj69	1	\N	1	2	43	\N	9	\N	\N	2	2
70	2024-10-13 00:00:00-05	2024-10-13 00:00:00-05	SAVON SOLIDE 24 J	Commercial1	x	x	email	707893636	www	General	\N	Abidjan	SAVON SOLIDE 24 J	SAVON SOLIDE 24 J	ras	f	f	f	f	cHxRxbjujoj70	1	\N	1	1	43	\N	9	\N	\N	2	2
71	2024-10-13 00:00:00-05	2024-10-13 00:00:00-05	SAVON SOLIDE 24 B	Commercial1	x	x	email	707893636	www	General	\N	Abidjan	SAVON SOLIDE 24 B	SAVON SOLIDE 24 B	ras	f	f	f	f	cHxRxbjujoj71	1	\N	1	1	43	\N	9	\N	\N	2	2
72	2024-10-13 00:00:00-05	2024-10-13 00:00:00-05	SAVON SOLIDE 24 J	Commercial1	x	x	email	707893636	www	General	\N	Abidjan	SAVON SOLIDE 24 J	SAVON SOLIDE 24 J	ras	f	f	f	f	cHxRxbjujoj72	1	\N	1	1	43	\N	9	\N	\N	2	2
73	2024-10-13 00:00:00-05	2024-10-13 00:00:00-05	SAVON SOLIDE 24 J	Commercial1	x	x	email	707893636	www	General	\N	Abidjan	SAVON SOLIDE 24 J	SAVON SOLIDE 24 J	ras	f	f	f	f	cHxRxbjujoj73	1	\N	1	1	43	\N	9	\N	\N	2	2
74	2024-10-13 00:00:00-05	2024-10-13 00:00:00-05	SAVON SOLIDE 24 B	Commercial1	x	x	email	707893636	www	General	\N	Abidjan	SAVON SOLIDE 24 B	SAVON SOLIDE 24 B	ras	f	f	f	f	cHxRxbjujoj74	1	\N	1	1	43	\N	9	\N	\N	2	2
75	2024-10-13 00:00:00-05	2024-10-13 00:00:00-05	SAVON SOLIDE 24 B	Commercial1	x	x	email	707893636	www	General	\N	Abidjan	SAVON SOLIDE 24 B	SAVON SOLIDE 24 B	ras	f	f	f	f	cHxRxbjujoj75	1	\N	1	1	43	\N	9	\N	\N	2	2
76	2024-10-13 00:00:00-05	2024-10-13 00:00:00-05	SAVON SOLIDE 24 J	Commercial1	x	x	email	707893636	www	General	\N	Abidjan	SAVON SOLIDE 24 J	SAVON SOLIDE 24 J	ras	f	f	f	f	cHxRxbjujoj76	1	\N	1	1	43	\N	9	\N	\N	2	2
77	2024-10-13 00:00:00-05	2024-10-13 00:00:00-05	SAVON SOLIDE 24 B	Commercial1	x	x	email	707893636	www	General	\N	Abidjan	SAVON SOLIDE 24 B	SAVON SOLIDE 24 B	ras	f	f	f	f	cHxRxbjujoj77	1	\N	1	1	43	\N	9	\N	\N	2	2
78	2024-10-13 00:00:00-05	2024-10-13 00:00:00-05	SAVON SOLIDE 24 J	Commercial1	x	x	email	707893636	www	General	\N	Abidjan	SAVON SOLIDE 24 J	SAVON SOLIDE 24 J	ras	f	f	f	f	cHxRxbjujoj78	1	\N	1	1	43	\N	9	\N	\N	2	2
79	2024-10-13 00:00:00-05	2024-10-13 00:00:00-05	SAVON SOLIDE 24 B	Commercial1	x	x	email	707893636	www	General	\N	Abidjan	SAVON SOLIDE 24 B	SAVON SOLIDE 24 B	ras	f	f	f	f	cHxRxbjujoj79	1	\N	1	1	43	\N	9	\N	\N	2	2
80	2024-10-13 00:00:00-05	2024-10-13 00:00:00-05	SAVON SOLIDE 24 J	Commercial2	x	x	email	707893636	www	General	\N	Abidjan	SAVON SOLIDE 24 J	SAVON SOLIDE 24 J	ras	f	f	f	f	cHxRxbjujoj80	1	\N	1	2	43	\N	9	\N	\N	2	2
81	2024-10-13 00:00:00-05	2024-10-13 00:00:00-05	SAVON SOLIDE 24 B	Commercial2	x	x	email	707893636	www	General	\N	Abidjan	SAVON SOLIDE 24 B	SAVON SOLIDE 24 B	ras	f	f	f	f	cHxRxbjujoj81	1	\N	1	2	43	\N	9	\N	\N	2	2
82	2024-10-13 00:00:00-05	2024-10-13 00:00:00-05	SAVON SOLIDE 24 J	Commercial1	x	x	email	707893636	www	General	\N	Abidjan	SAVON SOLIDE 24 J	SAVON SOLIDE 24 J	ras	f	f	f	f	cHxRxbjujoj82	1	\N	1	1	43	\N	9	\N	\N	2	2
83	2024-10-13 00:00:00-05	2024-10-13 00:00:00-05	SAVON SOLIDE 24 B	Commercial1	x	x	email	707893636	www	General	\N	Abidjan	SAVON SOLIDE 24 B	SAVON SOLIDE 24 B	ras	f	f	f	f	cHxRxbjujoj83	1	\N	1	1	43	\N	9	\N	\N	2	2
84	2024-10-13 00:00:00-05	2024-10-13 00:00:00-05	SAVON SOLIDE 24 J	Commercial2	x	x	email	707893636	www	General	\N	Abidjan	SAVON SOLIDE 24 J	SAVON SOLIDE 24 J	ras	f	f	f	f	cHxRxbjujoj84	1	\N	1	2	43	\N	9	\N	\N	2	2
85	2024-10-13 00:00:00-05	2024-10-13 00:00:00-05	SAVON SOLIDE 24 B	Commercial2	x	x	email	707893636	www	General	\N	Abidjan	SAVON SOLIDE 24 B	SAVON SOLIDE 24 B	ras	f	f	f	f	cHxRxbjujoj85	1	\N	1	2	43	\N	9	\N	\N	2	2
86	2024-10-13 00:00:00-05	2024-10-13 00:00:00-05	SAVON LIQUIDE VAISELLE	Commercial1	x	x	email	707893636	www	General	\N	Abidjan	SAVON LIQUIDE VAISELLE	SAVON LIQUIDE VAISELLE	ras	f	f	f	f	cHxRxbjujoj86	1	\N	1	1	43	\N	9	\N	\N	2	2
87	2024-10-13 00:00:00-05	2024-10-13 00:00:00-05	SAVON LIQUIDE VAISELLE - J	Commercial2	x	x	email	707893636	www	General	\N	Abidjan	SAVON LIQUIDE VAISELLE - J	SAVON LIQUIDE VAISELLE - J	ras	f	f	f	f	cHxRxbjujoj87	1	\N	1	2	43	\N	9	\N	\N	2	2
88	2024-10-13 00:00:00-05	2024-10-13 00:00:00-05	SAVON SOLIDE 24 J	Commercial1	x	x	email	707893636	www	General	\N	Abidjan	SAVON SOLIDE 24 J	SAVON SOLIDE 24 J	ras	f	f	f	f	cHxRxbjujoj88	1	\N	1	1	43	\N	9	\N	\N	2	2
89	2024-10-13 00:00:00-05	2024-10-13 00:00:00-05	SAVON SOLIDE 24 B	Commercial1	x	x	email	707893636	www	General	\N	Abidjan	SAVON SOLIDE 24 B	SAVON SOLIDE 24 B	ras	f	f	f	f	cHxRxbjujoj89	1	\N	1	1	43	\N	9	\N	\N	2	2
90	2024-10-13 00:00:00-05	2024-10-13 00:00:00-05	SAVON SOLIDE 24 J	Commercial2	x	x	email	707893636	www	General	\N	Abidjan	SAVON SOLIDE 24 J	SAVON SOLIDE 24 J	ras	f	f	f	f	cHxRxbjujoj90	1	\N	1	2	43	\N	9	\N	\N	2	2
91	2024-10-13 00:00:00-05	2024-10-13 00:00:00-05	SAVON SOLIDE 24 B	Commercial2	x	x	email	707893636	www	General	\N	Abidjan	SAVON SOLIDE 24 B	SAVON SOLIDE 24 B	ras	f	f	f	f	cHxRxbjujoj91	1	\N	1	2	43	\N	9	\N	\N	2	2
92	2024-10-13 00:00:00-05	2024-10-13 00:00:00-05	SAVON LIQUIDE VAISELLE	Commercial1	x	x	email	707893636	www	General	\N	Abidjan	SAVON LIQUIDE VAISELLE	SAVON LIQUIDE VAISELLE	ras	f	f	f	f	cHxRxbjujoj92	1	\N	1	1	43	\N	9	\N	\N	2	2
93	2024-10-13 00:00:00-05	2024-10-13 00:00:00-05	SAVON LIQUIDE VAISELLE - J	Commercial2	x	x	email	707893636	www	General	\N	Abidjan	SAVON LIQUIDE VAISELLE - J	SAVON LIQUIDE VAISELLE - J	ras	f	f	f	f	cHxRxbjujoj93	1	\N	1	2	43	\N	9	\N	\N	2	2
94	2024-10-13 00:00:00-05	2024-10-13 00:00:00-05	SAVON LIQUIDE VAISELLE - J	Commercial2	x	x	email	707893636	www	General	\N	Abidjan	SAVON LIQUIDE VAISELLE - J	SAVON LIQUIDE VAISELLE - J	ras	f	f	f	f	cHxRxbjujoj94	1	\N	1	2	43	\N	9	\N	\N	2	2
95	2024-10-13 00:00:00-05	2024-10-13 00:00:00-05	SAVON SOLIDE 24 J	Commercial1	x	x	email	707893636	www	General	\N	Abidjan	SAVON SOLIDE 24 J	SAVON SOLIDE 24 J	ras	f	f	f	f	cHxRxbjujoj95	1	\N	1	1	43	\N	9	\N	\N	2	2
96	2024-10-13 00:00:00-05	2024-10-13 00:00:00-05	SAVON SOLIDE 24 B	Commercial1	x	x	email	707893636	www	General	\N	Abidjan	SAVON SOLIDE 24 B	SAVON SOLIDE 24 B	ras	f	f	f	f	cHxRxbjujoj96	1	\N	1	1	43	\N	9	\N	\N	2	2
97	2024-10-13 00:00:00-05	2024-10-13 00:00:00-05	SAVON SOLIDE 24 J	Commercial2	x	x	email	707893636	www	General	\N	Abidjan	SAVON SOLIDE 24 J	SAVON SOLIDE 24 J	ras	f	f	f	f	cHxRxbjujoj97	1	\N	1	2	43	\N	9	\N	\N	2	2
98	2024-10-13 00:00:00-05	2024-10-13 00:00:00-05	SAVON SOLIDE 24 B	Commercial2	x	x	email	707893636	www	General	\N	Abidjan	SAVON SOLIDE 24 B	SAVON SOLIDE 24 B	ras	f	f	f	f	cHxRxbjujoj98	1	\N	1	2	43	\N	9	\N	\N	2	2
99	2024-10-13 00:00:00-05	2024-10-13 00:00:00-05	SAVON LIQUIDE VAISELLE	Commercial1	x	x	email	707893636	www	General	\N	Abidjan	SAVON LIQUIDE VAISELLE	SAVON LIQUIDE VAISELLE	ras	f	f	f	f	cHxRxbjujoj99	1	\N	1	1	43	\N	9	\N	\N	2	2
100	2024-10-13 00:00:00-05	2024-10-13 00:00:00-05	SAVON LIQUIDE VAISELLE - J	Commercial2	x	x	email	707893636	www	General	\N	Abidjan	SAVON LIQUIDE VAISELLE - J	SAVON LIQUIDE VAISELLE - J	ras	f	f	f	f	cHxRxbjujoj100	1	\N	1	2	43	\N	9	\N	\N	2	2
101	2024-10-13 00:00:00-05	2024-10-13 00:00:00-05	SAVON SOLIDE 24 J	Commercial1	x	x	email	707893636	www	General	\N	Abidjan	SAVON SOLIDE 24 J	SAVON SOLIDE 24 J	ras	f	f	f	f	cHxRxbjujoj101	1	\N	1	1	43	\N	9	\N	\N	2	2
102	2024-10-13 00:00:00-05	2024-10-13 00:00:00-05	SAVON SOLIDE 24 B	Commercial1	x	x	email	707893636	www	General	\N	Abidjan	SAVON SOLIDE 24 B	SAVON SOLIDE 24 B	ras	f	f	f	f	cHxRxbjujoj102	1	\N	1	1	43	\N	9	\N	\N	2	2
103	2024-10-13 00:00:00-05	2024-10-13 00:00:00-05	SAVON SOLIDE 24 J	Commercial2	x	x	email	707893636	www	General	\N	Abidjan	SAVON SOLIDE 24 J	SAVON SOLIDE 24 J	ras	f	f	f	f	cHxRxbjujoj103	1	\N	1	2	43	\N	9	\N	\N	2	2
104	2024-10-13 00:00:00-05	2024-10-13 00:00:00-05	SAVON SOLIDE 24 B	Commercial2	x	x	email	707893636	www	General	\N	Abidjan	SAVON SOLIDE 24 B	SAVON SOLIDE 24 B	ras	f	f	f	f	cHxRxbjujoj104	1	\N	1	2	43	\N	9	\N	\N	2	2
105	2024-10-13 00:00:00-05	2024-10-13 00:00:00-05	SAVON LIQUIDE VAISELLE	Commercial1	x	x	email	707893636	www	General	\N	Abidjan	SAVON LIQUIDE VAISELLE	SAVON LIQUIDE VAISELLE	ras	f	f	f	f	cHxRxbjujoj105	1	\N	1	1	43	\N	9	\N	\N	2	2
106	2024-10-13 00:00:00-05	2024-10-13 00:00:00-05	SAVON LIQUIDE VAISELLE - J	Commercial2	x	x	email	707893636	www	General	\N	Abidjan	SAVON LIQUIDE VAISELLE - J	SAVON LIQUIDE VAISELLE - J	ras	f	f	f	f	cHxRxbjujoj106	1	\N	1	2	43	\N	9	\N	\N	2	2
107	2024-10-13 00:00:00-05	2024-10-13 00:00:00-05	SAVON SOLIDE 24 J	Commercial1	x	x	email	707893636	www	General	\N	Abidjan	SAVON SOLIDE 24 J	SAVON SOLIDE 24 J	ras	f	f	f	f	cHxRxbjujoj107	1	\N	1	1	43	\N	9	\N	\N	2	2
108	2024-10-13 00:00:00-05	2024-10-13 00:00:00-05	SAVON SOLIDE 24 B	Commercial1	x	x	email	707893636	www	General	\N	Abidjan	SAVON SOLIDE 24 B	SAVON SOLIDE 24 B	ras	f	f	f	f	cHxRxbjujoj108	1	\N	1	1	43	\N	9	\N	\N	2	2
109	2024-10-13 00:00:00-05	2024-10-13 00:00:00-05	SAVON SOLIDE 24 J	Commercial2	x	x	email	707893636	www	General	\N	Abidjan	SAVON SOLIDE 24 J	SAVON SOLIDE 24 J	ras	f	f	f	f	cHxRxbjujoj109	1	\N	1	2	43	\N	9	\N	\N	2	2
110	2024-10-13 00:00:00-05	2024-10-13 00:00:00-05	SAVON SOLIDE 24 B	Commercial2	x	x	email	707893636	www	General	\N	Abidjan	SAVON SOLIDE 24 B	SAVON SOLIDE 24 B	ras	f	f	f	f	cHxRxbjujoj110	1	\N	1	2	43	\N	9	\N	\N	2	2
111	2024-10-13 00:00:00-05	2024-10-13 00:00:00-05	SAVON LIQUIDE VAISELLE	Commercial1	x	x	email	707893636	www	General	\N	Abidjan	SAVON LIQUIDE VAISELLE	SAVON LIQUIDE VAISELLE	ras	f	f	f	f	cHxRxbjujoj111	1	\N	1	1	43	\N	9	\N	\N	2	2
112	2024-10-13 00:00:00-05	2024-10-13 00:00:00-05	SAVON LIQUIDE VAISELLE	Commercial1	x	x	email	707893636	www	General	\N	Abidjan	SAVON LIQUIDE VAISELLE	SAVON LIQUIDE VAISELLE	ras	f	f	f	f	cHxRxbjujoj112	1	\N	1	1	43	\N	9	\N	\N	2	2
113	2024-10-13 00:00:00-05	2024-10-13 00:00:00-05	SAVON LIQUIDE VAISELLE - J	Commercial2	x	x	email	707893636	www	General	\N	Abidjan	SAVON LIQUIDE VAISELLE - J	SAVON LIQUIDE VAISELLE - J	ras	f	f	f	f	cHxRxbjujoj113	1	\N	1	2	43	\N	9	\N	\N	2	2
114	2024-10-13 00:00:00-05	2024-10-13 00:00:00-05	SAVON LIQUIDE VAISELLE - J	Commercial2	x	x	email	707893636	www	General	\N	Abidjan	SAVON LIQUIDE VAISELLE - J	SAVON LIQUIDE VAISELLE - J	ras	f	f	f	f	cHxRxbjujoj114	1	\N	1	2	43	\N	9	\N	\N	2	2
115	2024-10-13 00:00:00-05	2024-10-13 00:00:00-05	SAVON SOLIDE 24 J	Commercial1	x	x	email	707893636	www	General	\N	Abidjan	SAVON SOLIDE 24 J	SAVON SOLIDE 24 J	ras	f	f	f	f	cHxRxbjujoj115	1	\N	1	1	43	\N	9	\N	\N	2	2
116	2024-10-13 00:00:00-05	2024-10-13 00:00:00-05	SAVON SOLIDE 24 B	Commercial1	x	x	email	707893636	www	General	\N	Abidjan	SAVON SOLIDE 24 B	SAVON SOLIDE 24 B	ras	f	f	f	f	cHxRxbjujoj116	1	\N	1	1	43	\N	9	\N	\N	2	2
117	2024-10-13 00:00:00-05	2024-10-13 00:00:00-05	SAVON SOLIDE 24 J	Commercial2	x	x	email	707893636	www	General	\N	Abidjan	SAVON SOLIDE 24 J	SAVON SOLIDE 24 J	ras	f	f	f	f	cHxRxbjujoj117	1	\N	1	2	43	\N	9	\N	\N	2	2
118	2024-10-13 00:00:00-05	2024-10-13 00:00:00-05	SAVON SOLIDE 24 B	Commercial2	x	x	email	707893636	www	General	\N	Abidjan	SAVON SOLIDE 24 B	SAVON SOLIDE 24 B	ras	f	f	f	f	cHxRxbjujoj118	1	\N	1	2	43	\N	9	\N	\N	2	2
119	2024-10-13 00:00:00-05	2024-10-13 00:00:00-05	SAVON LIQUIDE VAISELLE	Commercial1	x	x	email	707893636	www	General	\N	Abidjan	SAVON LIQUIDE VAISELLE	SAVON LIQUIDE VAISELLE	ras	f	f	f	f	cHxRxbjujoj119	1	\N	1	1	43	\N	9	\N	\N	2	2
120	2024-10-13 00:00:00-05	2024-10-13 00:00:00-05	SAVON LIQUIDE VAISELLE - J	Commercial2	x	x	email	707893636	www	General	\N	Abidjan	SAVON LIQUIDE VAISELLE - J	SAVON LIQUIDE VAISELLE - J	ras	f	f	f	f	cHxRxbjujoj120	1	\N	1	2	43	\N	9	\N	\N	2	2
121	2024-10-13 00:00:00-05	2024-10-13 00:00:00-05	SAVON SOLIDE 24 J	Commercial1	x	x	email	707893636	www	General	\N	Abidjan	SAVON SOLIDE 24 J	SAVON SOLIDE 24 J	ras	f	f	f	f	cHxRxbjujoj121	1	\N	1	1	43	\N	9	\N	\N	2	2
122	2024-10-13 00:00:00-05	2024-10-13 00:00:00-05	SAVON SOLIDE 24 B	Commercial1	x	x	email	707893636	www	General	\N	Abidjan	SAVON SOLIDE 24 B	SAVON SOLIDE 24 B	ras	f	f	f	f	cHxRxbjujoj122	1	\N	1	1	43	\N	9	\N	\N	2	2
123	2024-10-13 00:00:00-05	2024-10-13 00:00:00-05	SAVON SOLIDE 24 J	Commercial2	x	x	email	707893636	www	General	\N	Abidjan	SAVON SOLIDE 24 J	SAVON SOLIDE 24 J	ras	f	f	f	f	cHxRxbjujoj123	1	\N	1	2	43	\N	9	\N	\N	2	2
124	2024-10-13 00:00:00-05	2024-10-13 00:00:00-05	SAVON SOLIDE 24 B	Commercial2	x	x	email	707893636	www	General	\N	Abidjan	SAVON SOLIDE 24 B	SAVON SOLIDE 24 B	ras	f	f	f	f	cHxRxbjujoj124	1	\N	1	2	43	\N	9	\N	\N	2	2
125	2024-10-13 00:00:00-05	2024-10-13 00:00:00-05	SAVON LIQUIDE VAISELLE	Commercial1	x	x	email	707893636	www	General	\N	Abidjan	SAVON LIQUIDE VAISELLE	SAVON LIQUIDE VAISELLE	ras	f	f	f	f	cHxRxbjujoj125	1	\N	1	1	43	\N	9	\N	\N	2	2
126	2024-10-13 00:00:00-05	2024-10-13 00:00:00-05	SAVON LIQUIDE VAISELLE - J	Commercial2	x	x	email	707893636	www	General	\N	Abidjan	SAVON LIQUIDE VAISELLE - J	SAVON LIQUIDE VAISELLE - J	ras	f	f	f	f	cHxRxbjujoj126	1	\N	1	2	43	\N	9	\N	\N	2	2
127	2024-10-13 00:00:00-05	2024-10-13 00:00:00-05	SAVON SOLIDE 24 J	Commercial1	x	x	email	707893636	www	General	\N	Abidjan	SAVON SOLIDE 24 J	SAVON SOLIDE 24 J	ras	f	f	f	f	cHxRxbjujoj127	1	\N	1	1	43	\N	9	\N	\N	2	2
128	2024-10-13 00:00:00-05	2024-10-13 00:00:00-05	SAVON SOLIDE 24 B	Commercial1	x	x	email	707893636	www	General	\N	Abidjan	SAVON SOLIDE 24 B	SAVON SOLIDE 24 B	ras	f	f	f	f	cHxRxbjujoj128	1	\N	1	1	43	\N	9	\N	\N	2	2
129	2024-10-13 00:00:00-05	2024-10-13 00:00:00-05	SAVON SOLIDE 24 J	Commercial2	x	x	email	707893636	www	General	\N	Abidjan	SAVON SOLIDE 24 J	SAVON SOLIDE 24 J	ras	f	f	f	f	cHxRxbjujoj129	1	\N	1	2	43	\N	9	\N	\N	2	2
130	2024-10-13 00:00:00-05	2024-10-13 00:00:00-05	SAVON SOLIDE 24 B	Commercial2	x	x	email	707893636	www	General	\N	Abidjan	SAVON SOLIDE 24 B	SAVON SOLIDE 24 B	ras	f	f	f	f	cHxRxbjujoj130	1	\N	1	2	43	\N	9	\N	\N	2	2
131	2024-10-13 00:00:00-05	2024-10-13 00:00:00-05	SAVON LIQUIDE VAISELLE	Commercial1	x	x	email	707893636	www	General	\N	Abidjan	SAVON LIQUIDE VAISELLE	SAVON LIQUIDE VAISELLE	ras	f	f	f	f	cHxRxbjujoj131	1	\N	1	1	43	\N	9	\N	\N	2	2
132	2024-10-13 00:00:00-05	2024-10-13 00:00:00-05	SAVON LIQUIDE VAISELLE - J	Commercial2	x	x	email	707893636	www	General	\N	Abidjan	SAVON LIQUIDE VAISELLE - J	SAVON LIQUIDE VAISELLE - J	ras	f	f	f	f	cHxRxbjujoj132	1	\N	1	2	43	\N	9	\N	\N	2	2
133	2024-10-13 00:00:00-05	2024-10-13 00:00:00-05	SAVON SOLIDE 24 J	Commercial1	x	x	email	707893636	www	General	\N	Abidjan	SAVON SOLIDE 24 J	SAVON SOLIDE 24 J	ras	f	f	f	f	cHxRxbjujoj133	1	\N	1	1	43	\N	9	\N	\N	2	2
134	2024-10-13 00:00:00-05	2024-10-13 00:00:00-05	SAVON SOLIDE 24 B	Commercial1	x	x	email	707893636	www	General	\N	Abidjan	SAVON SOLIDE 24 B	SAVON SOLIDE 24 B	ras	f	f	f	f	cHxRxbjujoj134	1	\N	1	1	43	\N	9	\N	\N	2	2
135	2024-10-13 00:00:00-05	2024-10-13 00:00:00-05	SAVON SOLIDE 24 J	Commercial2	x	x	email	707893636	www	General	\N	Abidjan	SAVON SOLIDE 24 J	SAVON SOLIDE 24 J	ras	f	f	f	f	cHxRxbjujoj135	1	\N	1	2	43	\N	9	\N	\N	2	2
136	2024-10-13 00:00:00-05	2024-10-13 00:00:00-05	SAVON SOLIDE 24 B	Commercial2	x	x	email	707893636	www	General	\N	Abidjan	SAVON SOLIDE 24 B	SAVON SOLIDE 24 B	ras	f	f	f	f	cHxRxbjujoj136	1	\N	1	2	43	\N	9	\N	\N	2	2
137	2024-10-13 00:00:00-05	2024-10-13 00:00:00-05	SAVON LIQUIDE VAISELLE	Commercial1	x	x	email	707893636	www	General	\N	Abidjan	SAVON LIQUIDE VAISELLE	SAVON LIQUIDE VAISELLE	ras	f	f	f	f	cHxRxbjujoj137	1	\N	1	1	43	\N	9	\N	\N	2	2
138	2024-10-13 00:00:00-05	2024-10-13 00:00:00-05	SAVON LIQUIDE VAISELLE - J	Commercial2	x	x	email	707893636	www	General	\N	Abidjan	SAVON LIQUIDE VAISELLE - J	SAVON LIQUIDE VAISELLE - J	ras	f	f	f	f	cHxRxbjujoj138	1	\N	1	2	43	\N	9	\N	\N	2	2
139	2024-10-13 00:00:00-05	2024-10-13 00:00:00-05	SAVON SOLIDE 24 J	Commercial1	x	x	email	707893636	www	General	\N	Abidjan	SAVON SOLIDE 24 J	SAVON SOLIDE 24 J	ras	f	f	f	f	cHxRxbjujoj139	1	\N	1	1	43	\N	9	\N	\N	2	2
140	2024-10-13 00:00:00-05	2024-10-13 00:00:00-05	SAVON SOLIDE 24 B	Commercial1	x	x	email	707893636	www	General	\N	Abidjan	SAVON SOLIDE 24 B	SAVON SOLIDE 24 B	ras	f	f	f	f	cHxRxbjujoj140	1	\N	1	1	43	\N	9	\N	\N	2	2
141	2024-10-13 00:00:00-05	2024-10-13 00:00:00-05	SAVON SOLIDE 24 J	Commercial2	x	x	email	707893636	www	General	\N	Abidjan	SAVON SOLIDE 24 J	SAVON SOLIDE 24 J	ras	f	f	f	f	cHxRxbjujoj141	1	\N	1	2	43	\N	9	\N	\N	2	2
142	2024-10-13 00:00:00-05	2024-10-13 00:00:00-05	SAVON SOLIDE 24 B	Commercial2	x	x	email	707893636	www	General	\N	Abidjan	SAVON SOLIDE 24 B	SAVON SOLIDE 24 B	ras	f	f	f	f	cHxRxbjujoj142	1	\N	1	2	43	\N	9	\N	\N	2	2
143	2024-10-13 00:00:00-05	2024-10-13 00:00:00-05	SAVON LIQUIDE VAISELLE	Commercial1	x	x	email	707893636	www	General	\N	Abidjan	SAVON LIQUIDE VAISELLE	SAVON LIQUIDE VAISELLE	ras	f	f	f	f	cHxRxbjujoj143	1	\N	1	1	43	\N	9	\N	\N	2	2
144	2024-10-13 00:00:00-05	2024-10-13 00:00:00-05	SAVON LIQUIDE VAISELLE - J	Commercial2	x	x	email	707893636	www	General	\N	Abidjan	SAVON LIQUIDE VAISELLE - J	SAVON LIQUIDE VAISELLE - J	ras	f	f	f	f	cHxRxbjujoj144	1	\N	1	2	43	\N	9	\N	\N	2	2
145	2024-10-13 00:00:00-05	2024-10-13 00:00:00-05	SAVON SOLIDE 24 J	Commercial1	x	x	email	707893636	www	General	\N	Abidjan	SAVON SOLIDE 24 J	SAVON SOLIDE 24 J	ras	f	f	f	f	cHxRxbjujoj145	1	\N	1	1	43	\N	9	\N	\N	2	2
146	2024-10-13 00:00:00-05	2024-10-13 00:00:00-05	SAVON SOLIDE 24 B	Commercial1	x	x	email	707893636	www	General	\N	Abidjan	SAVON SOLIDE 24 B	SAVON SOLIDE 24 B	ras	f	f	f	f	cHxRxbjujoj146	1	\N	1	1	43	\N	9	\N	\N	2	2
147	2024-10-13 00:00:00-05	2024-10-13 00:00:00-05	SAVON SOLIDE 24 J	Commercial2	x	x	email	707893636	www	General	\N	Abidjan	SAVON SOLIDE 24 J	SAVON SOLIDE 24 J	ras	f	f	f	f	cHxRxbjujoj147	1	\N	1	2	43	\N	9	\N	\N	2	2
148	2024-10-13 00:00:00-05	2024-10-13 00:00:00-05	SAVON SOLIDE 24 B	Commercial2	x	x	email	707893636	www	General	\N	Abidjan	SAVON SOLIDE 24 B	SAVON SOLIDE 24 B	ras	f	f	f	f	cHxRxbjujoj148	1	\N	1	2	43	\N	9	\N	\N	2	2
149	2024-10-13 00:00:00-05	2024-10-13 00:00:00-05	SAVON LIQUIDE VAISELLE - J	Commercial2	x	x	email	707893636	www	General	\N	Abidjan	SAVON LIQUIDE VAISELLE - J	SAVON LIQUIDE VAISELLE - J	ras	f	f	f	f	cHxRxbjujoj149	1	\N	1	2	43	\N	9	\N	\N	2	2
150	2024-10-13 00:00:00-05	2024-10-13 00:00:00-05	SAVON SOLIDE 24 J	Commercial2	x	x	email	707893636	www	General	\N	Abidjan	SAVON SOLIDE 24 J	SAVON SOLIDE 24 J	ras	f	f	f	f	cHxRxbjujoj150	1	\N	1	2	43	\N	9	\N	\N	2	2
151	2024-10-13 00:00:00-05	2024-10-13 00:00:00-05	SAVON SOLIDE 24 B	Commercial2	x	x	email	707893636	www	General	\N	Abidjan	SAVON SOLIDE 24 B	SAVON SOLIDE 24 B	ras	f	f	f	f	cHxRxbjujoj151	1	\N	1	2	43	\N	9	\N	\N	2	2
152	2024-10-13 00:00:00-05	2024-10-13 00:00:00-05	SAVON SOLIDE 24 J	Commercial1	x	x	email	707893636	www	General	\N	Abidjan	SAVON SOLIDE 24 J	SAVON SOLIDE 24 J	ras	f	f	f	f	cHxRxbjujoj152	1	\N	1	1	43	\N	9	\N	\N	2	2
153	2024-10-13 00:00:00-05	2024-10-13 00:00:00-05	SAVON SOLIDE 24 B	Commercial1	x	x	email	707893636	www	General	\N	Abidjan	SAVON SOLIDE 24 B	SAVON SOLIDE 24 B	ras	f	f	f	f	cHxRxbjujoj153	1	\N	1	1	43	\N	9	\N	\N	2	2
154	2024-10-13 00:00:00-05	2024-10-13 00:00:00-05	SAVON LIQUIDE VAISELLE	Commercial1	x	x	email	707893636	www	General	\N	Abidjan	SAVON LIQUIDE VAISELLE	SAVON LIQUIDE VAISELLE	ras	f	f	f	f	cHxRxbjujoj154	1	\N	1	1	43	\N	9	\N	\N	2	2
155	2024-10-13 00:00:00-05	2024-10-13 00:00:00-05	SAVON LIQUIDE VAISELLE - J	Commercial2	x	x	email	707893636	www	General	\N	Abidjan	SAVON LIQUIDE VAISELLE - J	SAVON LIQUIDE VAISELLE - J	ras	f	f	f	f	cHxRxbjujoj155	1	\N	1	2	43	\N	9	\N	\N	2	2
156	2024-10-13 00:00:00-05	2024-10-13 00:00:00-05	SAVON SOLIDE 24 J	Commercial1	x	x	email	707893636	www	General	\N	Abidjan	SAVON SOLIDE 24 J	SAVON SOLIDE 24 J	ras	f	f	f	f	cHxRxbjujoj156	1	\N	1	1	43	\N	9	\N	\N	2	2
157	2024-10-13 00:00:00-05	2024-10-13 00:00:00-05	SAVON SOLIDE 24 B	Commercial1	x	x	email	707893636	www	General	\N	Abidjan	SAVON SOLIDE 24 B	SAVON SOLIDE 24 B	ras	f	f	f	f	cHxRxbjujoj157	1	\N	1	1	43	\N	9	\N	\N	2	2
158	2024-10-13 00:00:00-05	2024-10-13 00:00:00-05	SAVON LIQUIDE VAISELLE	Commercial1	x	x	email	707893636	www	General	\N	Abidjan	SAVON LIQUIDE VAISELLE	SAVON LIQUIDE VAISELLE	ras	f	f	f	f	cHxRxbjujoj158	1	\N	1	1	43	\N	9	\N	\N	2	2
159	2024-10-13 00:00:00-05	2024-10-13 00:00:00-05	SAVON LIQUIDE VAISELLE - J	Commercial2	x	x	email	707893636	www	General	\N	Abidjan	SAVON LIQUIDE VAISELLE - J	SAVON LIQUIDE VAISELLE - J	ras	f	f	f	f	cHxRxbjujoj159	1	\N	1	2	43	\N	9	\N	\N	2	2
160	2024-10-13 00:00:00-05	2024-10-13 00:00:00-05	SAVON SOLIDE 24 J	Commercial1	x	x	email	707893636	www	General	\N	Abidjan	SAVON SOLIDE 24 J	SAVON SOLIDE 24 J	ras	f	f	f	f	cHxRxbjujoj160	1	\N	1	1	43	\N	9	\N	\N	2	2
161	2024-10-13 00:00:00-05	2024-10-13 00:00:00-05	SAVON SOLIDE 24 B	Commercial1	x	x	email	707893636	www	General	\N	Abidjan	SAVON SOLIDE 24 B	SAVON SOLIDE 24 B	ras	f	f	f	f	cHxRxbjujoj161	1	\N	1	1	43	\N	9	\N	\N	2	2
162	2024-10-13 00:00:00-05	2024-10-13 00:00:00-05	SAVON SOLIDE 24 J	Commercial2	x	x	email	707893636	www	General	\N	Abidjan	SAVON SOLIDE 24 J	SAVON SOLIDE 24 J	ras	f	f	f	f	cHxRxbjujoj162	1	\N	1	2	43	\N	9	\N	\N	2	2
163	2024-10-13 00:00:00-05	2024-10-13 00:00:00-05	SAVON SOLIDE 24 J	Commercial2	x	x	email	707893636	www	General	\N	Abidjan	SAVON SOLIDE 24 J	SAVON SOLIDE 24 J	ras	f	f	f	f	cHxRxbjujoj163	1	\N	1	2	43	\N	9	\N	\N	2	2
164	2024-10-13 00:00:00-05	2024-10-13 00:00:00-05	SAVON SOLIDE 24 B	Commercial2	x	x	email	707893636	www	General	\N	Abidjan	SAVON SOLIDE 24 B	SAVON SOLIDE 24 B	ras	f	f	f	f	cHxRxbjujoj164	1	\N	1	2	43	\N	9	\N	\N	2	2
165	2024-10-13 00:00:00-05	2024-10-13 00:00:00-05	SAVON SOLIDE 24 B	Commercial2	x	x	email	707893636	www	General	\N	Abidjan	SAVON SOLIDE 24 B	SAVON SOLIDE 24 B	ras	f	f	f	f	cHxRxbjujoj165	1	\N	1	2	43	\N	9	\N	\N	2	2
166	2024-10-13 00:00:00-05	2024-10-13 00:00:00-05	SAVON LIQUIDE VAISELLE - J	Commercial2	x	x	email	707893636	www	General	\N	Abidjan	SAVON LIQUIDE VAISELLE - J	SAVON LIQUIDE VAISELLE - J	ras	f	f	f	f	cHxRxbjujoj166	1	\N	1	2	43	\N	9	\N	\N	2	2
167	2024-10-13 00:00:00-05	2024-10-13 00:00:00-05	SAVON SOLIDE 24 J	Commercial1	x	x	email	707893636	www	General	\N	Abidjan	SAVON SOLIDE 24 J	SAVON SOLIDE 24 J	ras	f	f	f	f	cHxRxbjujoj167	1	\N	1	1	43	\N	9	\N	\N	2	2
168	2024-10-13 00:00:00-05	2024-10-13 00:00:00-05	SAVON SOLIDE 24 B	Commercial1	x	x	email	707893636	www	General	\N	Abidjan	SAVON SOLIDE 24 B	SAVON SOLIDE 24 B	ras	f	f	f	f	cHxRxbjujoj168	1	\N	1	1	43	\N	9	\N	\N	2	2
169	2024-10-13 00:00:00-05	2024-10-13 00:00:00-05	SAVON SOLIDE 24 J	Commercial2	x	x	email	707893636	www	General	\N	Abidjan	SAVON SOLIDE 24 J	SAVON SOLIDE 24 J	ras	f	f	f	f	cHxRxbjujoj169	1	\N	1	2	43	\N	9	\N	\N	2	2
170	2024-10-13 00:00:00-05	2024-10-13 00:00:00-05	SAVON SOLIDE 24 B	Commercial2	x	x	email	707893636	www	General	\N	Abidjan	SAVON SOLIDE 24 B	SAVON SOLIDE 24 B	ras	f	f	f	f	cHxRxbjujoj170	1	\N	1	2	43	\N	9	\N	\N	2	2
171	2024-10-13 00:00:00-05	2024-10-13 00:00:00-05	SAVON LIQUIDE VAISELLE	Commercial2	x	x	email	707893636	www	General	\N	Abidjan	SAVON LIQUIDE VAISELLE	SAVON LIQUIDE VAISELLE	ras	f	f	f	f	cHxRxbjujoj171	1	\N	1	2	43	\N	9	\N	\N	2	2
172	2024-10-13 00:00:00-05	2024-10-13 00:00:00-05	SAVON LIQUIDE VAISELLE - J	Commercial2	x	x	email	707893636	www	General	\N	Abidjan	SAVON LIQUIDE VAISELLE - J	SAVON LIQUIDE VAISELLE - J	ras	f	f	f	f	cHxRxbjujoj172	1	\N	1	2	43	\N	9	\N	\N	2	2
173	2024-10-13 00:00:00-05	2024-10-13 00:00:00-05	SAVON LIQUIDE VAISELLE - V	Commercial2	x	x	email	707893636	www	General	\N	Abidjan	SAVON LIQUIDE VAISELLE - V	SAVON LIQUIDE VAISELLE - V	ras	f	f	f	f	cHxRxbjujoj173	1	\N	1	2	43	\N	9	\N	\N	2	2
174	2024-10-13 00:00:00-05	2024-10-13 00:00:00-05	SAVON SOLIDE 24 J	Commercial1	x	x	email	707893636	www	General	\N	Abidjan	SAVON SOLIDE 24 J	SAVON SOLIDE 24 J	ras	f	f	f	f	cHxRxbjujoj174	1	\N	1	1	43	\N	9	\N	\N	2	2
175	2024-10-13 00:00:00-05	2024-10-13 00:00:00-05	SAVON SOLIDE 24 B	Commercial1	x	x	email	707893636	www	General	\N	Abidjan	SAVON SOLIDE 24 B	SAVON SOLIDE 24 B	ras	f	f	f	f	cHxRxbjujoj175	1	\N	1	1	43	\N	9	\N	\N	2	2
176	2024-10-13 00:00:00-05	2024-10-13 00:00:00-05	SAVON SOLIDE 24 J	Commercial2	x	x	email	707893637	www	General	\N	Abidjan	SAVON SOLIDE 24 J	SAVON SOLIDE 24 J	ras	f	f	f	f	cHxRxbjujoj176	1	\N	1	2	43	\N	9	\N	\N	2	2
177	2024-10-13 00:00:00-05	2024-10-13 00:00:00-05	SAVON SOLIDE 24 B	Commercial2	x	x	email	707893638	www	General	\N	Abidjan	SAVON SOLIDE 24 B	SAVON SOLIDE 24 B	ras	f	f	f	f	cHxRxbjujoj177	1	\N	1	2	43	\N	9	\N	\N	2	2
178	2024-10-13 00:00:00-05	2024-10-13 00:00:00-05	SAVON SOLIDE 24 J	Commercial1	x	x	email	707893639	www	General	\N	Abidjan	SAVON SOLIDE 24 J	SAVON SOLIDE 24 J	ras	f	f	f	f	cHxRxbjujoj178	1	\N	1	1	43	\N	9	\N	\N	2	2
179	2024-10-13 00:00:00-05	2024-10-13 00:00:00-05	SAVON SOLIDE 24 J	Commercial1	x	x	email	707893640	www	General	\N	Abidjan	SAVON SOLIDE 24 J	SAVON SOLIDE 24 J	ras	f	f	f	f	cHxRxbjujoj179	1	\N	1	1	43	\N	9	\N	\N	2	2
180	2024-10-13 00:00:00-05	2024-10-13 00:00:00-05	SAVON SOLIDE 24 B	Commercial1	x	x	email	707893641	www	General	\N	Abidjan	SAVON SOLIDE 24 B	SAVON SOLIDE 24 B	ras	f	f	f	f	cHxRxbjujoj180	1	\N	1	1	43	\N	9	\N	\N	2	2
181	2024-10-13 00:00:00-05	2024-10-13 00:00:00-05	SAVON SOLIDE 24 B	Commercial1	x	x	email	707893642	www	General	\N	Abidjan	SAVON SOLIDE 24 B	SAVON SOLIDE 24 B	ras	f	f	f	f	cHxRxbjujoj181	1	\N	1	1	43	\N	9	\N	\N	2	2
182	2024-10-13 00:00:00-05	2024-10-13 00:00:00-05	SAVON SOLIDE 24 J	Commercial2	x	x	email	707893643	www	General	\N	Abidjan	SAVON SOLIDE 24 J	SAVON SOLIDE 24 J	ras	f	f	f	f	cHxRxbjujoj182	1	\N	1	2	43	\N	9	\N	\N	2	2
183	2024-10-13 00:00:00-05	2024-10-13 00:00:00-05	SAVON SOLIDE 24 B	Commercial2	x	x	email	707893644	www	General	\N	Abidjan	SAVON SOLIDE 24 B	SAVON SOLIDE 24 B	ras	f	f	f	f	cHxRxbjujoj183	1	\N	1	2	43	\N	9	\N	\N	2	2
184	2024-10-13 00:00:00-05	2024-10-13 00:00:00-05	SAVON LIQUIDE VAISELLE - J	Commercial2	x	x	email	707893645	www	General	\N	Abidjan	SAVON LIQUIDE VAISELLE - J	SAVON LIQUIDE VAISELLE - J	ras	f	f	f	f	cHxRxbjujoj184	1	\N	1	2	43	\N	9	\N	\N	2	2
185	2024-10-13 00:00:00-05	2024-10-13 00:00:00-05	SAVON SOLIDE 24 J	Commercial1	x	x	email	707893646	www	General	\N	Abidjan	SAVON SOLIDE 24 J	SAVON SOLIDE 24 J	ras	f	f	f	f	cHxRxbjujoj185	1	\N	1	1	43	\N	9	\N	\N	2	2
186	2024-10-13 00:00:00-05	2024-10-13 00:00:00-05	SAVON SOLIDE 24 B	Commercial1	x	x	email	707893647	www	General	\N	Abidjan	SAVON SOLIDE 24 B	SAVON SOLIDE 24 B	ras	f	f	f	f	cHxRxbjujoj186	1	\N	1	1	43	\N	9	\N	\N	2	2
187	2024-10-13 00:00:00-05	2024-10-13 00:00:00-05	SAVON LIQUIDE VAISELLE - V	Commercial2	x	x	email	707893648	www	General	\N	Abidjan	SAVON LIQUIDE VAISELLE - V	SAVON LIQUIDE VAISELLE - V	ras	f	f	f	f	cHxRxbjujoj187	1	\N	1	2	43	\N	9	\N	\N	2	2
188	2024-10-13 00:00:00-05	2024-10-13 00:00:00-05	SAVON SOLIDE 24 J	Commercial2	x	x	email	707893649	www	General	\N	Abidjan	SAVON SOLIDE 24 J	SAVON SOLIDE 24 J	ras	f	f	f	f	cHxRxbjujoj188	1	\N	1	2	43	\N	9	\N	\N	2	2
189	2024-10-13 00:00:00-05	2024-10-13 00:00:00-05	SAVON SOLIDE 24 B	Commercial2	x	x	email	707893650	www	General	\N	Abidjan	SAVON SOLIDE 24 B	SAVON SOLIDE 24 B	ras	f	f	f	f	cHxRxbjujoj189	1	\N	1	2	43	\N	9	\N	\N	2	2
190	2024-10-13 00:00:00-05	2024-10-13 00:00:00-05	SAVON SOLIDE 24 J	Commercial1	x	x	email	707893651	www	General	\N	Abidjan	SAVON SOLIDE 24 J	SAVON SOLIDE 24 J	ras	f	f	f	f	cHxRxbjujoj190	1	\N	1	1	43	\N	9	\N	\N	2	2
191	2024-10-13 00:00:00-05	2024-10-13 00:00:00-05	SAVON SOLIDE 24 B	Commercial1	x	x	email	707893652	www	General	\N	Abidjan	SAVON SOLIDE 24 B	SAVON SOLIDE 24 B	ras	f	f	f	f	cHxRxbjujoj191	1	\N	1	1	43	\N	9	\N	\N	2	2
192	2024-10-13 00:00:00-05	2024-10-13 00:00:00-05	SAVON LIQUIDE VAISELLE - J	Commercial2	x	x	email	707893653	www	General	\N	Abidjan	SAVON LIQUIDE VAISELLE - J	SAVON LIQUIDE VAISELLE - J	ras	f	f	f	f	cHxRxbjujoj192	1	\N	1	2	43	\N	9	\N	\N	2	2
193	2024-10-13 00:00:00-05	2024-10-13 00:00:00-05	SAVON LIQUIDE VAISELLE - V	Commercial2	x	x	email	707893654	www	General	\N	Abidjan	SAVON LIQUIDE VAISELLE - V	SAVON LIQUIDE VAISELLE - V	ras	f	f	f	f	cHxRxbjujoj193	1	\N	1	2	43	\N	9	\N	\N	2	2
194	2024-10-13 00:00:00-05	2024-10-13 00:00:00-05	SAVON SOLIDE 24 J	Commercial2	x	x	email	707893655	www	General	\N	Abidjan	SAVON SOLIDE 24 J	SAVON SOLIDE 24 J	ras	f	f	f	f	cHxRxbjujoj194	1	\N	1	2	43	\N	9	\N	\N	2	2
195	2024-10-13 00:00:00-05	2024-10-13 00:00:00-05	SAVON SOLIDE 24 B	Commercial2	x	x	email	707893656	www	General	\N	Abidjan	SAVON SOLIDE 24 B	SAVON SOLIDE 24 B	ras	f	f	f	f	cHxRxbjujoj195	1	\N	1	2	43	\N	9	\N	\N	2	2
196	2024-10-13 00:00:00-05	2024-10-13 00:00:00-05	SAVON SOLIDE 24 J	Commercial2	x	x	email	707893657	www	General	\N	Abidjan	SAVON SOLIDE 24 J	SAVON SOLIDE 24 J	ras	f	f	f	f	cHxRxbjujoj196	1	\N	1	2	43	\N	9	\N	\N	2	2
197	2024-10-13 00:00:00-05	2024-10-13 00:00:00-05	SAVON SOLIDE 24 B	Commercial2	x	x	email	707893658	www	General	\N	Abidjan	SAVON SOLIDE 24 B	SAVON SOLIDE 24 B	ras	f	f	f	f	cHxRxbjujoj197	1	\N	1	2	43	\N	9	\N	\N	2	2
198	2024-10-13 00:00:00-05	2024-10-13 00:00:00-05	SAVON SOLIDE 24 J	Commercial1	x	x	email	707893659	www	General	\N	Abidjan	SAVON SOLIDE 24 J	SAVON SOLIDE 24 J	ras	f	f	f	f	cHxRxbjujoj198	1	\N	1	1	43	\N	9	\N	\N	2	2
199	2024-10-13 00:00:00-05	2024-10-13 00:00:00-05	SAVON SOLIDE 24 B	Commercial1	x	x	email	707893660	www	General	\N	Abidjan	SAVON SOLIDE 24 B	SAVON SOLIDE 24 B	ras	f	f	f	f	cHxRxbjujoj199	1	\N	1	1	43	\N	9	\N	\N	2	2
200	2024-10-13 00:00:00-05	2024-10-13 00:00:00-05	SAVON LIQUIDE VAISELLE - J	Commercial2	x	x	email	707893661	www	General	\N	Abidjan	SAVON LIQUIDE VAISELLE - J	SAVON LIQUIDE VAISELLE - J	ras	f	f	f	f	cHxRxbjujoj200	1	\N	1	2	43	\N	9	\N	\N	2	2
201	2024-10-13 00:00:00-05	2024-10-13 00:00:00-05	SAVON LIQUIDE VAISELLE - V	Commercial2	x	x	email	707893662	www	General	\N	Abidjan	SAVON LIQUIDE VAISELLE - V	SAVON LIQUIDE VAISELLE - V	ras	f	f	f	f	cHxRxbjujoj201	1	\N	1	2	43	\N	9	\N	\N	2	2
202	2024-10-13 00:00:00-05	2024-10-13 00:00:00-05	SAVON SOLIDE 24 J	Commercial2	x	x	email	707893663	www	General	\N	Abidjan	SAVON SOLIDE 24 J	SAVON SOLIDE 24 J	ras	f	f	f	f	cHxRxbjujoj202	1	\N	1	2	43	\N	9	\N	\N	2	2
203	2024-10-13 00:00:00-05	2024-10-13 00:00:00-05	SAVON SOLIDE 24 B	Commercial2	x	x	email	707893664	www	General	\N	Abidjan	SAVON SOLIDE 24 B	SAVON SOLIDE 24 B	ras	f	f	f	f	cHxRxbjujoj203	1	\N	1	2	43	\N	9	\N	\N	2	2
204	2024-10-13 00:00:00-05	2024-10-13 00:00:00-05	SAVON SOLIDE 24 J	Commercial2	x	x	email	707893665	www	General	\N	Abidjan	SAVON SOLIDE 24 J	SAVON SOLIDE 24 J	ras	f	f	f	f	cHxRxbjujoj204	1	\N	1	2	43	\N	9	\N	\N	2	2
205	2024-10-13 00:00:00-05	2024-10-13 00:00:00-05	SAVON SOLIDE 24 B	Commercial2	x	x	email	707893666	www	General	\N	Abidjan	SAVON SOLIDE 24 B	SAVON SOLIDE 24 B	ras	f	f	f	f	cHxRxbjujoj205	1	\N	1	2	43	\N	9	\N	\N	2	2
206	2024-10-13 00:00:00-05	2024-10-13 00:00:00-05	SAVON LIQUIDE VAISELLE - J	Commercial2	x	x	email	707893667	www	General	\N	Abidjan	SAVON LIQUIDE VAISELLE - J	SAVON LIQUIDE VAISELLE - J	ras	f	f	f	f	cHxRxbjujoj206	1	\N	1	2	43	\N	9	\N	\N	2	2
207	2024-10-13 00:00:00-05	2024-10-13 00:00:00-05	SAVON LIQUIDE VAISELLE - V	Commercial2	x	x	email	707893668	www	General	\N	Abidjan	SAVON LIQUIDE VAISELLE - V	SAVON LIQUIDE VAISELLE - V	ras	f	f	f	f	cHxRxbjujoj207	1	\N	1	2	43	\N	9	\N	\N	2	2
208	2024-10-13 00:00:00-05	2024-10-13 00:00:00-05	SAVON SOLIDE 24 J	Commercial2	x	x	email	707893669	www	General	\N	Abidjan	SAVON SOLIDE 24 J	SAVON SOLIDE 24 J	ras	f	f	f	f	cHxRxbjujoj208	1	\N	1	2	43	\N	9	\N	\N	2	2
209	2024-10-13 00:00:00-05	2024-10-13 00:00:00-05	SAVON SOLIDE 24 B	Commercial2	x	x	email	707893670	www	General	\N	Abidjan	SAVON SOLIDE 24 B	SAVON SOLIDE 24 B	ras	f	f	f	f	cHxRxbjujoj209	1	\N	1	2	43	\N	9	\N	\N	2	2
210	2024-10-13 00:00:00-05	2024-10-13 00:00:00-05	SAVON SOLIDE 24 J	Commercial1	x	x	email	707893671	www	General	\N	Abidjan	SAVON SOLIDE 24 J	SAVON SOLIDE 24 J	ras	f	f	f	f	cHxRxbjujoj210	1	\N	1	1	43	\N	9	\N	\N	2	2
211	2024-10-13 00:00:00-05	2024-10-13 00:00:00-05	SAVON SOLIDE 24 B	Commercial1	x	x	email	707893672	www	General	\N	Abidjan	SAVON SOLIDE 24 B	SAVON SOLIDE 24 B	ras	f	f	f	f	cHxRxbjujoj211	1	\N	1	1	43	\N	9	\N	\N	2	2
212	2024-10-13 00:00:00-05	2024-10-13 00:00:00-05	SAVON LIQUIDE VAISELLE	Commercial1	x	x	email	707893673	www	General	\N	Abidjan	SAVON LIQUIDE VAISELLE	SAVON LIQUIDE VAISELLE	ras	f	f	f	f	cHxRxbjujoj212	1	\N	1	1	43	\N	9	\N	\N	2	2
213	2024-10-13 00:00:00-05	2024-10-13 00:00:00-05	SAVON LIQUIDE VAISELLE - J	Commercial2	x	x	email	707893674	www	General	\N	Abidjan	SAVON LIQUIDE VAISELLE - J	SAVON LIQUIDE VAISELLE - J	ras	f	f	f	f	cHxRxbjujoj213	1	\N	1	2	43	\N	9	\N	\N	2	2
214	2024-10-13 00:00:00-05	2024-10-13 00:00:00-05	SAVON LIQUIDE VAISELLE - V	Commercial2	x	x	email	707893675	www	General	\N	Abidjan	SAVON LIQUIDE VAISELLE - V	SAVON LIQUIDE VAISELLE - V	ras	f	f	f	f	cHxRxbjujoj214	1	\N	1	2	43	\N	9	\N	\N	2	2
215	2024-10-13 00:00:00-05	2024-10-13 00:00:00-05	SAVON SOLIDE 24 J	Commercial2	x	x	email	707893676	www	General	\N	Abidjan	SAVON SOLIDE 24 J	SAVON SOLIDE 24 J	ras	f	f	f	f	cHxRxbjujoj215	1	\N	1	2	43	\N	9	\N	\N	2	2
216	2024-10-13 00:00:00-05	2024-10-13 00:00:00-05	SAVON SOLIDE 24 B	Commercial2	x	x	email	707893677	www	General	\N	Abidjan	SAVON SOLIDE 24 B	SAVON SOLIDE 24 B	ras	f	f	f	f	cHxRxbjujoj216	1	\N	1	2	43	\N	9	\N	\N	2	2
217	2024-10-13 00:00:00-05	2024-10-13 00:00:00-05	SAVON SOLIDE 24 J	Commercial1	x	x	email	707893678	www	General	\N	Abidjan	SAVON SOLIDE 24 J	SAVON SOLIDE 24 J	ras	f	f	f	f	cHxRxbjujoj217	1	\N	1	1	43	\N	9	\N	\N	2	2
218	2024-10-13 00:00:00-05	2024-10-13 00:00:00-05	SAVON SOLIDE 24 B	Commercial1	x	x	email	707893679	www	General	\N	Abidjan	SAVON SOLIDE 24 B	SAVON SOLIDE 24 B	ras	f	f	f	f	cHxRxbjujoj218	1	\N	1	1	43	\N	9	\N	\N	2	2
219	2024-10-13 00:00:00-05	2024-10-13 00:00:00-05	SAVON LIQUIDE VAISELLE - J	Commercial2	x	x	email	707893680	www	General	\N	Abidjan	SAVON LIQUIDE VAISELLE - J	SAVON LIQUIDE VAISELLE - J	ras	f	f	f	f	cHxRxbjujoj219	1	\N	1	2	43	\N	9	\N	\N	2	2
220	2024-10-13 00:00:00-05	2024-10-13 00:00:00-05	SAVON LIQUIDE VAISELLE - V	Commercial2	x	x	email	707893681	www	General	\N	Abidjan	SAVON LIQUIDE VAISELLE - V	SAVON LIQUIDE VAISELLE - V	ras	f	f	f	f	cHxRxbjujoj220	1	\N	1	2	43	\N	9	\N	\N	2	2
221	2024-10-13 00:00:00-05	2024-10-13 00:00:00-05	SAVON SOLIDE 24 J	Commercial2	x	x	email	707893682	www	General	\N	Abidjan	SAVON SOLIDE 24 J	SAVON SOLIDE 24 J	ras	f	f	f	f	cHxRxbjujoj221	1	\N	1	2	43	\N	9	\N	\N	2	2
222	2024-10-13 00:00:00-05	2024-10-13 00:00:00-05	SAVON SOLIDE 24 B	Commercial2	x	x	email	707893683	www	General	\N	Abidjan	SAVON SOLIDE 24 B	SAVON SOLIDE 24 B	ras	f	f	f	f	cHxRxbjujoj222	1	\N	1	2	43	\N	9	\N	\N	2	2
223	2024-10-13 00:00:00-05	2024-10-13 00:00:00-05	SAVON SOLIDE 24 J	Commercial1	x	x	email	707893684	www	General	\N	Abidjan	SAVON SOLIDE 24 J	SAVON SOLIDE 24 J	ras	f	f	f	f	cHxRxbjujoj223	1	\N	1	1	43	\N	9	\N	\N	2	2
224	2024-10-13 00:00:00-05	2024-10-13 00:00:00-05	SAVON SOLIDE 24 B	Commercial1	x	x	email	707893685	www	General	\N	Abidjan	SAVON SOLIDE 24 B	SAVON SOLIDE 24 B	ras	f	f	f	f	cHxRxbjujoj224	1	\N	1	1	43	\N	9	\N	\N	2	2
225	2024-10-13 00:00:00-05	2024-10-13 00:00:00-05	SAVON LIQUIDE VAISELLE - J	Commercial2	x	x	email	707893686	www	General	\N	Abidjan	SAVON LIQUIDE VAISELLE - J	SAVON LIQUIDE VAISELLE - J	ras	f	f	f	f	cHxRxbjujoj225	1	\N	1	2	43	\N	9	\N	\N	2	2
226	2024-10-13 00:00:00-05	2024-10-13 00:00:00-05	SAVON LIQUIDE VAISELLE - V	Commercial2	x	x	email	707893687	www	General	\N	Abidjan	SAVON LIQUIDE VAISELLE - V	SAVON LIQUIDE VAISELLE - V	ras	f	f	f	f	cHxRxbjujoj226	1	\N	1	2	43	\N	9	\N	\N	2	2
227	2024-10-13 00:00:00-05	2024-10-13 00:00:00-05	SAVON SOLIDE 24 J	Commercial2	x	x	email	707893688	www	General	\N	Abidjan	SAVON SOLIDE 24 J	SAVON SOLIDE 24 J	ras	f	f	f	f	cHxRxbjujoj227	1	\N	1	2	43	\N	9	\N	\N	2	2
228	2024-10-13 00:00:00-05	2024-10-13 00:00:00-05	SAVON SOLIDE 24 B	Commercial2	x	x	email	707893689	www	General	\N	Abidjan	SAVON SOLIDE 24 B	SAVON SOLIDE 24 B	ras	f	f	f	f	cHxRxbjujoj228	1	\N	1	2	43	\N	9	\N	\N	2	2
229	2024-10-13 00:00:00-05	2024-10-13 00:00:00-05	SAVON SOLIDE 24 J	Commercial1	x	x	email	707893690	www	General	\N	Abidjan	SAVON SOLIDE 24 J	SAVON SOLIDE 24 J	ras	f	f	f	f	cHxRxbjujoj229	1	\N	1	1	43	\N	9	\N	\N	2	2
230	2024-10-13 00:00:00-05	2024-10-13 00:00:00-05	SAVON SOLIDE 24 J	Commercial2	x	x	email	707893691	www	General	\N	Abidjan	SAVON SOLIDE 24 J	SAVON SOLIDE 24 J	ras	f	f	f	f	cHxRxbjujoj230	1	\N	1	2	43	\N	9	\N	\N	2	2
231	2024-10-13 00:00:00-05	2024-10-13 00:00:00-05	SAVON LIQUIDE VAISELLE	Commercial2	x	x	email	707893692	www	General	\N	Abidjan	SAVON LIQUIDE VAISELLE	SAVON LIQUIDE VAISELLE	ras	f	f	f	f	cHxRxbjujoj231	1	\N	1	2	43	\N	9	\N	\N	2	2
232	2024-10-13 00:00:00-05	2024-10-13 00:00:00-05	SAVON SOLIDE 24 J	Commercial1	x	x	email	707893693	www	General	\N	Abidjan	SAVON SOLIDE 24 J	SAVON SOLIDE 24 J	ras	f	f	f	f	cHxRxbjujoj232	1	\N	1	1	43	\N	9	\N	\N	2	2
233	2024-10-13 00:00:00-05	2024-10-13 00:00:00-05	SAVON SOLIDE 24 J	Commercial2	x	x	email	707893694	www	General	\N	Abidjan	SAVON SOLIDE 24 J	SAVON SOLIDE 24 J	ras	f	f	f	f	cHxRxbjujoj233	1	\N	1	2	43	\N	9	\N	\N	2	2
234	2024-10-13 00:00:00-05	2024-10-13 00:00:00-05	SAVON LIQUIDE VAISELLE	Commercial2	x	x	email	707893695	www	General	\N	Abidjan	SAVON LIQUIDE VAISELLE	SAVON LIQUIDE VAISELLE	ras	f	f	f	f	cHxRxbjujoj234	1	\N	1	2	43	\N	9	\N	\N	2	2
235	2024-10-13 00:00:00-05	2024-10-13 00:00:00-05	SAVON SOLIDE 24 J	Commercial1	x	x	email	707893696	www	General	\N	Abidjan	SAVON SOLIDE 24 J	SAVON SOLIDE 24 J	ras	f	f	f	f	cHxRxbjujoj235	1	\N	1	1	43	\N	9	\N	\N	2	2
236	2024-10-13 00:00:00-05	2024-10-13 00:00:00-05	SAVON SOLIDE 24 J	Commercial2	x	x	email	707893697	www	General	\N	Abidjan	SAVON SOLIDE 24 J	SAVON SOLIDE 24 J	ras	f	f	f	f	cHxRxbjujoj236	1	\N	1	2	43	\N	9	\N	\N	2	2
237	2024-10-13 00:00:00-05	2024-10-13 00:00:00-05	SAVON SOLIDE 24 J	Commercial2	x	x	email	707893698	www	General	\N	Abidjan	SAVON SOLIDE 24 J	SAVON SOLIDE 24 J	ras	f	f	f	f	cHxRxbjujoj237	1	\N	1	2	43	\N	9	\N	\N	2	2
238	2024-10-13 00:00:00-05	2024-10-13 00:00:00-05	SAVON SOLIDE 24 J	Commercial2	x	x	email	707893699	www	General	\N	Abidjan	SAVON SOLIDE 24 J	SAVON SOLIDE 24 J	ras	f	f	f	f	cHxRxbjujoj238	1	\N	1	2	43	\N	9	\N	\N	2	2
239	2024-10-13 00:00:00-05	2024-10-13 00:00:00-05	SAVON SOLIDE 24 J	Commercial1	x	x	email	707893700	www	General	\N	Abidjan	SAVON SOLIDE 24 J	SAVON SOLIDE 24 J	ras	f	f	f	f	cHxRxbjujoj239	1	\N	1	1	43	\N	9	\N	\N	2	2
240	2024-10-13 00:00:00-05	2024-10-13 00:00:00-05	SAVON LIQUIDE VAISELLE	Commercial1	x	x	email	707893701	www	General	\N	Abidjan	SAVON LIQUIDE VAISELLE	SAVON LIQUIDE VAISELLE	ras	f	f	f	f	cHxRxbjujoj240	1	\N	1	1	43	\N	9	\N	\N	2	2
241	2024-10-13 00:00:00-05	2024-10-13 00:00:00-05	SAVON SOLIDE 24 J	Commercial1	x	x	email	707893702	www	General	\N	Abidjan	SAVON SOLIDE 24 J	SAVON SOLIDE 24 J	ras	f	f	f	f	cHxRxbjujoj241	1	\N	1	1	43	\N	9	\N	\N	2	2
242	2024-10-13 00:00:00-05	2024-10-13 00:00:00-05	SAVON SOLIDE 24 J	Commercial2	x	x	email	707893703	www	General	\N	Abidjan	SAVON SOLIDE 24 J	SAVON SOLIDE 24 J	ras	f	f	f	f	cHxRxbjujoj242	1	\N	1	2	43	\N	9	\N	\N	2	2
243	2024-10-13 00:00:00-05	2024-10-13 00:00:00-05	SAVON LIQUIDE VAISELLE	Commercial2	x	x	email	707893704	www	General	\N	Abidjan	SAVON LIQUIDE VAISELLE	SAVON LIQUIDE VAISELLE	ras	f	f	f	f	cHxRxbjujoj243	1	\N	1	2	43	\N	9	\N	\N	2	2
244	2024-10-13 00:00:00-05	2024-10-13 00:00:00-05	SAVON SOLIDE 24 J	Commercial1	x	x	email	707893705	www	General	\N	Abidjan	SAVON SOLIDE 24 J	SAVON SOLIDE 24 J	ras	f	f	f	f	cHxRxbjujoj244	1	\N	1	1	43	\N	9	\N	\N	2	2
245	2024-10-13 00:00:00-05	2024-10-13 00:00:00-05	SAVON SOLIDE 24 J	Commercial2	x	x	email	707893706	www	General	\N	Abidjan	SAVON SOLIDE 24 J	SAVON SOLIDE 24 J	ras	f	f	f	f	cHxRxbjujoj245	1	\N	1	2	43	\N	9	\N	\N	2	2
246	2024-10-13 00:00:00-05	2024-10-13 00:00:00-05	SAVON LIQUIDE VAISELLE	Commercial1	x	x	email	707893707	www	General	\N	Abidjan	SAVON LIQUIDE VAISELLE	SAVON LIQUIDE VAISELLE	ras	f	f	f	f	cHxRxbjujoj246	1	\N	1	1	43	\N	9	\N	\N	2	2
247	2024-10-13 00:00:00-05	2024-10-13 00:00:00-05	SAVON SOLIDE 24 J	Commercial1	x	x	email	707893708	www	General	\N	Abidjan	SAVON SOLIDE 24 J	SAVON SOLIDE 24 J	ras	f	f	f	f	cHxRxbjujoj247	1	\N	1	1	43	\N	9	\N	\N	2	2
248	2024-10-13 00:00:00-05	2024-10-13 00:00:00-05	SAVON SOLIDE 24 J	Commercial2	x	x	email	707893709	www	General	\N	Abidjan	SAVON SOLIDE 24 J	SAVON SOLIDE 24 J	ras	f	f	f	f	cHxRxbjujoj248	1	\N	1	2	43	\N	9	\N	\N	2	2
249	2024-10-13 00:00:00-05	2024-10-13 00:00:00-05	SAVON LIQUIDE VAISELLE	Commercial1	x	x	email	707893710	www	General	\N	Abidjan	SAVON LIQUIDE VAISELLE	SAVON LIQUIDE VAISELLE	ras	f	f	f	f	cHxRxbjujoj249	1	\N	1	1	43	\N	9	\N	\N	2	2
250	2024-10-13 00:00:00-05	2024-10-13 00:00:00-05	SAVON SOLIDE 24 J	Commercial1	x	x	email	707893711	www	General	\N	Abidjan	SAVON SOLIDE 24 J	SAVON SOLIDE 24 J	ras	f	f	f	f	cHxRxbjujoj250	1	\N	1	1	43	\N	9	\N	\N	2	2
251	2024-10-13 00:00:00-05	2024-10-13 00:00:00-05	SAVON SOLIDE 24 J	Commercial2	x	x	email	707893712	www	General	\N	Abidjan	SAVON SOLIDE 24 J	SAVON SOLIDE 24 J	ras	f	f	f	f	cHxRxbjujoj251	1	\N	1	2	43	\N	9	\N	\N	2	2
252	2024-10-13 00:00:00-05	2024-10-13 00:00:00-05	SAVON LIQUIDE VAISELLE	Commercial2	x	x	email	707893713	www	General	\N	Abidjan	SAVON LIQUIDE VAISELLE	SAVON LIQUIDE VAISELLE	ras	f	f	f	f	cHxRxbjujoj252	1	\N	1	2	43	\N	9	\N	\N	2	2
253	2024-10-13 00:00:00-05	2024-10-13 00:00:00-05	SAVON SOLIDE 24 J	Commercial1	x	x	email	707893714	www	General	\N	Abidjan	SAVON SOLIDE 24 J	SAVON SOLIDE 24 J	ras	f	f	f	f	cHxRxbjujoj253	1	\N	1	1	43	\N	9	\N	\N	2	2
254	2024-10-13 00:00:00-05	2024-10-13 00:00:00-05	SAVON SOLIDE 24 J	Commercial2	x	x	email	707893715	www	General	\N	Abidjan	SAVON SOLIDE 24 J	SAVON SOLIDE 24 J	ras	f	f	f	f	cHxRxbjujoj254	1	\N	1	2	43	\N	9	\N	\N	2	2
255	2024-10-13 00:00:00-05	2024-10-13 00:00:00-05	SAVON LIQUIDE VAISELLE	Commercial2	x	x	email	707893716	www	General	\N	Abidjan	SAVON LIQUIDE VAISELLE	SAVON LIQUIDE VAISELLE	ras	f	f	f	f	cHxRxbjujoj255	1	\N	1	2	43	\N	9	\N	\N	2	2
256	2024-10-13 00:00:00-05	2024-10-13 00:00:00-05	SAVON SOLIDE 24 J	Commercial2	x	x	email	707893717	www	General	\N	Abidjan	SAVON SOLIDE 24 J	SAVON SOLIDE 24 J	ras	f	f	f	f	cHxRxbjujoj256	1	\N	1	2	43	\N	9	\N	\N	2	2
257	2024-10-13 00:00:00-05	2024-10-13 00:00:00-05	SAVON LIQUIDE VAISELLE	Commercial2	x	x	email	707893718	www	General	\N	Abidjan	SAVON LIQUIDE VAISELLE	SAVON LIQUIDE VAISELLE	ras	f	f	f	f	cHxRxbjujoj257	1	\N	1	2	43	\N	9	\N	\N	2	2
258	2024-10-13 00:00:00-05	2024-10-13 00:00:00-05	SAVON SOLIDE 24 J	Commercial2	x	x	email	707893719	www	General	\N	Abidjan	SAVON SOLIDE 24 J	SAVON SOLIDE 24 J	ras	f	f	f	f	cHxRxbjujoj258	1	\N	1	2	43	\N	9	\N	\N	2	2
259	2024-10-13 00:00:00-05	2024-10-13 00:00:00-05	SAVON LIQUIDE VAISELLE	Commercial2	x	x	email	707893720	www	General	\N	Abidjan	SAVON LIQUIDE VAISELLE	SAVON LIQUIDE VAISELLE	ras	f	f	f	f	cHxRxbjujoj259	1	\N	1	2	43	\N	9	\N	\N	2	2
260	2024-10-13 00:00:00-05	2024-10-13 00:00:00-05	SAVON SOLIDE 24 J	Commercial1	x	x	email	707893721	www	General	\N	Abidjan	SAVON SOLIDE 24 J	SAVON SOLIDE 24 J	ras	f	f	f	f	cHxRxbjujoj260	1	\N	1	1	43	\N	9	\N	\N	2	2
261	2024-10-13 00:00:00-05	2024-10-13 00:00:00-05	SAVON SOLIDE 24 J	Commercial2	x	x	email	707893722	www	General	\N	Abidjan	SAVON SOLIDE 24 J	SAVON SOLIDE 24 J	ras	f	f	f	f	cHxRxbjujoj261	1	\N	1	2	43	\N	9	\N	\N	2	2
262	2024-10-13 00:00:00-05	2024-10-13 00:00:00-05	SAVON LIQUIDE VAISELLE	Commercial1	x	x	email	707893723	www	General	\N	Abidjan	SAVON LIQUIDE VAISELLE	SAVON LIQUIDE VAISELLE	ras	f	f	f	f	cHxRxbjujoj262	1	\N	1	1	43	\N	9	\N	\N	2	2
263	2024-10-13 00:00:00-05	2024-10-13 00:00:00-05	SAVON SOLIDE 24 J	Commercial1	x	x	email	707893724	www	General	\N	Abidjan	SAVON SOLIDE 24 J	SAVON SOLIDE 24 J	ras	f	f	f	f	cHxRxbjujoj263	1	\N	1	1	43	\N	9	\N	\N	2	2
17	2024-10-13 00:00:00-05	2024-10-13 00:00:00-05	SAVON SOLIDE 24 J	Commercial1	x	x	email	707893636	www	General	\N	Abidjan	SAVON SOLIDE 24 J	SAVON SOLIDE 24 J	ras	f	f	f	f	cHxRxbjujoj17	1	\N	1	1	43	\N	9	\N	\N	2	2
264	2024-10-13 00:00:00-05	2024-10-13 00:00:00-05	SAVON SOLIDE 24 J	Commercial2	x	x	email	707893725	www	General	\N	Abidjan	SAVON SOLIDE 24 J	SAVON SOLIDE 24 J	ras	f	f	f	f	cHxRxbjujoj264	1	\N	1	2	43	\N	9	\N	\N	2	2
265	2024-10-13 00:00:00-05	2024-10-13 00:00:00-05	SAVON LIQUIDE VAISELLE	Commercial1	x	x	email	707893726	www	General	\N	Abidjan	SAVON LIQUIDE VAISELLE	SAVON LIQUIDE VAISELLE	ras	f	f	f	f	cHxRxbjujoj265	1	\N	1	1	43	\N	9	\N	\N	2	2
266	2024-10-13 00:00:00-05	2024-10-13 00:00:00-05	SAVON LIQUIDE VAISELLE	Commercial2	x	x	email	707893727	www	General	\N	Abidjan	SAVON LIQUIDE VAISELLE	SAVON LIQUIDE VAISELLE	ras	f	f	f	f	cHxRxbjujoj266	1	\N	1	2	43	\N	9	\N	\N	2	2
267	2024-10-13 00:00:00-05	2024-10-13 00:00:00-05	SAVON SOLIDE 24 J	Commercial1	x	x	email	707893728	www	General	\N	Abidjan	SAVON SOLIDE 24 J	SAVON SOLIDE 24 J	ras	f	f	f	f	cHxRxbjujoj267	1	\N	1	1	43	\N	9	\N	\N	2	2
268	2024-10-13 00:00:00-05	2024-10-13 00:00:00-05	SAVON SOLIDE 24 J	Commercial2	x	x	email	707893729	www	General	\N	Abidjan	SAVON SOLIDE 24 J	SAVON SOLIDE 24 J	ras	f	f	f	f	cHxRxbjujoj268	1	\N	1	2	43	\N	9	\N	\N	2	2
269	2024-10-13 00:00:00-05	2024-10-13 00:00:00-05	SAVON LIQUIDE VAISELLE	Commercial2	x	x	email	707893730	www	General	\N	Abidjan	SAVON LIQUIDE VAISELLE	SAVON LIQUIDE VAISELLE	ras	f	f	f	f	cHxRxbjujoj269	1	\N	1	2	43	\N	9	\N	\N	2	2
270	2024-10-13 00:00:00-05	2024-10-13 00:00:00-05	SAVON SOLIDE 24 J	Commercial1	x	x	email	707893731	www	General	\N	Abidjan	SAVON SOLIDE 24 J	SAVON SOLIDE 24 J	ras	f	f	f	f	cHxRxbjujoj270	1	\N	1	1	43	\N	9	\N	\N	2	2
271	2024-10-13 00:00:00-05	2024-10-13 00:00:00-05	SAVON SOLIDE 24 J	Commercial2	x	x	email	707893732	www	General	\N	Abidjan	SAVON SOLIDE 24 J	SAVON SOLIDE 24 J	ras	f	f	f	f	cHxRxbjujoj271	1	\N	1	2	43	\N	9	\N	\N	2	2
272	2024-10-13 00:00:00-05	2024-10-13 00:00:00-05	SAVON LIQUIDE VAISELLE	Commercial1	x	x	email	707893733	www	General	\N	Abidjan	SAVON LIQUIDE VAISELLE	SAVON LIQUIDE VAISELLE	ras	f	f	f	f	cHxRxbjujoj272	1	\N	1	1	43	\N	9	\N	\N	2	2
273	2024-10-13 00:00:00-05	2024-10-13 00:00:00-05	SAVON LIQUIDE VAISELLE	Commercial2	x	x	email	707893734	www	General	\N	Abidjan	SAVON LIQUIDE VAISELLE	SAVON LIQUIDE VAISELLE	ras	f	f	f	f	cHxRxbjujoj273	1	\N	1	2	43	\N	9	\N	\N	2	2
274	2024-10-13 00:00:00-05	2024-10-13 00:00:00-05	SAVON SOLIDE 24 J	Commercial1	x	x	email	707893735	www	General	\N	Abidjan	SAVON SOLIDE 24 J	SAVON SOLIDE 24 J	ras	f	f	f	f	cHxRxbjujoj274	1	\N	1	1	43	\N	9	\N	\N	2	2
275	2024-10-13 00:00:00-05	2024-10-13 00:00:00-05	SAVON SOLIDE 24 J	Commercial2	x	x	email	707893736	www	General	\N	Abidjan	SAVON SOLIDE 24 J	SAVON SOLIDE 24 J	ras	f	f	f	f	cHxRxbjujoj275	1	\N	1	2	43	\N	9	\N	\N	2	2
276	2024-10-13 00:00:00-05	2024-10-13 00:00:00-05	SAVON LIQUIDE VAISELLE	Commercial1	x	x	email	707893737	www	General	\N	Abidjan	SAVON LIQUIDE VAISELLE	SAVON LIQUIDE VAISELLE	ras	f	f	f	f	cHxRxbjujoj276	1	\N	1	1	43	\N	9	\N	\N	2	2
277	2024-10-13 00:00:00-05	2024-10-13 00:00:00-05	SAVON LIQUIDE VAISELLE	Commercial2	x	x	email	707893738	www	General	\N	Abidjan	SAVON LIQUIDE VAISELLE	SAVON LIQUIDE VAISELLE	ras	f	f	f	f	cHxRxbjujoj277	1	\N	1	2	43	\N	9	\N	\N	2	2
278	2024-10-13 00:00:00-05	2024-10-13 00:00:00-05	SAVON SOLIDE 24 J	Commercial1	x	x	email	707893739	www	General	\N	Abidjan	SAVON SOLIDE 24 J	SAVON SOLIDE 24 J	ras	f	f	f	f	cHxRxbjujoj278	1	\N	1	1	43	\N	9	\N	\N	2	2
279	2024-10-13 00:00:00-05	2024-10-13 00:00:00-05	SAVON SOLIDE 24 J	Commercial2	x	x	email	707893740	www	General	\N	Abidjan	SAVON SOLIDE 24 J	SAVON SOLIDE 24 J	ras	f	f	f	f	cHxRxbjujoj279	1	\N	1	2	43	\N	9	\N	\N	2	2
280	2024-10-13 00:00:00-05	2024-10-13 00:00:00-05	SAVON LIQUIDE VAISELLE	Commercial2	x	x	email	707893741	www	General	\N	Abidjan	SAVON LIQUIDE VAISELLE	SAVON LIQUIDE VAISELLE	ras	f	f	f	f	cHxRxbjujoj280	1	\N	1	2	43	\N	9	\N	\N	2	2
281	2024-10-13 00:00:00-05	2024-10-13 00:00:00-05	SAVON SOLIDE 24 J	Commercial1	x	x	email	707893742	www	General	\N	Abidjan	SAVON SOLIDE 24 J	SAVON SOLIDE 24 J	ras	f	f	f	f	cHxRxbjujoj281	1	\N	1	1	43	\N	9	\N	\N	2	2
282	2024-10-13 00:00:00-05	2024-10-13 00:00:00-05	SAVON SOLIDE 24 J	Commercial2	x	x	email	707893743	www	General	\N	Abidjan	SAVON SOLIDE 24 J	SAVON SOLIDE 24 J	ras	f	f	f	f	cHxRxbjujoj282	1	\N	1	2	43	\N	9	\N	\N	2	2
283	2024-10-13 00:00:00-05	2024-10-13 00:00:00-05	SAVON LIQUIDE VAISELLE	Commercial1	x	x	email	707893744	www	General	\N	Abidjan	SAVON LIQUIDE VAISELLE	SAVON LIQUIDE VAISELLE	ras	f	f	f	f	cHxRxbjujoj283	1	\N	1	1	43	\N	9	\N	\N	2	2
284	2024-10-13 00:00:00-05	2024-10-13 00:00:00-05	SAVON LIQUIDE VAISELLE	Commercial2	x	x	email	707893745	www	General	\N	Abidjan	SAVON LIQUIDE VAISELLE	SAVON LIQUIDE VAISELLE	ras	f	f	f	f	cHxRxbjujoj284	1	\N	1	2	43	\N	9	\N	\N	2	2
285	2024-10-13 00:00:00-05	2024-10-13 00:00:00-05	SAVON SOLIDE 24 J	Commercial1	x	x	email	707893746	www	General	\N	Abidjan	SAVON SOLIDE 24 J	SAVON SOLIDE 24 J	ras	f	f	f	f	cHxRxbjujoj285	1	\N	1	1	43	\N	9	\N	\N	2	2
286	2024-10-13 00:00:00-05	2024-10-13 00:00:00-05	SAVON LIQUIDE VAISELLE	Commercial1	x	x	email	707893747	www	General	\N	Abidjan	SAVON LIQUIDE VAISELLE	SAVON LIQUIDE VAISELLE	ras	f	f	f	f	cHxRxbjujoj286	1	\N	1	1	43	\N	9	\N	\N	2	2
287	2024-10-13 00:00:00-05	2024-10-13 00:00:00-05	SAVON LIQUIDE VAISELLE	Commercial1	x	x	email	707893748	www	General	\N	Abidjan	SAVON LIQUIDE VAISELLE	SAVON LIQUIDE VAISELLE	ras	f	f	f	f	cHxRxbjujoj287	1	\N	1	1	43	\N	9	\N	\N	2	2
288	2024-10-13 00:00:00-05	2024-10-13 00:00:00-05	SAVON SOLIDE 24 J	Commercial1	x	x	email	707893749	www	General	\N	Abidjan	SAVON SOLIDE 24 J	SAVON SOLIDE 24 J	ras	f	f	f	f	cHxRxbjujoj288	1	\N	1	1	43	\N	9	\N	\N	2	2
289	2024-10-13 00:00:00-05	2024-10-13 00:00:00-05	SAVON SOLIDE 24 J	Commercial2	x	x	email	707893750	www	General	\N	Abidjan	SAVON SOLIDE 24 J	SAVON SOLIDE 24 J	ras	f	f	f	f	cHxRxbjujoj289	1	\N	1	2	43	\N	9	\N	\N	2	2
290	2024-10-13 00:00:00-05	2024-10-13 00:00:00-05	SAVON LIQUIDE VAISELLE	Commercial1	x	x	email	707893751	www	General	\N	Abidjan	SAVON LIQUIDE VAISELLE	SAVON LIQUIDE VAISELLE	ras	f	f	f	f	cHxRxbjujoj290	1	\N	1	1	43	\N	9	\N	\N	2	2
291	2024-10-13 00:00:00-05	2024-10-13 00:00:00-05	SAVON LIQUIDE VAISELLE	Commercial1	x	x	email	707893752	www	General	\N	Abidjan	SAVON LIQUIDE VAISELLE	SAVON LIQUIDE VAISELLE	ras	f	f	f	f	cHxRxbjujoj291	1	\N	1	1	43	\N	9	\N	\N	2	2
292	2024-10-13 00:00:00-05	2024-10-13 00:00:00-05	SAVON SOLIDE 24 J	Commercial1	x	x	email	707893753	www	General	\N	Abidjan	SAVON SOLIDE 24 J	SAVON SOLIDE 24 J	ras	f	f	f	f	cHxRxbjujoj292	1	\N	1	1	43	\N	9	\N	\N	2	2
293	2024-10-13 00:00:00-05	2024-10-13 00:00:00-05	SAVON SOLIDE 24 J	Commercial2	x	x	email	707893754	www	General	\N	Abidjan	SAVON SOLIDE 24 J	SAVON SOLIDE 24 J	ras	f	f	f	f	cHxRxbjujoj293	1	\N	1	2	43	\N	9	\N	\N	2	2
294	2024-10-13 00:00:00-05	2024-10-13 00:00:00-05	SAVON LIQUIDE VAISELLE	Commercial1	x	x	email	707893755	www	General	\N	Abidjan	SAVON LIQUIDE VAISELLE	SAVON LIQUIDE VAISELLE	ras	f	f	f	f	cHxRxbjujoj294	1	\N	1	1	43	\N	9	\N	\N	2	2
295	2024-10-13 00:00:00-05	2024-10-13 00:00:00-05	SAVON LIQUIDE VAISELLE	Commercial2	x	x	email	707893756	www	General	\N	Abidjan	SAVON LIQUIDE VAISELLE	SAVON LIQUIDE VAISELLE	ras	f	f	f	f	cHxRxbjujoj295	1	\N	1	2	43	\N	9	\N	\N	2	2
296	2024-10-13 00:00:00-05	2024-10-13 00:00:00-05	SAVON SOLIDE 24 J	Commercial1	x	x	email	707893757	www	General	\N	Abidjan	SAVON SOLIDE 24 J	SAVON SOLIDE 24 J	ras	f	f	f	f	cHxRxbjujoj296	1	\N	1	1	43	\N	9	\N	\N	2	2
18	2024-10-13 00:00:00-05	2024-10-13 00:00:00-05	SAVON SOLIDE 24 B	Commercial1	x	x	email	707893636	www	General	\N	Abidjan	SAVON SOLIDE 24 B	SAVON SOLIDE 24 B	ras	f	f	f	f	cHxRxbjujoj18	1	\N	1	1	43	\N	9	\N	\N	2	2
297	2024-10-13 00:00:00-05	2024-10-13 00:00:00-05	SAVON LIQUIDE VAISELLE	Commercial1	x	x	email	707893758	www	General	\N	Abidjan	SAVON LIQUIDE VAISELLE	SAVON LIQUIDE VAISELLE	ras	f	f	f	f	cHxRxbjujoj297	1	\N	1	1	43	\N	9	\N	\N	2	2
298	2024-10-13 00:00:00-05	2024-10-13 00:00:00-05	SAVON SOLIDE 24 J	Commercial1	x	x	email	707893759	www	General	\N	Abidjan	SAVON SOLIDE 24 J	SAVON SOLIDE 24 J	ras	f	f	f	f	cHxRxbjujoj298	1	\N	1	1	43	\N	9	\N	\N	2	2
299	2024-10-13 00:00:00-05	2024-10-13 00:00:00-05	SAVON SOLIDE 24 J	Commercial2	x	x	email	707893760	www	General	\N	Abidjan	SAVON SOLIDE 24 J	SAVON SOLIDE 24 J	ras	f	f	f	f	cHxRxbjujoj299	1	\N	1	2	43	\N	9	\N	\N	2	2
300	2024-10-13 00:00:00-05	2024-10-13 00:00:00-05	SAVON SOLIDE 24 J	Commercial1	x	x	email	707893761	www	General	\N	Abidjan	SAVON SOLIDE 24 J	SAVON SOLIDE 24 J	ras	f	f	f	f	cHxRxbjujoj300	1	\N	1	1	43	\N	9	\N	\N	2	2
301	2024-10-13 00:00:00-05	2024-10-13 00:00:00-05	SAVON SOLIDE 24 J	Commercial2	x	x	email	707893762	www	General	\N	Abidjan	SAVON SOLIDE 24 J	SAVON SOLIDE 24 J	ras	f	f	f	f	cHxRxbjujoj301	1	\N	1	2	43	\N	9	\N	\N	2	2
302	2024-10-13 00:00:00-05	2024-10-13 00:00:00-05	SAVON SOLIDE 24 J	Commercial1	x	x	email	707893763	www	General	\N	Abidjan	SAVON SOLIDE 24 J	SAVON SOLIDE 24 J	ras	f	f	f	f	cHxRxbjujoj302	1	\N	1	1	43	\N	9	\N	\N	2	2
303	2024-10-13 00:00:00-05	2024-10-13 00:00:00-05	SAVON SOLIDE 24 J	Commercial2	x	x	email	707893764	www	General	\N	Abidjan	SAVON SOLIDE 24 J	SAVON SOLIDE 24 J	ras	f	f	f	f	cHxRxbjujoj303	1	\N	1	2	43	\N	9	\N	\N	2	2
304	2024-10-13 00:00:00-05	2024-10-13 00:00:00-05	SAVON LIQUIDE VAISELLE	Commercial2	x	x	email	707893765	www	General	\N	Abidjan	SAVON LIQUIDE VAISELLE	SAVON LIQUIDE VAISELLE	ras	f	f	f	f	cHxRxbjujoj304	1	\N	1	2	43	\N	9	\N	\N	2	2
305	2024-10-13 00:00:00-05	2024-10-13 00:00:00-05	SAVON SOLIDE 24 J	Commercial1	x	x	email	707893766	www	General	\N	Abidjan	SAVON SOLIDE 24 J	SAVON SOLIDE 24 J	ras	f	f	f	f	cHxRxbjujoj305	1	\N	1	1	43	\N	9	\N	\N	2	2
306	2024-10-13 00:00:00-05	2024-10-13 00:00:00-05	SAVON SOLIDE 24 J	Commercial2	x	x	email	707893767	www	General	\N	Abidjan	SAVON SOLIDE 24 J	SAVON SOLIDE 24 J	ras	f	f	f	f	cHxRxbjujoj306	1	\N	1	2	43	\N	9	\N	\N	2	2
307	2024-10-13 00:00:00-05	2024-10-13 00:00:00-05	SAVON LIQUIDE VAISELLE	Commercial1	x	x	email	707893768	www	General	\N	Abidjan	SAVON LIQUIDE VAISELLE	SAVON LIQUIDE VAISELLE	ras	f	f	f	f	cHxRxbjujoj307	1	\N	1	1	43	\N	9	\N	\N	2	2
308	2024-10-13 00:00:00-05	2024-10-13 00:00:00-05	SAVON SOLIDE 24 J	Commercial1	x	x	email	707893769	www	General	\N	Abidjan	SAVON SOLIDE 24 J	SAVON SOLIDE 24 J	ras	f	f	f	f	cHxRxbjujoj308	1	\N	1	1	43	\N	9	\N	\N	2	2
309	2024-10-13 00:00:00-05	2024-10-13 00:00:00-05	SAVON SOLIDE 24 J	Commercial2	x	x	email	707893770	www	General	\N	Abidjan	SAVON SOLIDE 24 J	SAVON SOLIDE 24 J	ras	f	f	f	f	cHxRxbjujoj309	1	\N	1	2	43	\N	9	\N	\N	2	2
310	2024-10-13 00:00:00-05	2024-10-13 00:00:00-05	SAVON SOLIDE 24 J	Commercial1	x	x	email	707893771	www	General	\N	Abidjan	SAVON SOLIDE 24 J	SAVON SOLIDE 24 J	ras	f	f	f	f	cHxRxbjujoj310	1	\N	1	1	43	\N	9	\N	\N	2	2
311	2024-10-13 00:00:00-05	2024-10-13 00:00:00-05	SAVON SOLIDE 24 J	Commercial2	x	x	email	707893772	www	General	\N	Abidjan	SAVON SOLIDE 24 J	SAVON SOLIDE 24 J	ras	f	f	f	f	cHxRxbjujoj311	1	\N	1	2	43	\N	9	\N	\N	2	2
312	2024-10-13 00:00:00-05	2024-10-13 00:00:00-05	SAVON LIQUIDE VAISELLE	Commercial1	x	x	email	707893773	www	General	\N	Abidjan	SAVON LIQUIDE VAISELLE	SAVON LIQUIDE VAISELLE	ras	f	f	f	f	cHxRxbjujoj312	1	\N	1	1	43	\N	9	\N	\N	2	2
313	2024-10-13 00:00:00-05	2024-10-13 00:00:00-05	SAVON LIQUIDE VAISELLE	Commercial2	x	x	email	707893774	www	General	\N	Abidjan	SAVON LIQUIDE VAISELLE	SAVON LIQUIDE VAISELLE	ras	f	f	f	f	cHxRxbjujoj313	1	\N	1	2	43	\N	9	\N	\N	2	2
314	2024-10-13 00:00:00-05	2024-10-13 00:00:00-05	SAVON SOLIDE 24 J	Commercial1	x	x	email	707893775	www	General	\N	Abidjan	SAVON SOLIDE 24 J	SAVON SOLIDE 24 J	ras	f	f	f	f	cHxRxbjujoj314	1	\N	1	1	43	\N	9	\N	\N	2	2
315	2024-10-13 00:00:00-05	2024-10-13 00:00:00-05	SAVON SOLIDE 24 J	Commercial2	x	x	email	707893776	www	General	\N	Abidjan	SAVON SOLIDE 24 J	SAVON SOLIDE 24 J	ras	f	f	f	f	cHxRxbjujoj315	1	\N	1	2	43	\N	9	\N	\N	2	2
316	2024-10-13 00:00:00-05	2024-10-13 00:00:00-05	SAVON SOLIDE 24 marron	Commercial1	x	x	email	707893777	www	General	\N	Abidjan	SAVON SOLIDE 24 marron	SAVON SOLIDE 24 marron	ras	f	f	f	f	cHxRxbjujoj316	1	\N	1	1	43	\N	9	\N	\N	2	2
317	2024-10-13 00:00:00-05	2024-10-13 00:00:00-05	SAVON SOLIDE 24 marron	Commercial2	x	x	email	707893778	www	General	\N	Abidjan	SAVON SOLIDE 24 marron	SAVON SOLIDE 24 marron	ras	f	f	f	f	cHxRxbjujoj317	1	\N	1	2	43	\N	9	\N	\N	2	2
318	2024-10-13 00:00:00-05	2024-10-13 00:00:00-05	SAVON SOLIDE 48 J 	Commercial2	x	x	email	707893779	www	General	\N	Abidjan	SAVON SOLIDE 48 J 	SAVON SOLIDE 48 J 	ras	f	f	f	f	cHxRxbjujoj318	1	\N	1	2	43	\N	9	\N	\N	2	2
319	2024-10-13 00:00:00-05	2024-10-13 00:00:00-05	SAVON SOLIDE 24 marron	Commercial1	x	x	email	707893780	www	General	\N	Abidjan	SAVON SOLIDE 24 marron	SAVON SOLIDE 24 marron	ras	f	f	f	f	cHxRxbjujoj319	1	\N	1	1	43	\N	9	\N	\N	2	2
320	2024-10-13 00:00:00-05	2024-10-13 00:00:00-05	SAVON SOLIDE 24 marron	Commercial2	x	x	email	707893781	www	General	\N	Abidjan	SAVON SOLIDE 24 marron	SAVON SOLIDE 24 marron	ras	f	f	f	f	cHxRxbjujoj320	1	\N	1	2	43	\N	9	\N	\N	2	2
321	2024-10-13 00:00:00-05	2024-10-13 00:00:00-05	SAVON LIQUIDE VAISELLE	Commercial1	x	x	email	707893782	www	General	\N	Abidjan	SAVON LIQUIDE VAISELLE	SAVON LIQUIDE VAISELLE	ras	f	f	f	f	cHxRxbjujoj321	1	\N	1	1	43	\N	9	\N	\N	2	2
322	2024-10-13 00:00:00-05	2024-10-13 00:00:00-05	SAVON SOLIDE 24 marron	Commercial1	x	x	email	707893783	www	General	\N	Abidjan	SAVON SOLIDE 24 marron	SAVON SOLIDE 24 marron	ras	f	f	f	f	cHxRxbjujoj322	1	\N	1	1	43	\N	9	\N	\N	2	2
323	2024-10-13 00:00:00-05	2024-10-13 00:00:00-05	SAVON SOLIDE 24 marron	Commercial2	x	x	email	707893784	www	General	\N	Abidjan	SAVON SOLIDE 24 marron	SAVON SOLIDE 24 marron	ras	f	f	f	f	cHxRxbjujoj323	1	\N	1	2	43	\N	9	\N	\N	2	2
324	2024-10-13 00:00:00-05	2024-10-13 00:00:00-05	SAVON LIQUIDE VAISELLE	Commercial1	x	x	email	707893785	www	General	\N	Abidjan	SAVON LIQUIDE VAISELLE	SAVON LIQUIDE VAISELLE	ras	f	f	f	f	cHxRxbjujoj324	1	\N	1	1	43	\N	9	\N	\N	2	2
325	2024-10-13 00:00:00-05	2024-10-13 00:00:00-05	SAVON LIQUIDE VAISELLE	Commercial2	x	x	email	707893786	www	General	\N	Abidjan	SAVON LIQUIDE VAISELLE	SAVON LIQUIDE VAISELLE	ras	f	f	f	f	cHxRxbjujoj325	1	\N	1	2	43	\N	9	\N	\N	2	2
326	2024-10-13 00:00:00-05	2024-10-13 00:00:00-05	SAVON SOLIDE 24 marron	Commercial1	x	x	email	707893787	www	General	\N	Abidjan	SAVON SOLIDE 24 marron	SAVON SOLIDE 24 marron	ras	f	f	f	f	cHxRxbjujoj326	1	\N	1	1	43	\N	9	\N	\N	2	2
327	2024-10-13 00:00:00-05	2024-10-13 00:00:00-05	SAVON SOLIDE 24 marron	Commercial2	x	x	email	707893788	www	General	\N	Abidjan	SAVON SOLIDE 24 marron	SAVON SOLIDE 24 marron	ras	f	f	f	f	cHxRxbjujoj327	1	\N	1	2	43	\N	9	\N	\N	2	2
328	2024-10-13 00:00:00-05	2024-10-13 00:00:00-05	SAVON LIQUIDE VAISELLE	Commercial1	x	x	email	707893789	www	General	\N	Abidjan	SAVON LIQUIDE VAISELLE	SAVON LIQUIDE VAISELLE	ras	f	f	f	f	cHxRxbjujoj328	1	\N	1	1	43	\N	9	\N	\N	2	2
329	2024-10-13 00:00:00-05	2024-10-13 00:00:00-05	SAVON SOLIDE 24 marron	Commercial1	x	x	email	707893790	www	General	\N	Abidjan	SAVON SOLIDE 24 marron	SAVON SOLIDE 24 marron	ras	f	f	f	f	cHxRxbjujoj329	1	\N	1	1	43	\N	9	\N	\N	2	2
1	2024-10-13 00:00:00-05	2024-10-13 00:00:00-05	SAVON SOLIDE 24 J	Commercial1	x	x	email	707893636	www	General	\N	Abidjan	SAVON SOLIDE 24 J	SAVON SOLIDE 24 J	ras	f	f	f	f	cHxRxbjujoj1	1	\N	1	1	43	\N	9	\N	\N	2	2
2	2024-10-13 00:00:00-05	2024-10-13 00:00:00-05	SAVON SOLIDE 24 B	Commercial1	x	x	email	707893636	www	General	\N	Abidjan	SAVON SOLIDE 24 B	SAVON SOLIDE 24 B	ras	f	f	f	f	cHxRxbjujoj2	1	\N	1	1	43	\N	9	\N	\N	2	2
3	2024-10-13 00:00:00-05	2024-10-13 00:00:00-05	SAVON SOLIDE 24 J	Commercial1	x	x	email	707893636	www	General	\N	Abidjan	SAVON SOLIDE 24 J	SAVON SOLIDE 24 J	ras	f	f	f	f	cHxRxbjujoj3	1	\N	1	1	43	\N	9	\N	\N	2	2
4	2024-10-13 00:00:00-05	2024-10-13 00:00:00-05	SAVON SOLIDE 24 B	Commercial1	x	x	email	707893636	www	General	\N	Abidjan	SAVON SOLIDE 24 B	SAVON SOLIDE 24 B	ras	f	f	f	f	cHxRxbjujoj4	1	\N	1	1	43	\N	9	\N	\N	2	2
5	2024-10-13 00:00:00-05	2024-10-13 00:00:00-05	SAVON SOLIDE 24 J	Commercial1	x	x	email	707893636	www	General	\N	Abidjan	SAVON SOLIDE 24 J	SAVON SOLIDE 24 J	ras	f	f	f	f	cHxRxbjujoj5	1	\N	1	1	43	\N	9	\N	\N	2	2
6	2024-10-13 00:00:00-05	2024-10-13 00:00:00-05	SAVON SOLIDE 24 B	Commercial1	x	x	email	707893636	www	General	\N	Abidjan	SAVON SOLIDE 24 B	SAVON SOLIDE 24 B	ras	f	f	f	f	cHxRxbjujoj6	1	\N	1	1	43	\N	9	\N	\N	2	2
7	2024-10-13 00:00:00-05	2024-10-13 00:00:00-05	SAVON SOLIDE 24 J	Commercial1	x	x	email	707893636	www	General	\N	Abidjan	SAVON SOLIDE 24 J	SAVON SOLIDE 24 J	ras	f	f	f	f	cHxRxbjujoj7	1	\N	1	1	43	\N	9	\N	\N	2	2
8	2024-10-13 00:00:00-05	2024-10-13 00:00:00-05	SAVON SOLIDE 24 B	Commercial1	x	x	email	707893636	www	General	\N	Abidjan	SAVON SOLIDE 24 B	SAVON SOLIDE 24 B	ras	f	f	f	f	cHxRxbjujoj8	1	\N	1	1	43	\N	9	\N	\N	2	2
9	2024-10-13 00:00:00-05	2024-10-13 00:00:00-05	SAVON SOLIDE 24 J	Commercial1	x	x	email	707893636	www	General	\N	Abidjan	SAVON SOLIDE 24 J	SAVON SOLIDE 24 J	ras	f	f	f	f	cHxRxbjujoj9	1	\N	1	1	43	\N	9	\N	\N	2	2
10	2024-10-13 00:00:00-05	2024-10-13 00:00:00-05	SAVON SOLIDE 24 B	Commercial1	x	x	email	707893636	www	General	\N	Abidjan	SAVON SOLIDE 24 B	SAVON SOLIDE 24 B	ras	f	f	f	f	cHxRxbjujoj10	1	\N	1	1	43	\N	9	\N	\N	2	2
11	2024-10-13 00:00:00-05	2024-10-13 00:00:00-05	SAVON SOLIDE 24 J	Commercial1	x	x	email	707893636	www	General	\N	Abidjan	SAVON SOLIDE 24 J	SAVON SOLIDE 24 J	ras	f	f	f	f	cHxRxbjujoj11	1	\N	1	1	43	\N	9	\N	\N	2	2
12	2024-10-13 00:00:00-05	2024-10-13 00:00:00-05	SAVON SOLIDE 24 J	Commercial1	x	x	email	707893636	www	General	\N	Abidjan	SAVON SOLIDE 24 J	SAVON SOLIDE 24 J	ras	f	f	f	f	cHxRxbjujoj12	1	\N	1	1	43	\N	9	\N	\N	2	2
13	2024-10-13 00:00:00-05	2024-10-13 00:00:00-05	SAVON SOLIDE 24 B	Commercial1	x	x	email	707893636	www	General	\N	Abidjan	SAVON SOLIDE 24 B	SAVON SOLIDE 24 B	ras	f	f	f	f	cHxRxbjujoj13	1	\N	1	1	43	\N	9	\N	\N	2	2
14	2024-10-13 00:00:00-05	2024-10-13 00:00:00-05	SAVON SOLIDE 24 B	Commercial1	x	x	email	707893636	www	General	\N	Abidjan	SAVON SOLIDE 24 B	SAVON SOLIDE 24 B	ras	f	f	f	f	cHxRxbjujoj14	1	\N	1	1	43	\N	9	\N	\N	2	2
15	2024-10-13 00:00:00-05	2024-10-13 00:00:00-05	SAVON SOLIDE 24 J	Commercial1	x	x	email	707893636	www	General	\N	Abidjan	SAVON SOLIDE 24 J	SAVON SOLIDE 24 J	ras	f	f	f	f	cHxRxbjujoj15	1	\N	1	1	43	\N	9	\N	\N	2	2
16	2024-10-13 00:00:00-05	2024-10-13 00:00:00-05	SAVON SOLIDE 24 B	Commercial1	x	x	email	707893636	www	General	\N	Abidjan	SAVON SOLIDE 24 B	SAVON SOLIDE 24 B	ras	f	f	f	f	cHxRxbjujoj16	1	\N	1	1	43	\N	9	\N	\N	2	2
330	2024-10-13 00:00:00-05	2024-10-13 00:00:00-05	SAVON SOLIDE 24 marron	Commercial2	x	x	email	707893791	www	General	\N	Abidjan	SAVON SOLIDE 24 marron	SAVON SOLIDE 24 marron	ras	f	f	f	f	cHxRxbjujoj330	1	\N	1	2	43	\N	9	\N	\N	2	2
331	2024-10-13 00:00:00-05	2024-10-13 00:00:00-05	SAVON SOLIDE 24 marron	Commercial1	x	x	email	707893792	www	General	\N	Abidjan	SAVON SOLIDE 24 marron	SAVON SOLIDE 24 marron	ras	f	f	f	f	cHxRxbjujoj331	1	\N	1	1	43	\N	9	\N	\N	2	2
332	2024-10-13 00:00:00-05	2024-10-13 00:00:00-05	SAVON SOLIDE 24 marron	Commercial2	x	x	email	707893793	www	General	\N	Abidjan	SAVON SOLIDE 24 marron	SAVON SOLIDE 24 marron	ras	f	f	f	f	cHxRxbjujoj332	1	\N	1	2	43	\N	9	\N	\N	2	2
333	2024-10-13 00:00:00-05	2024-10-13 00:00:00-05	SAVON LIQUIDE VAISELLE	Commercial1	x	x	email	707893794	www	General	\N	Abidjan	SAVON LIQUIDE VAISELLE	SAVON LIQUIDE VAISELLE	ras	f	f	f	f	cHxRxbjujoj333	1	\N	1	1	43	\N	9	\N	\N	2	2
334	2024-10-13 00:00:00-05	2024-10-13 00:00:00-05	SAVON LIQUIDE VAISELLE	Commercial2	x	x	email	707893795	www	General	\N	Abidjan	SAVON LIQUIDE VAISELLE	SAVON LIQUIDE VAISELLE	ras	f	f	f	f	cHxRxbjujoj334	1	\N	1	2	43	\N	9	\N	\N	2	2
335	2024-10-13 00:00:00-05	2024-10-13 00:00:00-05	SAVON SOLIDE 24 marron	Commercial1	x	x	email	707893796	www	General	\N	Abidjan	SAVON SOLIDE 24 marron	SAVON SOLIDE 24 marron	ras	f	f	f	f	cHxRxbjujoj335	1	\N	1	1	43	\N	9	\N	\N	2	2
336	2024-10-13 00:00:00-05	2024-10-13 00:00:00-05	SAVON SOLIDE 24 marron	Commercial2	x	x	email	707893797	www	General	\N	Abidjan	SAVON SOLIDE 24 marron	SAVON SOLIDE 24 marron	ras	f	f	f	f	cHxRxbjujoj336	1	\N	1	2	43	\N	9	\N	\N	2	2
337	2024-10-13 00:00:00-05	2024-10-13 00:00:00-05	SAVON SOLIDE 24 marron	Commercial1	x	x	email	707893798	www	General	\N	Abidjan	SAVON SOLIDE 24 marron	SAVON SOLIDE 24 marron	ras	f	f	f	f	cHxRxbjujoj337	1	\N	1	1	43	\N	9	\N	\N	2	2
338	2024-10-13 00:00:00-05	2024-10-13 00:00:00-05	SAVON SOLIDE 24 marron	Commercial2	x	x	email	707893799	www	General	\N	Abidjan	SAVON SOLIDE 24 marron	SAVON SOLIDE 24 marron	ras	f	f	f	f	cHxRxbjujoj338	1	\N	1	2	43	\N	9	\N	\N	2	2
339	2024-10-13 00:00:00-05	2024-10-13 00:00:00-05	SAVON LIQUIDE VAISELLE	Commercial2	x	x	email	707893800	www	General	2024-10-14	Abidjan	SAVON LIQUIDE VAISELLE	SAVON LIQUIDE VAISELLE	ras	f	f	f	f	cHxRxbjujoj339	1	\N	1	2	43	\N	9	\N	1	2	2
340	2024-10-15 20:15:02.349221-05	2024-10-15 20:16:35.858581-05	Achat	commercial1							\N					f	f	f	t	4Y5Sy6OWTd4	\N	\N	\N	\N	43	340	9	2	\N	2	2
\.


--
-- Data for Name: crm_request_products; Type: TABLE DATA; Schema: public; Owner: vaflaly
--

COPY public.crm_request_products (id, request_id, product_id) FROM stdin;
1	1	1
2	2	1
3	3	1
4	4	1
5	5	1
6	6	1
7	7	1
8	8	1
9	9	1
10	10	1
11	11	1
12	12	1
13	13	1
14	14	1
15	15	1
16	16	1
17	17	1
18	18	1
19	19	3
20	20	3
21	21	3
22	22	1
23	23	1
24	24	1
25	25	1
26	26	1
27	27	1
28	28	1
29	29	1
30	30	1
31	31	1
32	32	1
33	33	1
34	34	1
35	35	1
36	36	3
37	37	3
38	38	1
39	39	1
40	40	1
41	41	1
42	42	1
43	43	1
44	44	1
45	45	1
46	46	1
47	47	1
48	48	1
49	49	1
50	50	1
51	51	1
52	52	1
53	53	1
54	54	1
55	55	1
56	56	1
57	57	1
58	58	3
59	59	1
60	60	1
61	61	1
62	62	1
63	63	1
64	64	1
65	65	1
66	66	1
67	67	1
68	68	1
69	69	3
70	70	1
71	71	1
72	72	1
73	73	1
74	74	1
75	75	1
76	76	1
77	77	1
78	78	1
79	79	1
80	80	1
81	81	1
82	82	1
83	83	1
84	84	1
85	85	1
86	86	3
87	87	3
88	88	1
89	89	1
90	90	1
91	91	1
92	92	3
93	93	3
94	94	3
95	95	1
96	96	1
97	97	1
98	98	1
99	99	3
100	100	3
101	101	1
102	102	1
103	103	1
104	104	1
105	105	3
106	106	3
107	107	1
108	108	1
109	109	1
110	110	1
111	111	3
112	112	3
113	113	3
114	114	3
115	115	1
116	116	1
117	117	1
118	118	1
119	119	3
120	120	3
121	121	1
122	122	1
123	123	1
124	124	1
125	125	3
126	126	3
127	127	1
128	128	1
129	129	1
130	130	1
131	131	3
132	132	3
133	133	1
134	134	1
135	135	1
136	136	1
137	137	3
138	138	3
139	139	1
140	140	1
141	141	1
142	142	1
143	143	3
144	144	3
145	145	1
146	146	1
147	147	1
148	148	1
149	149	3
150	150	1
151	151	1
152	152	1
153	153	1
154	154	3
155	155	3
156	156	1
157	157	1
158	158	3
159	159	3
160	160	1
161	161	1
162	162	1
163	163	1
164	164	1
165	165	1
166	166	3
167	167	1
168	168	1
169	169	1
170	170	1
171	171	3
172	172	3
173	173	3
174	174	1
175	175	1
176	176	1
177	177	1
178	178	1
179	179	1
180	180	1
181	181	1
182	182	1
183	183	1
184	184	3
185	185	1
186	186	1
187	187	3
188	188	1
189	189	1
190	190	1
191	191	1
192	192	3
193	193	3
194	194	1
195	195	1
196	196	1
197	197	1
198	198	1
199	199	1
200	200	3
201	201	3
202	202	1
203	203	1
204	204	1
205	205	1
206	206	3
207	207	3
208	208	1
209	209	1
210	210	1
211	211	1
212	212	3
213	213	3
214	214	3
215	215	1
216	216	1
217	217	1
218	218	1
219	219	3
220	220	3
221	221	1
222	222	1
223	223	1
224	224	1
225	225	3
226	226	3
227	227	1
228	228	1
229	229	1
230	230	1
231	231	3
232	232	1
233	233	1
234	234	3
235	235	1
236	236	1
237	237	1
238	238	1
239	239	1
240	240	3
241	241	1
242	242	1
243	243	3
244	244	1
245	245	1
246	246	3
247	247	1
248	248	1
249	249	3
250	250	1
251	251	1
252	252	3
253	253	1
254	254	1
255	255	3
256	256	1
257	257	3
258	258	1
259	259	3
260	260	1
261	261	1
262	262	3
263	263	1
264	264	1
265	265	3
266	266	3
267	267	1
268	268	1
269	269	3
270	270	1
271	271	1
272	272	3
273	273	3
274	274	1
275	275	1
276	276	3
277	277	3
278	278	1
279	279	1
280	280	3
281	281	1
282	282	1
283	283	3
284	284	3
285	285	1
286	286	3
287	287	3
288	288	1
289	289	1
290	290	3
291	291	3
292	292	1
293	293	1
294	294	3
295	295	3
296	296	1
297	297	3
298	298	1
299	299	1
300	300	1
301	301	1
302	302	1
303	303	1
304	304	3
305	305	1
306	306	1
307	307	3
308	308	1
309	309	1
310	310	1
311	311	1
312	312	3
313	313	3
314	314	1
315	315	1
316	316	1
317	317	1
318	318	2
319	319	1
320	320	1
321	321	3
322	322	1
323	323	1
324	324	3
325	325	3
326	326	1
327	327	1
328	328	3
329	329	1
330	330	1
331	331	1
332	332	1
333	333	3
334	334	3
335	335	1
336	336	1
337	337	1
338	338	1
339	339	3
340	340	1
\.


--
-- Data for Name: crm_stage; Type: TABLE DATA; Schema: public; Owner: vaflaly
--

COPY public.crm_stage (id, name, "default", index_number, second_default, success_stage, conditional_success_stage, goods_shipped, department_id) FROM stdin;
1	request	t	1	f	f	f	f	9
2	analysis of request	f	2	t	f	f	f	9
3	clarification of the requirements	f	3	f	f	f	f	9
4	price offer	f	4	f	f	f	f	9
5	commercial proposal	f	5	f	f	f	f	9
6	commercial offer	f	6	f	f	f	f	9
7	agreement	f	7	f	f	f	f	9
8	invoice	f	8	f	f	f	f	9
9	receiving the first payment	f	9	f	f	t	f	9
10	shipment	f	10	f	f	f	t	9
11	closed (successful)	f	11	f	t	f	f	9
12	request	t	1	f	f	f	f	10
13	analysis of request	f	2	t	f	f	f	10
14	clarification of the requirements	f	3	f	f	f	f	10
15	price offer	f	4	f	f	f	f	10
16	commercial proposal	f	5	f	f	f	f	10
17	commercial offer	f	6	f	f	f	f	10
18	agreement	f	7	f	f	f	f	10
19	invoice	f	8	f	f	f	f	10
20	receiving the first payment	f	9	f	f	t	f	10
21	shipment	f	10	f	f	f	t	10
22	closed (successful)	f	11	f	t	f	f	10
\.


--
-- Data for Name: crm_tag; Type: TABLE DATA; Schema: public; Owner: vaflaly
--

COPY public.crm_tag (id, creation_date, update_date, name, department_id, modified_by_id, owner_id) FROM stdin;
\.


--
-- Data for Name: django_admin_log; Type: TABLE DATA; Schema: public; Owner: vaflaly
--

COPY public.django_admin_log (id, action_time, object_id, object_repr, action_flag, change_message, content_type_id, user_id) FROM stdin;
1	2024-10-15 15:34:11.218134-05	2	djeneba	1	[{"added": {}}]	5	1
2	2024-10-15 15:34:28.407486-05	2	djeneba	2	[{"changed": {"fields": ["Groups"]}}]	5	1
3	2024-10-15 15:35:41.316443-05	2	djeneba	2	[{"changed": {"fields": ["password"]}}]	5	1
4	2024-10-15 15:36:03.033206-05	2	djeneba	2	[{"changed": {"fields": ["Staff status"]}}]	5	1
5	2024-10-15 15:38:27.189838-05	2	EUR	3		10	1
6	2024-10-15 15:38:27.189902-05	1	USD	3		10	1
7	2024-10-15 15:38:36.681628-05	3	XOF	1	[{"added": {}}]	10	1
8	2024-10-15 15:40:07.668855-05	1	Vaisselle	1	[{"added": {}}]	18	1
9	2024-10-15 15:40:24.946514-05	2	Lessive	1	[{"added": {}}]	18	1
10	2024-10-15 15:40:58.274846-05	3	Multitche	1	[{"added": {}}]	18	1
11	2024-10-15 15:42:14.607815-05	1	Savon Solide 275g - 24 pcs	1	[{"added": {}}]	17	2
12	2024-10-15 15:43:13.348174-05	2	Savon Solide 275g - 48 pcs	1	[{"added": {}}]	17	2
13	2024-10-15 15:43:37.116346-05	1	Savon Solide 275g - 24 pcs	2	[{"changed": {"fields": ["Price", "Currency"]}}]	17	2
14	2024-10-15 15:44:24.107693-05	3	Savon Liquide 750ml - 12 pcs	1	[{"added": {}}]	17	2
15	2024-10-15 15:45:27.108355-05	1	Abidjan	1	[{"added": {}}]	8	2
16	2024-10-15 15:49:03.781581-05	1	General	1	[{"added": {}}]	25	2
17	2024-10-15 15:49:10.270021-05	1	PHILLIPE DOH, General, None	1	[{"added": {}}]	26	2
18	2024-10-15 15:50:26.431621-05	2	Commercial2 , General, None	1	[{"added": {}}]	26	2
19	2024-10-15 15:51:46.372649-05	1	boutique	2	[{"changed": {"fields": ["Name"]}}]	23	1
20	2024-10-15 15:51:59.13851-05	2	mamies	2	[{"changed": {"fields": ["Name"]}}]	23	1
21	2024-10-15 15:52:19.549157-05	3	grossistes	2	[{"changed": {"fields": ["Name"]}}]	23	1
22	2024-10-15 15:52:34.386924-05	4	client final	2	[{"changed": {"fields": ["Name"]}}]	23	1
23	2024-10-15 15:52:47.209931-05	5	Supermarchs	2	[{"changed": {"fields": ["Name"]}}]	23	1
24	2024-10-15 15:53:06.501017-05	6	boutique	2	[{"changed": {"fields": ["Name"]}}]	23	1
25	2024-10-15 15:53:15.116414-05	7	mamies	2	[{"changed": {"fields": ["Name"]}}]	23	1
26	2024-10-15 15:53:34.908137-05	8	grossistes	2	[{"changed": {"fields": ["Name"]}}]	23	1
27	2024-10-15 15:53:45.291731-05	9	client final	2	[{"changed": {"fields": ["Name"]}}]	23	1
28	2024-10-15 15:53:54.501547-05	10	supermarchs	2	[{"changed": {"fields": ["Name"]}}]	23	1
29	2024-10-15 15:54:01.552984-05	5	supermarchs	2	[{"changed": {"fields": ["Name"]}}]	23	1
30	2024-10-15 15:55:48.221751-05	1	vaflaly	2	[{"changed": {"fields": ["Groups"]}}]	5	1
31	2024-10-15 15:56:58.967203-05	1	vaflaly	2	[{"changed": {"fields": ["Groups"]}}]	5	1
32	2024-10-15 15:57:46.661025-05	1	vaflaly	2	[{"changed": {"fields": ["Groups"]}}]	5	1
33	2024-10-15 15:58:41.009093-05	1	vaflaly	2	[{"changed": {"fields": ["Groups"]}}]	5	1
34	2024-10-15 16:00:15.269983-05	1	Distributeur	2	[{"changed": {"fields": ["Name"]}}]	14	1
35	2024-10-15 16:00:27.116447-05	2	Internet	2	[{"changed": {"fields": ["Name"]}}]	14	1
36	2024-10-15 16:00:41.500271-05	4	exposition	2	[]	14	1
37	2024-10-15 16:01:15.960288-05	3	Equipe commercial	2	[{"changed": {"fields": ["Name"]}}]	14	1
38	2024-10-15 16:01:43.15346-05	10	website form (iframe)	3		14	1
39	2024-10-15 16:01:43.153536-05	9	exposition	3		14	1
40	2024-10-15 16:01:43.153579-05	8	email du site web	3		14	1
41	2024-10-15 16:01:43.153617-05	7	formulaire du site web	3		14	1
42	2024-10-15 16:01:43.153655-05	6	distributeur	3		14	1
43	2024-10-15 16:01:59.057595-05	5	Promotion / Marketing	2	[{"changed": {"fields": ["Name"]}}]	14	1
44	2024-10-15 16:03:24.734233-05	2	djeneba	2	[{"changed": {"fields": ["Groups"]}}]	5	1
45	2024-10-15 16:04:46.346647-05	1	General	2	[{"changed": {"fields": ["Type of company", "Lead Source"]}}]	25	1
46	2024-10-15 16:06:29.286505-05	1	Achat	1	[{"added": {}}]	20	2
47	2024-10-15 16:07:02.376184-05	1	Achat	2	[{"changed": {"fields": ["Client, ID"]}}]	20	2
48	2024-10-15 16:07:44.605104-05	1	Achat	2	[{"changed": {"fields": ["Country"]}}]	20	2
49	2024-10-15 16:07:52.579916-05	1	Achat	2	[]	20	2
50	2024-10-15 16:08:45.251437-05	1	Achat	2	[{"changed": {"fields": ["Amount", "Currency"]}}]	11	2
51	2024-10-15 16:13:24.480775-05	1	PHILLIPE DOH, General, None	2	[{"changed": {"fields": ["Owner", "Department"]}}]	26	1
52	2024-10-15 16:13:35.925904-05	2	Commercial2 , General, None	2	[{"changed": {"fields": ["Owner", "Department"]}}]	26	1
53	2024-10-15 16:14:50.304207-05	1	Achat	2	[{"changed": {"fields": ["Contact, ID"]}}]	11	2
54	2024-10-15 16:15:54.722055-05	2	djeneba	2	[{"changed": {"fields": ["Groups"]}}]	5	1
55	2024-10-15 18:50:48.278724-05	1	Diallo, General, Cote d'Ivoire	3		13	2
56	2024-10-15 20:02:31.70165-05	2	djeneba	2	[{"changed": {"fields": ["Groups"]}}]	5	1
57	2024-10-15 20:05:58.925244-05	2	djeneba	2	[{"changed": {"fields": ["Groups"]}}]	5	1
58	2024-10-15 20:06:43.21837-05	2	djeneba	2	[{"changed": {"fields": ["Groups"]}}]	5	1
59	2024-10-15 20:08:27.8139-05	3	Savon Liquide 750ml - 12 pcs	2	[{"changed": {"fields": ["Department"]}}]	17	1
60	2024-10-15 20:08:40.126869-05	1	Savon Solide 275g - 24 pcs	2	[{"changed": {"fields": ["Department"]}}]	17	1
61	2024-10-15 20:08:54.831679-05	2	Savon Solide 275g - 48 pcs	2	[{"changed": {"fields": ["Department"]}}]	17	1
62	2024-10-15 20:15:02.597073-05	340	Achat	1	[{"added": {}}]	20	2
63	2024-10-15 20:16:23.721433-05	340	Achat	2	[{"changed": {"fields": ["Country"]}}]	20	2
64	2024-10-15 20:16:35.881814-05	340	Achat	2	[]	20	2
\.


--
-- Data for Name: django_content_type; Type: TABLE DATA; Schema: public; Owner: vaflaly
--

COPY public.django_content_type (id, app_label, model) FROM stdin;
1	sites	site
2	admin	logentry
3	auth	permission
4	auth	group
5	auth	user
6	contenttypes	contenttype
7	sessions	session
8	crm	city
9	crm	country
10	crm	currency
11	crm	deal
12	crm	industry
13	crm	lead
14	crm	leadsource
15	crm	output
16	crm	payment
17	crm	product
18	crm	productcategory
19	crm	rate
20	crm	request
21	crm	stage
22	crm	tag
23	crm	clienttype
24	crm	closingreason
25	crm	company
26	crm	contact
27	crm	crmemail
28	crm	shipment
29	massmail	emailaccount
30	massmail	emlaccountsqueue
31	massmail	emlmessage
32	massmail	mailingout
33	massmail	masscontact
34	massmail	signature
35	analytics	incomestatsnapshot
36	analytics	closingreasonstat
37	analytics	conversionstat
38	analytics	dealstat
39	analytics	incomestat
40	analytics	leadsourcestat
41	analytics	outputstat
42	analytics	requeststat
43	analytics	salesfunnel
44	help	page
45	help	paragraph
46	tasks	projectstage
47	tasks	resolution
48	tasks	taskstage
49	tasks	tag
50	tasks	project
51	tasks	task
52	tasks	memo
53	chat	chatmessage
54	voip	connection
55	common	department
56	common	reminder
57	common	thefile
58	common	userprofile
59	settings	bannedcompanyname
60	settings	publicemaildomain
61	settings	stopphrase
62	settings	reminders
\.


--
-- Data for Name: django_migrations; Type: TABLE DATA; Schema: public; Owner: vaflaly
--

COPY public.django_migrations (id, app, name, applied) FROM stdin;
1	contenttypes	0001_initial	2024-10-15 15:28:11.261976-05
2	auth	0001_initial	2024-10-15 15:28:11.351522-05
3	admin	0001_initial	2024-10-15 15:28:11.388754-05
4	admin	0002_logentry_remove_auto_add	2024-10-15 15:28:11.399249-05
5	admin	0003_logentry_add_action_flag_choices	2024-10-15 15:28:11.414739-05
6	contenttypes	0002_remove_content_type_name	2024-10-15 15:28:11.44606-05
7	auth	0002_alter_permission_name_max_length	2024-10-15 15:28:11.461251-05
8	auth	0003_alter_user_email_max_length	2024-10-15 15:28:11.477878-05
9	auth	0004_alter_user_username_opts	2024-10-15 15:28:11.490382-05
10	auth	0005_alter_user_last_login_null	2024-10-15 15:28:11.513379-05
11	auth	0006_require_contenttypes_0002	2024-10-15 15:28:11.516488-05
12	auth	0007_alter_validators_add_error_messages	2024-10-15 15:28:11.529727-05
13	auth	0008_alter_user_username_max_length	2024-10-15 15:28:11.546802-05
14	auth	0009_alter_user_last_name_max_length	2024-10-15 15:28:11.568138-05
15	auth	0010_alter_group_name_max_length	2024-10-15 15:28:11.587099-05
16	auth	0011_update_proxy_permissions	2024-10-15 15:28:11.596052-05
17	auth	0012_alter_user_first_name_max_length	2024-10-15 15:28:11.611855-05
18	crm	0001_initial	2024-10-15 15:28:11.957084-05
19	analytics	0001_initial	2024-10-15 15:28:11.973179-05
20	analytics	0002_initial	2024-10-15 15:28:12.070767-05
21	chat	0001_initial	2024-10-15 15:28:12.139686-05
22	common	0001_initial	2024-10-15 15:28:12.334224-05
23	common	0002_initial	2024-10-15 15:28:12.46232-05
24	massmail	0001_initial	2024-10-15 15:28:12.762327-05
25	crm	0002_initial	2024-10-15 15:28:16.661088-05
26	crm	0003_company_disqualified_company_massmail_and_more	2024-10-15 15:28:17.297662-05
27	crm	0004_alter_company_massmail_alter_contact_massmail_and_more	2024-10-15 15:28:17.427823-05
28	help	0001_initial	2024-10-15 15:28:17.578401-05
29	sessions	0001_initial	2024-10-15 15:28:17.662634-05
30	settings	0001_initial	2024-10-15 15:28:17.759834-05
31	settings	0002_reminders	2024-10-15 15:28:17.776487-05
32	sites	0001_initial	2024-10-15 15:28:17.822029-05
33	sites	0002_alter_domain_unique	2024-10-15 15:28:17.859929-05
34	tasks	0001_initial	2024-10-15 15:28:19.074416-05
35	voip	0001_initial	2024-10-15 15:28:19.217679-05
\.


--
-- Data for Name: django_session; Type: TABLE DATA; Schema: public; Owner: vaflaly
--

COPY public.django_session (session_key, session_data, expire_date) FROM stdin;
gja6b2utrlhlef0r17gqw1um44ymeqco	.eJxVjsEOgjAQRP-lZ9NQCt3i0bvfQHa3i6DYEign478LhoNe5828zEu1uOa-XReZ2yGoszLq9JsR8kPiDsId4y1pTjHPA-m9og-66GsKMl6O7p-gx6Xf1swIBskDCwWgphQEG4rSeY_sHUHtSExBjenQ2soZ57CAzrAFqSvkTRpkwjk_Jebv07iO4_sD9cJAHQ:1t0tGh:S-2CfGQfSSKxopong_DoTL79PiXOWtSrISShgL6401I	2024-10-29 20:56:07.639068-05
aop304rl9ohvkpjcwo30dl8f335clzhl	.eJxVjDsOwjAQBe_iGllgrT9LSc8ZrLV3jQPIluKkQtwdIqWA9s3Me6lI61LjOmSOE6uzMurwuyXKD2kb4Du1W9e5t2Wekt4UvdOhr53ledndv4NKo35rJ8kKoIUTACRE9i6gIwcWg_MWESkUg4BMrljIwpJyKMUbExjDUb0_wm43ZQ:1t0tIM:Ia1FvlWic-pXio5l58SkyXKHBjCl_6kGqVoy-5qtQj8	2024-10-29 20:57:50.751473-05
\.


--
-- Data for Name: django_site; Type: TABLE DATA; Schema: public; Owner: vaflaly
--

COPY public.django_site (id, domain, name) FROM stdin;
1	localhost:8000	CRM site on localhost
\.


--
-- Data for Name: help_page; Type: TABLE DATA; Schema: public; Owner: vaflaly
--

COPY public.help_page (id, app_label, model, page, title, main, language_code) FROM stdin;
51				CRM Home Page	t	en
52	crm	Request	l	List of Requests	t	en
53	crm	Deal	l	List of Deals	t	en
54	analytics		i	Sales funnel	t	en
55				Which query is not relevant	f	en
56				Definition of primary/secondary requests	f	en
57	crm	Company	l	List of Companies	t	en
58	crm	Lead	i	Converting Lead	t	en
59	tasks	Task	l	Task List	t	en
60	tasks	Task	i	Task	t	en
61	crm	Currency	l	List of Currencies	t	en
62	crm	Currency	i	Currency	t	en
63	crm	Payment	l	Payment	t	en
64	massmail	EmailAccount	i	Mail account	t	en
65	tasks	Memo	i	Memo	t	en
66	settings	PublicEmailDomain	l	Public email domains	t	en
67	settings	StopPhrase	l	Stop phrases	t	en
68	tasks	Memo	l	List of memos	t	en
69	crm	Request	i	Request	t	en
70	crm	CrmEmail	l	Mail in CRM	t	en
71	crm	Deal	i	Deal	t	en
72	settings	BannedCompanyName	l	Banned company names	t	en
73	massmail	MailingOut	l	Mailings	t	en
74	crm	Shipment	l	Shipments	t	en
\.


--
-- Data for Name: help_paragraph; Type: TABLE DATA; Schema: public; Owner: vaflaly
--

COPY public.help_paragraph (id, title, content, language_code, draft, verification_required, index_number, document_id, link1_id) FROM stdin;
153	User access to sections and objects	<div>CRM may contain commercial and confidential information.</div><div>Therefore, a user's access to sections and objects is determined by his role (set of rights).</div><div>Users can have several roles.</div><div>The rights can be permanent or dynamic.</div><div>For example, the owner (author) of a memo can always see it.</div><div>But he loses the right to modify it and the right to delete it after it has been reviewed by the chief.</div>	en	f	t	1	51	\N
154	Hints	<div>CRM provides help pages (like this one) and tooltips to make your work easier.</div><div>When you move the mouse cursor over some page elements, such as icons, buttons, etc., tooltips may appear.</div>	en	f	t	2	51	\N
155	Filters	<div>On the right side of each object list page is a filter panel.</div><div>Note that some filters may have a default value.</div><div>For example, the default task list contains only active tasks.</div><div>Therefore, if the object you are looking for is not in the list, you may need to change the value of the filters.</div>	en	f	t	3	51	\N
156	Sorting	<div>Most of the column headers of the object tables are active.</div><div>Clicking on them changes the sorting of objects.</div>	en	f	t	4	51	\N
157	Search for an object by its ID	<div>Any object can be found by its ID.</div><div>To do this, write "ID" and its value in the search line.</div><div>For example, ID1234.</div>	en	f	t	5	51	\N
158	Search for an object by ticket	<div>When a Request is saved to the database, it is assigned a ticket (a unique set of characters).</div><div>Later, the same ticket is assigned to the Deal and all e-mails.</div><div>These objects can be found by this ticket.</div><div>To do this, insert "ticket:" and the ticket value into the search string.</div><div>For example, ticket:tWRMaat3n8Y</div>	en	f	t	6	51	\N
159	Overview of the "Requests" page	<div>The request contains basic information: What - By whom - When it was requested.</div><div><br></div><div>When created, the Request receives the status "pending".</div><div>This means that the Request is waiting for the operator to check the correctness of the data contained in it.</div><div>When the Request is verified, a Deal is created and passed to the assigned sales manager.  </div><div>Each time a Request is saved, the database is searched: Company, Contact Person or Lead and creates a link between all objects.<br></div><div>Thus, the more complete data a Request contains, the more likely it is to identify counterparties in the CRM database.</div><div>The "pending" status is removed automatically when a Deal is created or the request status is set to "duplicate".</div>	en	f	t	1	52	\N
160	How to create a Request	<div>CRM provides automatic creation of Requests coming from website forms.</div><div>You can also create Requests from emails received by e-mail.</div><div>In this case, click the "Import request from email" button in the request list section.</div><div>The selected emails will be imported into the database and Requests will be created on their basis.</div><div>You can create a request manually in CRM. For example, when a client called by phone.</div><div>To do this, click the "ADD REQUEST +" button</div>	en	f	t	2	52	\N
161	Request counter	<div>The counter shows the number of Requests waiting for you to process.</div><div>Requests in which you are listed as the owner or co-owner are totaled.</div><div>Normal numbers show the number of Requests received today. Red numbers show the number of Requests received earlier.</div>	en	t	t	3	52	\N
162	Deal	<div>The "Deal" object in CRM is not a document about concluding a deal with a client.</div><div>It is the main place for a sales manager to work on concluding  a deal.</div><div>All details and results of this work are stored in this object.</div><div>Therefore, this object should be created immediately after processing a request.</div><div>And not to continue working with the Request until the deal with the client is concluded.</div>	en	f	t	1	53	\N
163	How to create a Deal	<div>A Deal is created on the basis of a Request.</div><div>The Deal  will be created if you press the "Create deal  " button in the Request.</div><div>Before doing this, you should carefully check the fields in the Request.</div><div>If you do not specify the contact person explicitly, CRM will search for the Company,  </div><div>Contact person or Lead in the database using the Request data.</div>	en	f	t	2	53	\N
164	Default sorting of deals	<div>By default, new deals are placed at the top of the list.</div><div>This is convenient for novice users.</div><div>In the future it is recommended to use sorting by the date of the next step.</div><div>You can switch the default sorting by the trigger button in the upper right corner.</div>	en	f	t	3	53	\N
165	Icon description	<div>CRM regularly analyzes each Deal.</div><div>The result is displayed on the deals list page in the form of icons with pop-up tips.</div><div><br></div><div><i class="material-icons" style="font-size:small;color:grey">mail_outline</i>  - "Unanswered email" - appears when the last email in the correspondence is incoming.</div><div><br></div><div><i class="material-icons" style="font-size:small;color:grey">sentiment_neutral</i> - "Unanswered request" - appears when the last email in the correspondence is a request.</div><div>The icon's mood changes depending on the number of days that have passed - <i class="material-icons" style="font-size:small;color:grey">sentiment_dissatisfied</i> <i class="material-icons" style="font-size:small;color:grey">sentiment_very_dissatisfied</i> <i class="material-icons" style="font-size:small;color:red">mood_bad</i><br><br></div><div><i class="material-icons" style="font-size:small;color:grey">local_shipping</i> - "Specify shipment date" - appears when there is a payment received, but no shipment date is specified in the product.</div><div><br></div><div><i class="material-icons" style="font-size:small;color:red">local_shipping</i> - "Expired Shipping Date" - appears when the shipping date has expired and the deal is not at the "products shipped" stage.</div><div><br></div><div><i class="material-icons" style="font-size:small;color:red">add_shopping_cart</i> - "Specify products" - appears when there is a payment received, but no products are specified in the deal.</div>	en	f	t	4	53	\N
166	By default, only active deals are shown	To see all or only inactive deals, change the filter values by activity.<br>	en	f	t	5	53	\N
167	Review	<div>The sales funnel shows in percentage terms the number of deals remaining after passing the next stage.</div><div>This allows you to determine at which stage the most deals are lost. The goal is to identify and correct the cause of these losses.</div><div>Deals that meet the following criteria are used to build the diagram:</div><div>- closed (not active),</div><div>- relevant,</div><div>- primary.</div><div>Subsequent deals are not used in the analysis.</div>	en	f	t	1	54	\N
168	Irrelevant Request	A request, and therefore a Deal, may be deemed irrelevant if there is nothing in the request from your company's range of products or services and there is no possibility to offer something even as an alternative.<br>	en	f	t	1	55	\N
169	Definition of primary/secondary requests	<div>A request is called primary if it is received through the company's contact information.</div><div>If a request is received via the contact details of a sales manager from a customer he/she works with, then such a request is considered a follow-up request.</div>	en	f	t	1	56	\N
170	Company creation	<div>When a request is received, CRM checks if the Company is available in the database and, in case of its absence, creates a Lead.</div><div><br></div><div>After verification, the Lead can be automatically converted to a Company and a Contact.</div><div>In this case, the relationships between the entities: Letter, Request, Deal, Company and Contact Person will also be changed.</div><div>Therefore, when creating a Company manually, make sure that there is no Lead with the same Company in the database.</div>	en	f	t	1	57	\N
171	Transfer of companies to another manager	<div>To transfer a Company and its Contacts to another manager, change the owner on that Company's page.</div><div>The option to transfer selected Companies to another manager is available for the administrator in the "Action" menu.</div>	en	f	t	2	57	\N
172	Search for a company by ID	<div>To get unambiguous results when searching for a Company by ID, add "ID" or "id" to the ID number without a space.</div><div>For example, to search for a Company with ID 4444, enter ID4444 or id4444 in the search field.</div>	en	f	t	3	57	\N
173	Lead	<div>If the received request does not contain sufficient data to identify the company and contact person.</div><div>And also if these data are not enough to create new companies in the database and a contact person.</div><div>In this case, a Lead is created.</div>	en	f	t	1	58	\N
174	Conversion	<div>After validation, the Lead can be converted to a company and contact person.</div><div>Links to other objects will be migrated and the Lead will be deleted.</div><div>Before creating a new company, a check will be performed to see if such a company exists in the CRM database  </div><div>(by name and country match).</div><div>Similarly for the contact person (by matching first name, last name and Email address).</div><div><br></div><div>If these objects are found, connections will be set on them (regardless of department).</div><div>You can specify these objects yourself. Then CRM will not perform a search.</div>	en	f	t	2	58	\N
175	Types of tasks	<div>Tasks are personal and collective.</div><div>Subtasks can be created for a task.</div><div>A task is called a main task if it has</div><div>at least one subtask.</div><div>Tasks can be part of a project.</div>	ru	f	t	1	59	\N
176	User Roles	<div>Regarding Tasks, there are the following CRM user roles:</div><div>- Task owners and co-owners - those who create tasks.</div><div>- Executors.</div><div>- Subscribers - those who should be notified about task execution (besides task owners).</div><div>- Task Operators (optional role) - task administrators with owners' rights.</div>	ru	f	t	2	59	\N
177	Who can create tasks	<div>A task for a user can be created by the head of his department or by the company management.</div><div>A user can also create a task for himself. In this case the head of his department will be added as a co-owner of the task by default.</div><div>In a collective task, performers can create subtasks for each other.</div>	ru	f	t	3	59	\N
178	Task Stages	<div>In order to inform the participants of the task</div><div>the following task stages are provided: "pending", "in progress", "completed", "postponed", "canceled".</div><div>The task stage should be changed by the executor.</div><div>But it can also be done by the task owners or operator.</div><div>In a collective task, the first three stages are set automatically.</div><div>But these and other stages can also be set by task owners or operators.</div><div>A task stage can be changed at any time.</div><div>For example, if a task is not completely completed, the owner can specify the next step in the "next step" field.</div><div>this in the "next step" field, and change the "completed" stage to "in progress".</div>	ru	f	t	4	59	\N
179	Automatic CRM notifications	<div>All task participants are notified about task creation and its completion in CRM and by e-mail.</div><div>Task chat messages are delivered in the same way.</div>	ru	f	t	5	59	\N
180	Task chat	<div>All task participants can exchange messages and files in the task chat.</div><div>For example, using the chat a subscriber can participate in discussion of the task progress or its results.</div><div>To create a message, you should press the "Message +" button and select recipients.</div><div>After the first message is created, the "Chat" button will appear next to this button.</div><div>This button allows the user to see all his correspondence.</div>	ru	f	t	6	59	\N
181	Working in a collective task	<div>The executors of the collective task should create a subtask for themselves, and all other executors of the main task will be added as subscribers.  </div><div>all other executors of the main task.</div><div>When creating a subtask, its title and content are copied from the main task.</div><div>The executor should edit this information so that all participants could understand what part of work will be performed in this subtask.</div><div>If necessary, the executor may not create a subtask, but immediately press the "done" button.</div><div>In this case, a subtask with the "done" stage will be automatically created. The main task will be hidden from the list of this executor.</div><div>The executors of a collective task can create subtasks for each other.</div><div>As soon as the first subtask is created, the stage of the main task will be automatically changed from "pending" to "in progress".</div><div>For the stage to be automatically changed to "completed", it is necessary that each execution has at least one subtask completed.</div><div>And additionally, there are no pending subtasks ("pending" or "in progress").</div>	ru	f	t	7	59	\N
182	Task filters	<div>To the right of the task list is the filters panel.</div><div>Filters help in searching for tasks.</div><div>Also with their help managers can see</div><div>the current task list of a particular employee.</div><div>Keep in mind that some filters have a default value.</div><div>For example, the default task list contains only active tasks.</div>	ru	f	t	8	59	\N
183	Labels	<div>Users can create shortcuts and</div><div>and label tasks with them.</div><div>For example, you can create a label "production meeting" and label tasks to be discussed at the next meeting.</div><div>Tasks can be filtered by any label.</div>	ru	f	t	9	59	\N
184	Sorting tasks	<div>By default, new tasks are placed at the top of the list.</div><div>This is convenient for novice users.</div><div>In the future it is recommended to use sorting by the date of the next step.</div><div>The default sorting can be switched by the trigger button in the upper right corner.</div>	ru	f	t	10	59	\N
185	"Next step" field	<div>In the "Next step" field you should enter the action that you plan to do next.</div><div>And in the "Step date" field you should enter the date by which you plan to do it.</div><div>This information is automatically saved in the "Workflow" field.</div><div>If you are working in a subtask, this is also saved in the workflow of the main task.</div><div>Your default list of tasks can be sorted by step date.  </div><div>At the top of the list will be tasks with the next step date approaching.</div>	en	f	t	1	60	\N
186	Working in a collective task	<div><div>If there are other people responsible for the task besides you, then you should create a subtask for yourself to work on.</div><div>Or other performers of this task can do this for you.</div></div><div>Within the main task, performers are authorized to create subtasks for each other to transfer their completed part of the task.</div><div>It is not required to belong to the same department.</div><div>A subtask cannot be a collective task.</div>	en	f	t	3	60	\N
187	Why set tasks for ourselves	<div>If you have received a task verbally, it is recommended to create a task in CRM yourself,  </div><div>and add the person who set this task to the co-owner.</div><div>The co-owner will be automatically notified about the creation of this task and its fulfillment.</div><div>In addition, records of all tasks you have completed will be accumulated in the database and managers will see them.</div>	en	f	t	2	60	\N
188	Tags	<div>You can assign tags to a task.</div><div><br></div><div>For example, you can create a tag called "Production Meeting" and use it to label tasks that you want to discuss at the meeting.</div>	en	f	t	4	60	\N
189	Hide the main task	<div>If you are one of the executors of a collective task, but your part of the task does not depend on the other executors, then you can choose not to create a subtask and click the "Done" button.</div><div>Or create a subtask and check the "Hide main task" checkbox.</div><div>In these cases, the main task will be hidden in your task list.</div><div>You will also not receive notifications about opening/closing subtasks by other executors.</div>	en	f	t	5	60	\N
190	Check off completed tasks	<div>Be sure to mark completed tasks.</div><div>The task will disappear from your list of active tasks,  </div><div>and other task participants (owners, subscribers, and executors) will receive a notification that the task has been completed.</div><div>To do this, you can press the "Done" button in the email or task.</div><div>You can also change the task status to "Done".</div>	en	f	t	6	60	\N
191	Change the stage of the tasks	<div>Setting a task stage allows other task participants to orient themselves as to which tasks are still pending, which are now in progress, and which have already been completed.</div><div>This is important for teamwork.</div>	en	f	t	7	60	\N
192	What currencies are required	<div>The currencies in which payments are made must be added.</div><div>As well as the currency that is used to create marketing reports.</div>	en	f	t	1	61	\N
193	How currency rates are updated	<div>Exchange rate values can be updated automatically or manually as needed.</div><div><br></div><div>Automatic update requires additional software to be connected (contact the Administrator).</div><div>Each new exchange rate value is saved to the database with the date.</div>	en	f	t	2	61	\N
194	Algorithm of using exchange rate value in CRM	<div>CRM analytical reports are generated in government and marketing currencies.</div><div>Exchange rate values, which are contained in the Currency instance or in the Exchange rate instance, are used for conversion.</div><div>When saving a new payment with the status "received", a check is performed to see if the currency of the payment as of the current date is available in the Exchange Rate database.  </div><div>If the corresponding Exchange rate is absent, it is created with the value of the rates copied from the Currency and with the status "approximate".</div><div>If automatic updating is enabled, the values in such copies of the Rates will be updated within a day.</div><div>Their status will be changed to "official". The values of the rates in the instances of Currencies will also be updated.</div>	en	f	t	3	61	\N
195	Currency name	<div>Use only its alphabetic code as the currency name.</div><div>Specify the national currency and currency for marketing reports.</div><div><br></div>	en	f	t	1	62	\N
196	Specify the national currency and currency for marketing reports	<div>These can be different currencies or the same currency.<br></div><div><br></div><div>All currencies contain an exchange rate to the state and marketing currencies.</div>	en	f	t	2	62	\N
197	Overview	<div>A payment can be created on the Deals page, and it will be automatically linked to the corresponding deal, or it can be created on the Payments list page.</div><div>To do this, press the "ADD PAYMENT +" button and fill in the form.</div><div>Analytical reports are generated on the data contained in the Payments.</div>	en	f	t	1	63	\N
198	Appointment of a co-owner of a mail account	<div>Assigning a co-owner to a mail account will allow the co-owner to view incoming mails in this account on the mail server and import selected ones.</div><div>But the owner of imported mails and queries created on their basis will be assigned to the owner of this mail account.</div>	en	f	t	1	64	\N
199	Using Gmail email accounts	<div>Using Gmail email accounts requires setting up two-step authentication.</div><div>Contact your CRM administrator.</div>	en	f	t	2	64	\N
200	Configuring Gmail two-step authentication	<div>Mailing can work through email accounts with two-step user authentication, e.g. gmail.</div><div>To do this, the CRM application needs to be registered on a corresponding OAuth2 authentication server, for example, Google APIs Console.</div><div>Then create OAuth 2.0 Client IDs settings for the Web client in the Credentials section.  </div><div>In the settings, specify Authorized redirect URIs with the parameter user=box@example.com</div><div>(instead of box@example.com, specify the account for which CRM needs to access)</div><div>In the CRM settings of this email account, enable two-step authentication.</div><div>You do not need to create an application password.</div><div>After saving the settings, a gray button "Get or update the upgrade token" will appear in the top right corner.  </div><div>Click it and authenticate with the account owner.</div><div>After successful authentication, CRM will be able to send emails through this account.</div>	en	f	t	3	64	\N
201	Deleting a memo	<div>It is not recommended to delete memos.</div><div>You can select the status "reviewed" without taking a decision.</div>	en	f	t	1	65	\N
202	You can set tasks for your subordinates	<div>You can create a task for yourself or for your subordinates (personal or collective).</div><div>This is convenient, because the department head can see the tasks of his/her employees in addition to his/her own tasks and receive notifications about their fulfillment.</div>	en	f	t	2	65	\N
203	Draft	A memo saved with the status "draft" will be available only to its owner and CRM administrator.<br>	en	f	t	3	65	\N
204	Public email domains		ru	f	t	1	66	\N
205	Public email domains	<div>When a request is received, CRM tries to automatically identify the contact person and company.  </div><div>For this purpose, it uses, among other things, the domain of the e-mail specified in the request.  </div><div>If it is a public domain, for example, "gmail.com", in some cases the identification result will be incorrect.  </div><div>Since public domains can be used by many contact persons and even companies.</div><div>To avoid the mistake, domains added to the list of public domains are not used in the identification process.</div>	en	f	t	1	66	\N
206	Stop phrases	<div>To prevent CRM from creating Requests based on spam messages, add a phrase by which these messages can be identified.</div><div>Stop phrases can consist of one or more words.</div>	en	f	t	1	67	\N
207	User roles	<div>Regarding memos, there are the following CRM user roles:</div><div>- Owners - those who create memos.</div><div>- Recipients - those to whom the memos are intended.</div><div>- Subscribers - those who should be notified about the memo and possibly about the execution of a task created as a result of reviewing the memo.</div><div>- Task operators (not a mandatory role)  - task administrators with owner rights.</div>	en	f	t	1	68	\N
208	Who can create memos	Any CRM user can create memos.<br>	en	f	t	2	68	\N
209	Who can be the recipient of a memo	Recipients of memos can be department heads or company executives.<br>	en	f	t	3	68	\N
210	Stages/status of the memo	<div>When creating a memo, the owner can set the status to "draft".</div><div>In this case, the memo will be available only to its owner.</div><div>The following stages are provided for informing participants:</div><div>pending, postponed, considered.</div><div>The stage of the memo is changed by the recipient.</div><div>Once the "reviewed" stage is set, the owner of the memo loses the ability to make changes to it (including changing files).</div>	en	f	t	4	68	\N
211	Automatic CRM notifications	<div>All participants are notified in CRM and by email when a memo is created and reviewed.</div><div>The memo chat messages are delivered in the same way.</div>	en	f	t	5	68	\N
212	Memo chat	<div>All participants can exchange messages and files in the memo chat.</div><div>For example, you can notify about changes that have occurred after reviewing a memo.</div><div>But if a task has been created as a result of the memo review, then messages should be exchanged in the task chat.</div>	en	f	t	6	68	\N
213	Visual control of tasks created as a result of reviewing the memo	<div>In the memo list, a "view task" button will appear next to the memos that resulted in the task.</div><div>The color of this button depends on the  task  stage.</div><div>Also the stage of the task will appear in the tooltip when you put the mouse cursor over this button.</div>	en	f	t	7	68	\N
214	Deleting requests	<div>Since requests are used in marketing analysis, deleting them is undesirable.</div><div>Only irrelevant requests should be deleted.</div><div>Operators and administrators have the right to delete requests, but not sales managers.</div>	en	f	t	1	69	\N
215	Creating a deal	<div>A deal should be created for all requests except duplicate requests.</div><div>Before creating a deal, you should fill in as many request fields as possible and check the correctness of the specified data.</div><div>Using this data, each time the request is saved, the objects of contact person, company and lead are searched in the database to establish relations.</div><div>These relations  will be passed to the deal.</div><div>If the relations are not established, the Lead will be created when creating the deal.</div><div><div>Before clicking the "Create Deal" button, you must select the sales manager from the "owner" drop-down menu,  who will work with this deal.</div></div><div>If the request status is set to "duplicate", then the deal will not be created.</div>	en	f	t	2	69	\N
216	Name, patronymic, surname of the contact person	<div>People's names can contain a different number of words.</div><div>The CRM saves the first word as a name when it is automatically defined.</div><div>The last word is saved as last name.</div><div>All words between the first and last word are saved as middle name.</div>	en	f	t	3	69	\N
217	Algorithm for automatic search of Company and Contact Person	<div>CRM searches the Contact, Lead, and Company databases each time a Request is saved.</div><div>The following are used for identification:</div><div>- first name,  </div><div>- Email,  </div><div>- phone number,  </div><div>- web site,  </div><div>- Email domain if it is not on a public domain list (such as 'gmail.com', 'yahoo.com', etc.).</div><div>- Company name,</div><div>- country.</div><div>When saving a Request with the status 'pending' removed, if a Company is found, a Contact will be created for it.</div><div>Otherwise, a Lead will be created.</div><div>A Deal will also be created and links to the Contact and Company or Lead will be passed to it.</div>	en	f	t	4	69	\N
218	Mail in CRM	<div>In this section you can view emails stored in the CRM database.</div><div>CRM sends and receives e-mails through user e-mail accounts.</div><div><br></div><div>Access to accounts must be configured by the CRM administrator.</div><div><br></div><div>CRM automatically imports text copies of emails containing CRM tickets from user accounts.</div>	en	f	t	1	70	\N
219	Viewing original incoming e-mails	<div>For a number of reasons, incoming emails are saved to the CRM database in text format.</div><div>Therefore, emails containing tables, images and complex HTML format may not be displayed correctly.</div><div>To view the original of such an email, use the button with the eye icon.</div><div>In this case, the e-mail will be downloaded from the user account, not from the CRM database.</div>	en	f	t	2	70	\N
220	How to close a deal	<div>When work on a deal is completed, it should be "closed".</div><div>To do this, select one of the values in the "Reason for closing" drop-down menu and save the deal.</div><div>It will disappear from the default list of deals.  </div><div>However, it will still be stored in the database and will be available when you change the filter of deals by activity to "all" or "none".</div>	en	f	t	1	71	\N
221	Banned company names	<div>Sometimes spam sent through the contact form uses the same company name. Add it to the banned list.</div><div>This will prevent CRM from creating requests based on these messages.</div>	en	f	t	1	72	\N
222	Overview	<div>This application allows you to send company news by e-mail.</div><div>As recipients you can select companies, contacts or leads available in the CRM database.</div><div>Mailings are sent via email accounts of sales managers.</div><div>Recipients have an opportunity to unsubscribe from receiving such mailings.</div><div>To prevent blocking of email accounts, the following is provided:</div><div>- mailing using the main email account of sales managers is only sent to recipients marked as VIP;</div><div>- the number of mails sent through one account is limited and they are sent evenly during working hours.</div><div>On Friday, Saturday and Sunday the mailing is automatically suspended.</div>	en	f	t	1	73	\N
223	How to create a mailing list	<div>To create a mailing, you need to create a message</div><div>      Home ' Mass mail ' Email Messages</div><div><br></div><div><br></div><div>You will also need to have a signature for your emails</div><div>      Home ' Mass mail ' Signatures</div><div><br></div><div>Then, depending on the selected type of recipients, open the corresponding section. For example, for companies</div><div>      Home ' Crm ' Companies</div><div>The mailing can be created using the "Create mailing" button or using the drop-down menu of actions (for selected companies).</div><div>In the created mailing object select the prepared message to be sent and the signature.</div><div>Change the status to "Active" and save the mailing object.</div><div>The first emails will be sent in about 5 minutes.</div><div>To see the progress of the mailing, refresh the mailing page</div><div>      Home ' Mass mail ' Mailing Outs</div>	en	f	t	2	73	\N
224	Shipments	Only shipments with the specified contract ship date are available in this section.<br>	en	f	t	1	74	\N
228	Types of task	<div>Tasks are personal and collective.</div><div>Subtasks can be created for a task.</div><div>A task is called a main task if it has</div><div>at least one subtask.</div><div>Tasks can be part of a project.</div>	en	f	t	1	59	\N
229	User roles	<div>Regarding Tasks, there are the following CRM user roles:</div><div>- Task owners and co-owners - those who create tasks.</div><div>- Responsible - executors.</div><div>- Subscribers - those who should be notified about task execution (besides task owners).</div><div>- Task Operators (optional role) - task administrators with owners' rights.</div>	en	f	t	2	59	\N
230	Who can create tasks	<div>A task for a user can be created by the head of his department or by the company management.</div><div>A user can also create a task for himself. In this case the head of his department will be added as a co-owner of the task by default.</div><div>In a collective task, performers can create subtasks for each other.</div>	en	f	t	3	59	\N
231	Task stages	<div>In order to inform the participants of the task</div><div>the following task stages are provided: "pending", "in progress", "completed", "postponed", "canceled".</div><div>The task stage should be changed by the executor.</div><div>But it can also be done by task owners or operator.</div><div>In a collective task, the first three stages are set automatically.</div><div>But these and other stages can also be set by task owners or operators.</div><div>A task stage can be changed at any time.</div><div>For example, if the task is not completely completed, the owner can specify this in the "next step" field and change the "completed" stage to "in progress".</div>	en	f	t	4	59	\N
232	Automatic CRM notifications	<div>All task participants are notified about task creation and its completion in CRM and by e-mail.</div><div>Task chat messages are delivered in the same way.</div>	en	f	t	5	59	\N
233	Task chat	<div>All task participants can exchange messages and files in the task chat.</div><div>For example, using the chat a subscriber can participate in discussion of the task progress or its results.</div><div>To create a message, you should press the "Message +" button and select recipients.</div><div>After the first message is created, the "Chat" button will appear next to this button.</div><div>This button allows the user to see all his correspondence.</div>	en	f	t	6	59	\N
234	Working in a collective task	<div>Working in a collective task.</div><div>The responsible of a collective task must create a subtask for themselves, and all other executors of the main task will be added as subscribers.</div><div>When creating a subtask, its title and content are copied from the main task.</div><div>The executor should edit this information so that all participants could understand what part of work will be performed in this subtask.</div><div>If necessary, the responsible  may not create a subtask, but immediately press the "done" button.</div><div>In this case, a subtask with the "done" stage will be automatically created. The main task will be hidden from the list of this responsible.</div><div>The responsible  of a collective task can create subtasks for each other.</div><div>As soon as the first subtask is created, the stage of the main task will be automatically changed from "pending" to "in progress".</div><div>For the stage to be automatically changed to "completed", it is necessary that each responsible  has at least one subtask completed.</div><div>And additionally, there are no pending subtasks ("pending" or "in progress").</div>	en	f	t	7	59	\N
235	Task filters	<div>To the right of the task list is the filters panel.</div><div>Filters help in searching for tasks.</div><div>They can also be used by company managers to see an employee's current task list.<br></div><div>Keep in mind that some filters have a default value.</div><div>For example, the default task list contains only active tasks.</div>	en	f	t	8	59	\N
236	Tags	<div>Users can create tags and</div><div>and label tasks with them.</div><div>For example, you can create a tag "production meeting" and tag tasks that need to be discussed at the next meeting.</div><div>Tasks can be filtered by any tag.</div>	en	f	t	9	59	\N
237	Sorting tasks	<div>By default, new tasks are placed at the top of the list.</div><div>This is convenient for novice users.</div><div>In the future it is recommended to use sorting by the date of the next step.</div><div>The default sorting can be switched by the trigger button in the upper right corner.</div>	en	f	t	10	59	\N
\.


--
-- Data for Name: help_paragraph_groups; Type: TABLE DATA; Schema: public; Owner: vaflaly
--

COPY public.help_paragraph_groups (id, paragraph_id, group_id) FROM stdin;
1	153	7
2	154	7
3	155	7
4	156	7
5	157	7
6	158	1
7	158	3
8	158	5
9	159	1
10	159	3
11	159	5
12	160	1
13	160	3
14	161	1
15	161	3
16	162	1
17	162	3
18	162	5
19	163	1
20	163	3
21	164	1
22	164	3
23	164	5
24	165	1
25	165	3
26	165	5
27	166	1
28	166	3
29	166	5
30	167	1
31	167	5
32	168	1
33	168	3
34	168	5
35	169	1
36	169	3
37	169	5
38	170	1
39	170	3
40	171	1
41	171	3
42	172	1
43	172	3
44	173	1
45	173	3
46	173	5
47	174	1
48	174	3
49	175	7
50	176	7
51	177	7
52	178	7
53	179	7
54	180	7
55	181	7
56	182	7
57	183	7
58	184	7
59	185	7
60	186	7
61	187	7
62	188	7
63	189	7
64	190	7
65	191	7
66	192	1
67	192	6
68	193	1
69	193	5
70	193	6
71	194	1
72	194	5
73	194	6
74	195	1
75	195	6
76	197	1
77	197	5
78	197	6
79	198	1
80	198	3
81	199	1
82	199	3
83	201	7
84	202	8
85	202	5
86	203	7
87	204	3
88	205	3
89	206	3
90	207	7
91	208	7
92	209	7
93	210	7
94	211	7
95	212	7
96	213	7
97	214	1
98	214	3
99	214	5
100	215	1
101	215	3
102	216	1
103	216	3
104	216	5
105	217	1
106	217	3
107	218	1
108	218	3
109	218	5
110	219	1
111	219	3
112	219	5
113	220	1
114	220	3
115	220	5
116	221	3
117	222	1
118	222	3
119	223	1
120	223	3
121	224	1
122	224	5
123	224	6
124	228	7
125	229	7
126	230	7
127	231	7
128	232	7
129	233	7
130	234	7
131	235	7
132	236	7
133	237	7
\.


--
-- Data for Name: massmail_emailaccount; Type: TABLE DATA; Schema: public; Owner: vaflaly
--

COPY public.massmail_emailaccount (id, name, main, massmail, do_import, email_host, imap_host, email_host_user, email_host_password, email_app_password, email_port, from_email, email_use_tls, email_use_ssl, email_imail_ssl_certfile, email_imail_ssl_keyfile, refresh_token, report, creation_date, update_date, today_date, today_count, start_incoming_uid, start_sent_uid, inbox_uidvalidity, inbox_uidnext, sent_uidvalidity, sent_uidnext, last_import_dt, co_owner_id, department_id, modified_by_id, owner_id) FROM stdin;
\.


--
-- Data for Name: massmail_emlaccountsqueue; Type: TABLE DATA; Schema: public; Owner: vaflaly
--

COPY public.massmail_emlaccountsqueue (id, queue, owner_id) FROM stdin;
\.


--
-- Data for Name: massmail_emlmessage; Type: TABLE DATA; Schema: public; Owner: vaflaly
--

COPY public.massmail_emlmessage (id, creation_date, update_date, subject, prev_corr, is_html, content, department_id, modified_by_id, owner_id, signature_id) FROM stdin;
\.


--
-- Data for Name: massmail_mailingout; Type: TABLE DATA; Schema: public; Owner: vaflaly
--

COPY public.massmail_mailingout (id, update_date, name, status, recipients_number, recipient_ids, successful_ids, failed_ids, report, creation_date, today_count, sending_date, content_type_id, department_id, message_id, modified_by_id, owner_id) FROM stdin;
\.


--
-- Data for Name: massmail_masscontact; Type: TABLE DATA; Schema: public; Owner: vaflaly
--

COPY public.massmail_masscontact (id, object_id, massmail, uuid, content_type_id, email_account_id) FROM stdin;
\.


--
-- Data for Name: massmail_signature; Type: TABLE DATA; Schema: public; Owner: vaflaly
--

COPY public.massmail_signature (id, creation_date, update_date, name, type, content, "default", department_id, modified_by_id, owner_id) FROM stdin;
\.


--
-- Data for Name: settings_bannedcompanyname; Type: TABLE DATA; Schema: public; Owner: vaflaly
--

COPY public.settings_bannedcompanyname (id, name) FROM stdin;
\.


--
-- Data for Name: settings_publicemaildomain; Type: TABLE DATA; Schema: public; Owner: vaflaly
--

COPY public.settings_publicemaildomain (id, domain) FROM stdin;
1	126.com
2	163.com
3	abv.bg
4	aol.com
5	asia.com
6	cheerful.com
7	dr.com
8	email.com
9	engineer.com
10	europe.com
11	foxmail.com
12	gmail.com
13	hanmail.net
14	hotmail.com
15	i.ua
16	icloud.com
17	iname.com
18	mail.com
19	mail.ru
20	meta.ua
21	myself.com
22	naver.com
23	orange.fr
24	outlook.com
25	post.com
26	qq.com
27	reagan.com
28	sw.uz.gov.ua
29	teleworm.us
30	ukr.net
31	usa.com
32	vip.126.com
33	writeme.com
34	yahoo.co.uk
35	yahoo.com
36	yahoo.fr
37	yandex.fr
38	yandex.ru
39	inbox.lv
40	dokidoki.ne.jp
41	yahoo.es
42	live.com
43	zohomail.com
44	rediff.com
45	hotmail.co.uk
46	hotmail.fr
47	msn.com
48	wanadoo.fr
49	comcast.net
50	yahoo.com.br
51	yahoo.co.in
52	rediffmail.com
53	free.fr
54	gmx.de
55	web.de
56	ymail.com
57	libero.it
58	uol.com.br
59	bol.com.br
60	cox.net
61	hotmail.it
62	sbcglobal.net
63	sfr.fr
64	live.fr
65	verizon.net
66	live.co.uk
67	googlemail.com
68	ig.com.br
69	live.nl
70	bigpond.com
71	terra.com.br
72	yahoo.it
73	neuf.fr
74	yahoo.de
75	alice.it
76	rocketmail.com
77	att.net
78	laposte.net
79	facebook.com
80	bellsouth.net
81	yahoo.in
82	hotmail.es
83	charter.net
84	yahoo.ca
85	yahoo.com.au
86	rambler.ru
87	hotmail.de
88	tiscali.it
89	shaw.ca
90	yahoo.co.jp
91	sky.com
92	earthlink.net
93	optonline.net
94	freenet.de
95	t-online.de
96	aliceadsl.fr
97	virgilio.it
98	home.nl
99	telenet.be
100	me.com
101	yahoo.com.ar
102	tiscali.co.uk
103	yahoo.com.mx
104	voila.fr
105	mx.net
106	planet.nl
107	tin.it
108	live.it
109	ntlworld.com
110	arcor.de
111	yahoo.co.id
112	frontiernet.net
113	hetnet.nl
114	live.com.au
115	yahoo.com.sg
116	zonnet.nl
117	club-internet.fr
118	juno.com
119	optusnet.com.au
120	blueyonder.co.uk
121	bluewin.ch
122	skynet.be
123	sympatico.ca
124	windstream.net
125	mac.com
126	centurytel.net
127	chello.nl
128	live.ca
129	aim.com
130	bigpond.net.au
\.


--
-- Data for Name: settings_reminders; Type: TABLE DATA; Schema: public; Owner: vaflaly
--

COPY public.settings_reminders (id, check_interval) FROM stdin;
\.


--
-- Data for Name: settings_stopphrase; Type: TABLE DATA; Schema: public; Owner: vaflaly
--

COPY public.settings_stopphrase (id, phrase, last_occurrence_date) FROM stdin;
\.


--
-- Data for Name: tasks_memo; Type: TABLE DATA; Schema: public; Owner: vaflaly
--

COPY public.tasks_memo (id, creation_date, update_date, name, description, note, draft, notified, review_date, stage, deal_id, modified_by_id, owner_id, to_id, project_id, resolution_id, task_id) FROM stdin;
\.


--
-- Data for Name: tasks_memo_notified_subscribers; Type: TABLE DATA; Schema: public; Owner: vaflaly
--

COPY public.tasks_memo_notified_subscribers (id, memo_id, user_id) FROM stdin;
\.


--
-- Data for Name: tasks_memo_subscribers; Type: TABLE DATA; Schema: public; Owner: vaflaly
--

COPY public.tasks_memo_subscribers (id, memo_id, user_id) FROM stdin;
\.


--
-- Data for Name: tasks_memo_tags; Type: TABLE DATA; Schema: public; Owner: vaflaly
--

COPY public.tasks_memo_tags (id, memo_id, tag_id) FROM stdin;
\.


--
-- Data for Name: tasks_project; Type: TABLE DATA; Schema: public; Owner: vaflaly
--

COPY public.tasks_project (id, creation_date, update_date, priority, name, description, note, due_date, start_date, closing_date, workflow, next_step, next_step_date, active, remind_me, token, co_owner_id, modified_by_id, owner_id, stage_id) FROM stdin;
\.


--
-- Data for Name: tasks_project_notified_responsible; Type: TABLE DATA; Schema: public; Owner: vaflaly
--

COPY public.tasks_project_notified_responsible (id, project_id, user_id) FROM stdin;
\.


--
-- Data for Name: tasks_project_notified_subscribers; Type: TABLE DATA; Schema: public; Owner: vaflaly
--

COPY public.tasks_project_notified_subscribers (id, project_id, user_id) FROM stdin;
\.


--
-- Data for Name: tasks_project_responsible; Type: TABLE DATA; Schema: public; Owner: vaflaly
--

COPY public.tasks_project_responsible (id, project_id, user_id) FROM stdin;
\.


--
-- Data for Name: tasks_project_subscribers; Type: TABLE DATA; Schema: public; Owner: vaflaly
--

COPY public.tasks_project_subscribers (id, project_id, user_id) FROM stdin;
\.


--
-- Data for Name: tasks_project_tags; Type: TABLE DATA; Schema: public; Owner: vaflaly
--

COPY public.tasks_project_tags (id, project_id, tag_id) FROM stdin;
\.


--
-- Data for Name: tasks_projectstage; Type: TABLE DATA; Schema: public; Owner: vaflaly
--

COPY public.tasks_projectstage (id, name, "default", done, in_progress, index_number, active) FROM stdin;
1	pending	t	f	f	1	t
2	in progress	f	f	t	1	t
3	completed	f	t	f	1	f
4	postponed	f	f	f	1	t
5	canceled	f	f	f	1	t
\.


--
-- Data for Name: tasks_resolution; Type: TABLE DATA; Schema: public; Owner: vaflaly
--

COPY public.tasks_resolution (id, name, index_number) FROM stdin;
1	to make a decision	3
2	payment of regular expenses	4
3	on approval	1
4	for consideration	2
5	for information	5
6	for the record	6
\.


--
-- Data for Name: tasks_tag; Type: TABLE DATA; Schema: public; Owner: vaflaly
--

COPY public.tasks_tag (id, name, for_content_id) FROM stdin;
\.


--
-- Data for Name: tasks_task; Type: TABLE DATA; Schema: public; Owner: vaflaly
--

COPY public.tasks_task (id, creation_date, update_date, priority, name, description, note, due_date, start_date, closing_date, workflow, next_step, next_step_date, active, remind_me, token, hide_main_task, lead_time, co_owner_id, modified_by_id, owner_id, project_id, task_id, stage_id) FROM stdin;
\.


--
-- Data for Name: tasks_task_notified_responsible; Type: TABLE DATA; Schema: public; Owner: vaflaly
--

COPY public.tasks_task_notified_responsible (id, task_id, user_id) FROM stdin;
\.


--
-- Data for Name: tasks_task_notified_subscribers; Type: TABLE DATA; Schema: public; Owner: vaflaly
--

COPY public.tasks_task_notified_subscribers (id, task_id, user_id) FROM stdin;
\.


--
-- Data for Name: tasks_task_responsible; Type: TABLE DATA; Schema: public; Owner: vaflaly
--

COPY public.tasks_task_responsible (id, task_id, user_id) FROM stdin;
\.


--
-- Data for Name: tasks_task_subscribers; Type: TABLE DATA; Schema: public; Owner: vaflaly
--

COPY public.tasks_task_subscribers (id, task_id, user_id) FROM stdin;
\.


--
-- Data for Name: tasks_task_tags; Type: TABLE DATA; Schema: public; Owner: vaflaly
--

COPY public.tasks_task_tags (id, task_id, tag_id) FROM stdin;
\.


--
-- Data for Name: tasks_taskstage; Type: TABLE DATA; Schema: public; Owner: vaflaly
--

COPY public.tasks_taskstage (id, name, "default", done, in_progress, index_number, active) FROM stdin;
1	pending	t	f	f	1	t
2	in progress	f	f	t	1	t
3	completed	f	t	f	1	f
4	postponed	f	f	f	1	t
5	canceled	f	f	f	1	t
\.


--
-- Data for Name: voip_connection; Type: TABLE DATA; Schema: public; Owner: vaflaly
--

COPY public.voip_connection (id, type, active, number, callerid, provider, owner_id) FROM stdin;
\.


--
-- Name: analytics_incomestatsnapshot_id_seq; Type: SEQUENCE SET; Schema: public; Owner: vaflaly
--

SELECT pg_catalog.setval('public.analytics_incomestatsnapshot_id_seq', 1, true);


--
-- Name: auth_group_id_seq; Type: SEQUENCE SET; Schema: public; Owner: vaflaly
--

SELECT pg_catalog.setval('public.auth_group_id_seq', 11, true);


--
-- Name: auth_group_permissions_id_seq; Type: SEQUENCE SET; Schema: public; Owner: vaflaly
--

SELECT pg_catalog.setval('public.auth_group_permissions_id_seq', 185, true);


--
-- Name: auth_permission_id_seq; Type: SEQUENCE SET; Schema: public; Owner: vaflaly
--

SELECT pg_catalog.setval('public.auth_permission_id_seq', 248, true);


--
-- Name: auth_user_groups_id_seq; Type: SEQUENCE SET; Schema: public; Owner: vaflaly
--

SELECT pg_catalog.setval('public.auth_user_groups_id_seq', 13, true);


--
-- Name: auth_user_id_seq; Type: SEQUENCE SET; Schema: public; Owner: vaflaly
--

SELECT pg_catalog.setval('public.auth_user_id_seq', 2, true);


--
-- Name: auth_user_user_permissions_id_seq; Type: SEQUENCE SET; Schema: public; Owner: vaflaly
--

SELECT pg_catalog.setval('public.auth_user_user_permissions_id_seq', 1, true);


--
-- Name: chat_chatmessage_id_seq; Type: SEQUENCE SET; Schema: public; Owner: vaflaly
--

SELECT pg_catalog.setval('public.chat_chatmessage_id_seq', 1, true);


--
-- Name: chat_chatmessage_recipients_id_seq; Type: SEQUENCE SET; Schema: public; Owner: vaflaly
--

SELECT pg_catalog.setval('public.chat_chatmessage_recipients_id_seq', 1, true);


--
-- Name: chat_chatmessage_to_id_seq; Type: SEQUENCE SET; Schema: public; Owner: vaflaly
--

SELECT pg_catalog.setval('public.chat_chatmessage_to_id_seq', 1, true);


--
-- Name: common_reminder_id_seq; Type: SEQUENCE SET; Schema: public; Owner: vaflaly
--

SELECT pg_catalog.setval('public.common_reminder_id_seq', 1, true);


--
-- Name: common_thefile_id_seq; Type: SEQUENCE SET; Schema: public; Owner: vaflaly
--

SELECT pg_catalog.setval('public.common_thefile_id_seq', 1, true);


--
-- Name: crm_city_id_seq; Type: SEQUENCE SET; Schema: public; Owner: vaflaly
--

SELECT pg_catalog.setval('public.crm_city_id_seq', 1, true);


--
-- Name: crm_clienttype_id_seq; Type: SEQUENCE SET; Schema: public; Owner: vaflaly
--

SELECT pg_catalog.setval('public.crm_clienttype_id_seq', 10, true);


--
-- Name: crm_closingreason_id_seq; Type: SEQUENCE SET; Schema: public; Owner: vaflaly
--

SELECT pg_catalog.setval('public.crm_closingreason_id_seq', 10, true);


--
-- Name: crm_company_id_seq; Type: SEQUENCE SET; Schema: public; Owner: vaflaly
--

SELECT pg_catalog.setval('public.crm_company_id_seq', 1, true);


--
-- Name: crm_company_industry_id_seq; Type: SEQUENCE SET; Schema: public; Owner: vaflaly
--

SELECT pg_catalog.setval('public.crm_company_industry_id_seq', 1, true);


--
-- Name: crm_company_tags_id_seq; Type: SEQUENCE SET; Schema: public; Owner: vaflaly
--

SELECT pg_catalog.setval('public.crm_company_tags_id_seq', 1, true);


--
-- Name: crm_contact_id_seq; Type: SEQUENCE SET; Schema: public; Owner: vaflaly
--

SELECT pg_catalog.setval('public.crm_contact_id_seq', 2, true);


--
-- Name: crm_contact_tags_id_seq; Type: SEQUENCE SET; Schema: public; Owner: vaflaly
--

SELECT pg_catalog.setval('public.crm_contact_tags_id_seq', 1, true);


--
-- Name: crm_country_id_seq; Type: SEQUENCE SET; Schema: public; Owner: vaflaly
--

SELECT pg_catalog.setval('public.crm_country_id_seq', 201, true);


--
-- Name: crm_crmemail_id_seq; Type: SEQUENCE SET; Schema: public; Owner: vaflaly
--

SELECT pg_catalog.setval('public.crm_crmemail_id_seq', 1, true);


--
-- Name: crm_currency_id_seq; Type: SEQUENCE SET; Schema: public; Owner: vaflaly
--

SELECT pg_catalog.setval('public.crm_currency_id_seq', 3, true);


--
-- Name: crm_deal_id_seq; Type: SEQUENCE SET; Schema: public; Owner: vaflaly
--

SELECT pg_catalog.setval('public.crm_deal_id_seq', 340, true);


--
-- Name: crm_deal_tags_id_seq; Type: SEQUENCE SET; Schema: public; Owner: vaflaly
--

SELECT pg_catalog.setval('public.crm_deal_tags_id_seq', 1, true);


--
-- Name: crm_industry_id_seq; Type: SEQUENCE SET; Schema: public; Owner: vaflaly
--

SELECT pg_catalog.setval('public.crm_industry_id_seq', 20, true);


--
-- Name: crm_lead_id_seq; Type: SEQUENCE SET; Schema: public; Owner: vaflaly
--

SELECT pg_catalog.setval('public.crm_lead_id_seq', 2, true);


--
-- Name: crm_lead_industry_id_seq; Type: SEQUENCE SET; Schema: public; Owner: vaflaly
--

SELECT pg_catalog.setval('public.crm_lead_industry_id_seq', 1, true);


--
-- Name: crm_lead_tags_id_seq; Type: SEQUENCE SET; Schema: public; Owner: vaflaly
--

SELECT pg_catalog.setval('public.crm_lead_tags_id_seq', 1, true);


--
-- Name: crm_leadsource_id_seq; Type: SEQUENCE SET; Schema: public; Owner: vaflaly
--

SELECT pg_catalog.setval('public.crm_leadsource_id_seq', 5, true);


--
-- Name: crm_output_id_seq; Type: SEQUENCE SET; Schema: public; Owner: vaflaly
--

SELECT pg_catalog.setval('public.crm_output_id_seq', 340, true);


--
-- Name: crm_payment_id_seq; Type: SEQUENCE SET; Schema: public; Owner: vaflaly
--

SELECT pg_catalog.setval('public.crm_payment_id_seq', 339, true);


--
-- Name: crm_product_id_seq; Type: SEQUENCE SET; Schema: public; Owner: vaflaly
--

SELECT pg_catalog.setval('public.crm_product_id_seq', 3, true);


--
-- Name: crm_productcategory_id_seq; Type: SEQUENCE SET; Schema: public; Owner: vaflaly
--

SELECT pg_catalog.setval('public.crm_productcategory_id_seq', 3, true);


--
-- Name: crm_rate_id_seq; Type: SEQUENCE SET; Schema: public; Owner: vaflaly
--

SELECT pg_catalog.setval('public.crm_rate_id_seq', 1, true);


--
-- Name: crm_request_id_seq; Type: SEQUENCE SET; Schema: public; Owner: vaflaly
--

SELECT pg_catalog.setval('public.crm_request_id_seq', 340, true);


--
-- Name: crm_request_products_id_seq; Type: SEQUENCE SET; Schema: public; Owner: vaflaly
--

SELECT pg_catalog.setval('public.crm_request_products_id_seq', 340, true);


--
-- Name: crm_stage_id_seq; Type: SEQUENCE SET; Schema: public; Owner: vaflaly
--

SELECT pg_catalog.setval('public.crm_stage_id_seq', 22, true);


--
-- Name: crm_tag_id_seq; Type: SEQUENCE SET; Schema: public; Owner: vaflaly
--

SELECT pg_catalog.setval('public.crm_tag_id_seq', 1, true);


--
-- Name: django_admin_log_id_seq; Type: SEQUENCE SET; Schema: public; Owner: vaflaly
--

SELECT pg_catalog.setval('public.django_admin_log_id_seq', 64, true);


--
-- Name: django_content_type_id_seq; Type: SEQUENCE SET; Schema: public; Owner: vaflaly
--

SELECT pg_catalog.setval('public.django_content_type_id_seq', 62, true);


--
-- Name: django_migrations_id_seq; Type: SEQUENCE SET; Schema: public; Owner: vaflaly
--

SELECT pg_catalog.setval('public.django_migrations_id_seq', 35, true);


--
-- Name: django_site_id_seq; Type: SEQUENCE SET; Schema: public; Owner: vaflaly
--

SELECT pg_catalog.setval('public.django_site_id_seq', 1, true);


--
-- Name: help_page_id_seq; Type: SEQUENCE SET; Schema: public; Owner: vaflaly
--

SELECT pg_catalog.setval('public.help_page_id_seq', 74, true);


--
-- Name: help_paragraph_groups_id_seq; Type: SEQUENCE SET; Schema: public; Owner: vaflaly
--

SELECT pg_catalog.setval('public.help_paragraph_groups_id_seq', 133, true);


--
-- Name: help_paragraph_id_seq; Type: SEQUENCE SET; Schema: public; Owner: vaflaly
--

SELECT pg_catalog.setval('public.help_paragraph_id_seq', 237, true);


--
-- Name: massmail_emailaccount_id_seq; Type: SEQUENCE SET; Schema: public; Owner: vaflaly
--

SELECT pg_catalog.setval('public.massmail_emailaccount_id_seq', 1, true);


--
-- Name: massmail_emlaccountsqueue_id_seq; Type: SEQUENCE SET; Schema: public; Owner: vaflaly
--

SELECT pg_catalog.setval('public.massmail_emlaccountsqueue_id_seq', 1, true);


--
-- Name: massmail_emlmessage_id_seq; Type: SEQUENCE SET; Schema: public; Owner: vaflaly
--

SELECT pg_catalog.setval('public.massmail_emlmessage_id_seq', 1, true);


--
-- Name: massmail_mailingout_id_seq; Type: SEQUENCE SET; Schema: public; Owner: vaflaly
--

SELECT pg_catalog.setval('public.massmail_mailingout_id_seq', 1, true);


--
-- Name: massmail_masscontact_id_seq; Type: SEQUENCE SET; Schema: public; Owner: vaflaly
--

SELECT pg_catalog.setval('public.massmail_masscontact_id_seq', 1, true);


--
-- Name: massmail_signature_id_seq; Type: SEQUENCE SET; Schema: public; Owner: vaflaly
--

SELECT pg_catalog.setval('public.massmail_signature_id_seq', 1, true);


--
-- Name: settings_bannedcompanyname_id_seq; Type: SEQUENCE SET; Schema: public; Owner: vaflaly
--

SELECT pg_catalog.setval('public.settings_bannedcompanyname_id_seq', 1, true);


--
-- Name: settings_publicemaildomain_id_seq; Type: SEQUENCE SET; Schema: public; Owner: vaflaly
--

SELECT pg_catalog.setval('public.settings_publicemaildomain_id_seq', 130, true);


--
-- Name: settings_reminders_id_seq; Type: SEQUENCE SET; Schema: public; Owner: vaflaly
--

SELECT pg_catalog.setval('public.settings_reminders_id_seq', 1, true);


--
-- Name: settings_stopphrase_id_seq; Type: SEQUENCE SET; Schema: public; Owner: vaflaly
--

SELECT pg_catalog.setval('public.settings_stopphrase_id_seq', 1, true);


--
-- Name: tasks_memo_id_seq; Type: SEQUENCE SET; Schema: public; Owner: vaflaly
--

SELECT pg_catalog.setval('public.tasks_memo_id_seq', 1, true);


--
-- Name: tasks_memo_notified_subscribers_id_seq; Type: SEQUENCE SET; Schema: public; Owner: vaflaly
--

SELECT pg_catalog.setval('public.tasks_memo_notified_subscribers_id_seq', 1, true);


--
-- Name: tasks_memo_subscribers_id_seq; Type: SEQUENCE SET; Schema: public; Owner: vaflaly
--

SELECT pg_catalog.setval('public.tasks_memo_subscribers_id_seq', 1, true);


--
-- Name: tasks_memo_tags_id_seq; Type: SEQUENCE SET; Schema: public; Owner: vaflaly
--

SELECT pg_catalog.setval('public.tasks_memo_tags_id_seq', 1, true);


--
-- Name: tasks_project_id_seq; Type: SEQUENCE SET; Schema: public; Owner: vaflaly
--

SELECT pg_catalog.setval('public.tasks_project_id_seq', 1, true);


--
-- Name: tasks_project_notified_responsible_id_seq; Type: SEQUENCE SET; Schema: public; Owner: vaflaly
--

SELECT pg_catalog.setval('public.tasks_project_notified_responsible_id_seq', 1, true);


--
-- Name: tasks_project_notified_subscribers_id_seq; Type: SEQUENCE SET; Schema: public; Owner: vaflaly
--

SELECT pg_catalog.setval('public.tasks_project_notified_subscribers_id_seq', 1, true);


--
-- Name: tasks_project_responsible_id_seq; Type: SEQUENCE SET; Schema: public; Owner: vaflaly
--

SELECT pg_catalog.setval('public.tasks_project_responsible_id_seq', 1, true);


--
-- Name: tasks_project_subscribers_id_seq; Type: SEQUENCE SET; Schema: public; Owner: vaflaly
--

SELECT pg_catalog.setval('public.tasks_project_subscribers_id_seq', 1, true);


--
-- Name: tasks_project_tags_id_seq; Type: SEQUENCE SET; Schema: public; Owner: vaflaly
--

SELECT pg_catalog.setval('public.tasks_project_tags_id_seq', 1, true);


--
-- Name: tasks_projectstage_id_seq; Type: SEQUENCE SET; Schema: public; Owner: vaflaly
--

SELECT pg_catalog.setval('public.tasks_projectstage_id_seq', 5, true);


--
-- Name: tasks_resolution_id_seq; Type: SEQUENCE SET; Schema: public; Owner: vaflaly
--

SELECT pg_catalog.setval('public.tasks_resolution_id_seq', 6, true);


--
-- Name: tasks_tag_id_seq; Type: SEQUENCE SET; Schema: public; Owner: vaflaly
--

SELECT pg_catalog.setval('public.tasks_tag_id_seq', 1, true);


--
-- Name: tasks_task_id_seq; Type: SEQUENCE SET; Schema: public; Owner: vaflaly
--

SELECT pg_catalog.setval('public.tasks_task_id_seq', 1, true);


--
-- Name: tasks_task_notified_responsible_id_seq; Type: SEQUENCE SET; Schema: public; Owner: vaflaly
--

SELECT pg_catalog.setval('public.tasks_task_notified_responsible_id_seq', 1, true);


--
-- Name: tasks_task_notified_subscribers_id_seq; Type: SEQUENCE SET; Schema: public; Owner: vaflaly
--

SELECT pg_catalog.setval('public.tasks_task_notified_subscribers_id_seq', 1, true);


--
-- Name: tasks_task_responsible_id_seq; Type: SEQUENCE SET; Schema: public; Owner: vaflaly
--

SELECT pg_catalog.setval('public.tasks_task_responsible_id_seq', 1, true);


--
-- Name: tasks_task_subscribers_id_seq; Type: SEQUENCE SET; Schema: public; Owner: vaflaly
--

SELECT pg_catalog.setval('public.tasks_task_subscribers_id_seq', 1, true);


--
-- Name: tasks_task_tags_id_seq; Type: SEQUENCE SET; Schema: public; Owner: vaflaly
--

SELECT pg_catalog.setval('public.tasks_task_tags_id_seq', 1, true);


--
-- Name: tasks_taskstage_id_seq; Type: SEQUENCE SET; Schema: public; Owner: vaflaly
--

SELECT pg_catalog.setval('public.tasks_taskstage_id_seq', 5, true);


--
-- Name: voip_connection_id_seq; Type: SEQUENCE SET; Schema: public; Owner: vaflaly
--

SELECT pg_catalog.setval('public.voip_connection_id_seq', 1, true);


--
-- Name: analytics_incomestatsnapshot analytics_incomestatsnapshot_pkey; Type: CONSTRAINT; Schema: public; Owner: vaflaly
--

ALTER TABLE ONLY public.analytics_incomestatsnapshot
    ADD CONSTRAINT analytics_incomestatsnapshot_pkey PRIMARY KEY (id);


--
-- Name: auth_group auth_group_name_key; Type: CONSTRAINT; Schema: public; Owner: vaflaly
--

ALTER TABLE ONLY public.auth_group
    ADD CONSTRAINT auth_group_name_key UNIQUE (name);


--
-- Name: auth_group_permissions auth_group_permissions_group_id_permission_id_0cd325b0_uniq; Type: CONSTRAINT; Schema: public; Owner: vaflaly
--

ALTER TABLE ONLY public.auth_group_permissions
    ADD CONSTRAINT auth_group_permissions_group_id_permission_id_0cd325b0_uniq UNIQUE (group_id, permission_id);


--
-- Name: auth_group_permissions auth_group_permissions_pkey; Type: CONSTRAINT; Schema: public; Owner: vaflaly
--

ALTER TABLE ONLY public.auth_group_permissions
    ADD CONSTRAINT auth_group_permissions_pkey PRIMARY KEY (id);


--
-- Name: auth_group auth_group_pkey; Type: CONSTRAINT; Schema: public; Owner: vaflaly
--

ALTER TABLE ONLY public.auth_group
    ADD CONSTRAINT auth_group_pkey PRIMARY KEY (id);


--
-- Name: auth_permission auth_permission_content_type_id_codename_01ab375a_uniq; Type: CONSTRAINT; Schema: public; Owner: vaflaly
--

ALTER TABLE ONLY public.auth_permission
    ADD CONSTRAINT auth_permission_content_type_id_codename_01ab375a_uniq UNIQUE (content_type_id, codename);


--
-- Name: auth_permission auth_permission_pkey; Type: CONSTRAINT; Schema: public; Owner: vaflaly
--

ALTER TABLE ONLY public.auth_permission
    ADD CONSTRAINT auth_permission_pkey PRIMARY KEY (id);


--
-- Name: auth_user_groups auth_user_groups_pkey; Type: CONSTRAINT; Schema: public; Owner: vaflaly
--

ALTER TABLE ONLY public.auth_user_groups
    ADD CONSTRAINT auth_user_groups_pkey PRIMARY KEY (id);


--
-- Name: auth_user_groups auth_user_groups_user_id_group_id_94350c0c_uniq; Type: CONSTRAINT; Schema: public; Owner: vaflaly
--

ALTER TABLE ONLY public.auth_user_groups
    ADD CONSTRAINT auth_user_groups_user_id_group_id_94350c0c_uniq UNIQUE (user_id, group_id);


--
-- Name: auth_user auth_user_pkey; Type: CONSTRAINT; Schema: public; Owner: vaflaly
--

ALTER TABLE ONLY public.auth_user
    ADD CONSTRAINT auth_user_pkey PRIMARY KEY (id);


--
-- Name: auth_user_user_permissions auth_user_user_permissions_pkey; Type: CONSTRAINT; Schema: public; Owner: vaflaly
--

ALTER TABLE ONLY public.auth_user_user_permissions
    ADD CONSTRAINT auth_user_user_permissions_pkey PRIMARY KEY (id);


--
-- Name: auth_user_user_permissions auth_user_user_permissions_user_id_permission_id_14a6b632_uniq; Type: CONSTRAINT; Schema: public; Owner: vaflaly
--

ALTER TABLE ONLY public.auth_user_user_permissions
    ADD CONSTRAINT auth_user_user_permissions_user_id_permission_id_14a6b632_uniq UNIQUE (user_id, permission_id);


--
-- Name: auth_user auth_user_username_key; Type: CONSTRAINT; Schema: public; Owner: vaflaly
--

ALTER TABLE ONLY public.auth_user
    ADD CONSTRAINT auth_user_username_key UNIQUE (username);


--
-- Name: chat_chatmessage chat_chatmessage_pkey; Type: CONSTRAINT; Schema: public; Owner: vaflaly
--

ALTER TABLE ONLY public.chat_chatmessage
    ADD CONSTRAINT chat_chatmessage_pkey PRIMARY KEY (id);


--
-- Name: chat_chatmessage_recipients chat_chatmessage_recipie_chatmessage_id_user_id_a0737bc0_uniq; Type: CONSTRAINT; Schema: public; Owner: vaflaly
--

ALTER TABLE ONLY public.chat_chatmessage_recipients
    ADD CONSTRAINT chat_chatmessage_recipie_chatmessage_id_user_id_a0737bc0_uniq UNIQUE (chatmessage_id, user_id);


--
-- Name: chat_chatmessage_recipients chat_chatmessage_recipients_pkey; Type: CONSTRAINT; Schema: public; Owner: vaflaly
--

ALTER TABLE ONLY public.chat_chatmessage_recipients
    ADD CONSTRAINT chat_chatmessage_recipients_pkey PRIMARY KEY (id);


--
-- Name: chat_chatmessage_to chat_chatmessage_to_chatmessage_id_user_id_a57fce7a_uniq; Type: CONSTRAINT; Schema: public; Owner: vaflaly
--

ALTER TABLE ONLY public.chat_chatmessage_to
    ADD CONSTRAINT chat_chatmessage_to_chatmessage_id_user_id_a57fce7a_uniq UNIQUE (chatmessage_id, user_id);


--
-- Name: chat_chatmessage_to chat_chatmessage_to_pkey; Type: CONSTRAINT; Schema: public; Owner: vaflaly
--

ALTER TABLE ONLY public.chat_chatmessage_to
    ADD CONSTRAINT chat_chatmessage_to_pkey PRIMARY KEY (id);


--
-- Name: common_department common_department_pkey; Type: CONSTRAINT; Schema: public; Owner: vaflaly
--

ALTER TABLE ONLY public.common_department
    ADD CONSTRAINT common_department_pkey PRIMARY KEY (group_ptr_id);


--
-- Name: common_reminder common_reminder_pkey; Type: CONSTRAINT; Schema: public; Owner: vaflaly
--

ALTER TABLE ONLY public.common_reminder
    ADD CONSTRAINT common_reminder_pkey PRIMARY KEY (id);


--
-- Name: common_thefile common_thefile_pkey; Type: CONSTRAINT; Schema: public; Owner: vaflaly
--

ALTER TABLE ONLY public.common_thefile
    ADD CONSTRAINT common_thefile_pkey PRIMARY KEY (id);


--
-- Name: common_userprofile common_userprofile_pkey; Type: CONSTRAINT; Schema: public; Owner: vaflaly
--

ALTER TABLE ONLY public.common_userprofile
    ADD CONSTRAINT common_userprofile_pkey PRIMARY KEY (user_id);


--
-- Name: crm_city crm_city_pkey; Type: CONSTRAINT; Schema: public; Owner: vaflaly
--

ALTER TABLE ONLY public.crm_city
    ADD CONSTRAINT crm_city_pkey PRIMARY KEY (id);


--
-- Name: crm_clienttype crm_clienttype_pkey; Type: CONSTRAINT; Schema: public; Owner: vaflaly
--

ALTER TABLE ONLY public.crm_clienttype
    ADD CONSTRAINT crm_clienttype_pkey PRIMARY KEY (id);


--
-- Name: crm_closingreason crm_closingreason_pkey; Type: CONSTRAINT; Schema: public; Owner: vaflaly
--

ALTER TABLE ONLY public.crm_closingreason
    ADD CONSTRAINT crm_closingreason_pkey PRIMARY KEY (id);


--
-- Name: crm_company crm_company_full_name_country_id_7d8a04a5_uniq; Type: CONSTRAINT; Schema: public; Owner: vaflaly
--

ALTER TABLE ONLY public.crm_company
    ADD CONSTRAINT crm_company_full_name_country_id_7d8a04a5_uniq UNIQUE (full_name, country_id);


--
-- Name: crm_company_industry crm_company_industry_company_id_industry_id_37ac15c3_uniq; Type: CONSTRAINT; Schema: public; Owner: vaflaly
--

ALTER TABLE ONLY public.crm_company_industry
    ADD CONSTRAINT crm_company_industry_company_id_industry_id_37ac15c3_uniq UNIQUE (company_id, industry_id);


--
-- Name: crm_company_industry crm_company_industry_pkey; Type: CONSTRAINT; Schema: public; Owner: vaflaly
--

ALTER TABLE ONLY public.crm_company_industry
    ADD CONSTRAINT crm_company_industry_pkey PRIMARY KEY (id);


--
-- Name: crm_company crm_company_pkey; Type: CONSTRAINT; Schema: public; Owner: vaflaly
--

ALTER TABLE ONLY public.crm_company
    ADD CONSTRAINT crm_company_pkey PRIMARY KEY (id);


--
-- Name: crm_company_tags crm_company_tags_company_id_tag_id_b1254d7b_uniq; Type: CONSTRAINT; Schema: public; Owner: vaflaly
--

ALTER TABLE ONLY public.crm_company_tags
    ADD CONSTRAINT crm_company_tags_company_id_tag_id_b1254d7b_uniq UNIQUE (company_id, tag_id);


--
-- Name: crm_company_tags crm_company_tags_pkey; Type: CONSTRAINT; Schema: public; Owner: vaflaly
--

ALTER TABLE ONLY public.crm_company_tags
    ADD CONSTRAINT crm_company_tags_pkey PRIMARY KEY (id);


--
-- Name: crm_company crm_company_token_key; Type: CONSTRAINT; Schema: public; Owner: vaflaly
--

ALTER TABLE ONLY public.crm_company
    ADD CONSTRAINT crm_company_token_key UNIQUE (token);


--
-- Name: crm_contact crm_contact_pkey; Type: CONSTRAINT; Schema: public; Owner: vaflaly
--

ALTER TABLE ONLY public.crm_contact
    ADD CONSTRAINT crm_contact_pkey PRIMARY KEY (id);


--
-- Name: crm_contact_tags crm_contact_tags_contact_id_tag_id_5609fe9c_uniq; Type: CONSTRAINT; Schema: public; Owner: vaflaly
--

ALTER TABLE ONLY public.crm_contact_tags
    ADD CONSTRAINT crm_contact_tags_contact_id_tag_id_5609fe9c_uniq UNIQUE (contact_id, tag_id);


--
-- Name: crm_contact_tags crm_contact_tags_pkey; Type: CONSTRAINT; Schema: public; Owner: vaflaly
--

ALTER TABLE ONLY public.crm_contact_tags
    ADD CONSTRAINT crm_contact_tags_pkey PRIMARY KEY (id);


--
-- Name: crm_contact crm_contact_token_key; Type: CONSTRAINT; Schema: public; Owner: vaflaly
--

ALTER TABLE ONLY public.crm_contact
    ADD CONSTRAINT crm_contact_token_key UNIQUE (token);


--
-- Name: crm_country crm_country_pkey; Type: CONSTRAINT; Schema: public; Owner: vaflaly
--

ALTER TABLE ONLY public.crm_country
    ADD CONSTRAINT crm_country_pkey PRIMARY KEY (id);


--
-- Name: crm_crmemail crm_crmemail_pkey; Type: CONSTRAINT; Schema: public; Owner: vaflaly
--

ALTER TABLE ONLY public.crm_crmemail
    ADD CONSTRAINT crm_crmemail_pkey PRIMARY KEY (id);


--
-- Name: crm_currency crm_currency_pkey; Type: CONSTRAINT; Schema: public; Owner: vaflaly
--

ALTER TABLE ONLY public.crm_currency
    ADD CONSTRAINT crm_currency_pkey PRIMARY KEY (id);


--
-- Name: crm_deal crm_deal_pkey; Type: CONSTRAINT; Schema: public; Owner: vaflaly
--

ALTER TABLE ONLY public.crm_deal
    ADD CONSTRAINT crm_deal_pkey PRIMARY KEY (id);


--
-- Name: crm_deal_tags crm_deal_tags_deal_id_tag_id_f4a2b0e1_uniq; Type: CONSTRAINT; Schema: public; Owner: vaflaly
--

ALTER TABLE ONLY public.crm_deal_tags
    ADD CONSTRAINT crm_deal_tags_deal_id_tag_id_f4a2b0e1_uniq UNIQUE (deal_id, tag_id);


--
-- Name: crm_deal_tags crm_deal_tags_pkey; Type: CONSTRAINT; Schema: public; Owner: vaflaly
--

ALTER TABLE ONLY public.crm_deal_tags
    ADD CONSTRAINT crm_deal_tags_pkey PRIMARY KEY (id);


--
-- Name: crm_deal crm_deal_ticket_key; Type: CONSTRAINT; Schema: public; Owner: vaflaly
--

ALTER TABLE ONLY public.crm_deal
    ADD CONSTRAINT crm_deal_ticket_key UNIQUE (ticket);


--
-- Name: crm_industry crm_industry_pkey; Type: CONSTRAINT; Schema: public; Owner: vaflaly
--

ALTER TABLE ONLY public.crm_industry
    ADD CONSTRAINT crm_industry_pkey PRIMARY KEY (id);


--
-- Name: crm_lead_industry crm_lead_industry_lead_id_industry_id_f1b3c5fc_uniq; Type: CONSTRAINT; Schema: public; Owner: vaflaly
--

ALTER TABLE ONLY public.crm_lead_industry
    ADD CONSTRAINT crm_lead_industry_lead_id_industry_id_f1b3c5fc_uniq UNIQUE (lead_id, industry_id);


--
-- Name: crm_lead_industry crm_lead_industry_pkey; Type: CONSTRAINT; Schema: public; Owner: vaflaly
--

ALTER TABLE ONLY public.crm_lead_industry
    ADD CONSTRAINT crm_lead_industry_pkey PRIMARY KEY (id);


--
-- Name: crm_lead crm_lead_pkey; Type: CONSTRAINT; Schema: public; Owner: vaflaly
--

ALTER TABLE ONLY public.crm_lead
    ADD CONSTRAINT crm_lead_pkey PRIMARY KEY (id);


--
-- Name: crm_lead_tags crm_lead_tags_lead_id_tag_id_4e5b5b42_uniq; Type: CONSTRAINT; Schema: public; Owner: vaflaly
--

ALTER TABLE ONLY public.crm_lead_tags
    ADD CONSTRAINT crm_lead_tags_lead_id_tag_id_4e5b5b42_uniq UNIQUE (lead_id, tag_id);


--
-- Name: crm_lead_tags crm_lead_tags_pkey; Type: CONSTRAINT; Schema: public; Owner: vaflaly
--

ALTER TABLE ONLY public.crm_lead_tags
    ADD CONSTRAINT crm_lead_tags_pkey PRIMARY KEY (id);


--
-- Name: crm_lead crm_lead_token_key; Type: CONSTRAINT; Schema: public; Owner: vaflaly
--

ALTER TABLE ONLY public.crm_lead
    ADD CONSTRAINT crm_lead_token_key UNIQUE (token);


--
-- Name: crm_leadsource crm_leadsource_pkey; Type: CONSTRAINT; Schema: public; Owner: vaflaly
--

ALTER TABLE ONLY public.crm_leadsource
    ADD CONSTRAINT crm_leadsource_pkey PRIMARY KEY (id);


--
-- Name: crm_output crm_output_pkey; Type: CONSTRAINT; Schema: public; Owner: vaflaly
--

ALTER TABLE ONLY public.crm_output
    ADD CONSTRAINT crm_output_pkey PRIMARY KEY (id);


--
-- Name: crm_payment crm_payment_pkey; Type: CONSTRAINT; Schema: public; Owner: vaflaly
--

ALTER TABLE ONLY public.crm_payment
    ADD CONSTRAINT crm_payment_pkey PRIMARY KEY (id);


--
-- Name: crm_product crm_product_pkey; Type: CONSTRAINT; Schema: public; Owner: vaflaly
--

ALTER TABLE ONLY public.crm_product
    ADD CONSTRAINT crm_product_pkey PRIMARY KEY (id);


--
-- Name: crm_productcategory crm_productcategory_pkey; Type: CONSTRAINT; Schema: public; Owner: vaflaly
--

ALTER TABLE ONLY public.crm_productcategory
    ADD CONSTRAINT crm_productcategory_pkey PRIMARY KEY (id);


--
-- Name: crm_rate crm_rate_pkey; Type: CONSTRAINT; Schema: public; Owner: vaflaly
--

ALTER TABLE ONLY public.crm_rate
    ADD CONSTRAINT crm_rate_pkey PRIMARY KEY (id);


--
-- Name: crm_request crm_request_pkey; Type: CONSTRAINT; Schema: public; Owner: vaflaly
--

ALTER TABLE ONLY public.crm_request
    ADD CONSTRAINT crm_request_pkey PRIMARY KEY (id);


--
-- Name: crm_request_products crm_request_products_pkey; Type: CONSTRAINT; Schema: public; Owner: vaflaly
--

ALTER TABLE ONLY public.crm_request_products
    ADD CONSTRAINT crm_request_products_pkey PRIMARY KEY (id);


--
-- Name: crm_request_products crm_request_products_request_id_product_id_0c5a957b_uniq; Type: CONSTRAINT; Schema: public; Owner: vaflaly
--

ALTER TABLE ONLY public.crm_request_products
    ADD CONSTRAINT crm_request_products_request_id_product_id_0c5a957b_uniq UNIQUE (request_id, product_id);


--
-- Name: crm_stage crm_stage_pkey; Type: CONSTRAINT; Schema: public; Owner: vaflaly
--

ALTER TABLE ONLY public.crm_stage
    ADD CONSTRAINT crm_stage_pkey PRIMARY KEY (id);


--
-- Name: crm_tag crm_tag_pkey; Type: CONSTRAINT; Schema: public; Owner: vaflaly
--

ALTER TABLE ONLY public.crm_tag
    ADD CONSTRAINT crm_tag_pkey PRIMARY KEY (id);


--
-- Name: django_admin_log django_admin_log_pkey; Type: CONSTRAINT; Schema: public; Owner: vaflaly
--

ALTER TABLE ONLY public.django_admin_log
    ADD CONSTRAINT django_admin_log_pkey PRIMARY KEY (id);


--
-- Name: django_content_type django_content_type_app_label_model_76bd3d3b_uniq; Type: CONSTRAINT; Schema: public; Owner: vaflaly
--

ALTER TABLE ONLY public.django_content_type
    ADD CONSTRAINT django_content_type_app_label_model_76bd3d3b_uniq UNIQUE (app_label, model);


--
-- Name: django_content_type django_content_type_pkey; Type: CONSTRAINT; Schema: public; Owner: vaflaly
--

ALTER TABLE ONLY public.django_content_type
    ADD CONSTRAINT django_content_type_pkey PRIMARY KEY (id);


--
-- Name: django_migrations django_migrations_pkey; Type: CONSTRAINT; Schema: public; Owner: vaflaly
--

ALTER TABLE ONLY public.django_migrations
    ADD CONSTRAINT django_migrations_pkey PRIMARY KEY (id);


--
-- Name: django_session django_session_pkey; Type: CONSTRAINT; Schema: public; Owner: vaflaly
--

ALTER TABLE ONLY public.django_session
    ADD CONSTRAINT django_session_pkey PRIMARY KEY (session_key);


--
-- Name: django_site django_site_domain_a2e37b91_uniq; Type: CONSTRAINT; Schema: public; Owner: vaflaly
--

ALTER TABLE ONLY public.django_site
    ADD CONSTRAINT django_site_domain_a2e37b91_uniq UNIQUE (domain);


--
-- Name: django_site django_site_pkey; Type: CONSTRAINT; Schema: public; Owner: vaflaly
--

ALTER TABLE ONLY public.django_site
    ADD CONSTRAINT django_site_pkey PRIMARY KEY (id);


--
-- Name: help_page help_page_pkey; Type: CONSTRAINT; Schema: public; Owner: vaflaly
--

ALTER TABLE ONLY public.help_page
    ADD CONSTRAINT help_page_pkey PRIMARY KEY (id);


--
-- Name: help_paragraph_groups help_paragraph_groups_paragraph_id_group_id_0f65f2e2_uniq; Type: CONSTRAINT; Schema: public; Owner: vaflaly
--

ALTER TABLE ONLY public.help_paragraph_groups
    ADD CONSTRAINT help_paragraph_groups_paragraph_id_group_id_0f65f2e2_uniq UNIQUE (paragraph_id, group_id);


--
-- Name: help_paragraph_groups help_paragraph_groups_pkey; Type: CONSTRAINT; Schema: public; Owner: vaflaly
--

ALTER TABLE ONLY public.help_paragraph_groups
    ADD CONSTRAINT help_paragraph_groups_pkey PRIMARY KEY (id);


--
-- Name: help_paragraph help_paragraph_pkey; Type: CONSTRAINT; Schema: public; Owner: vaflaly
--

ALTER TABLE ONLY public.help_paragraph
    ADD CONSTRAINT help_paragraph_pkey PRIMARY KEY (id);


--
-- Name: massmail_emailaccount massmail_emailaccount_pkey; Type: CONSTRAINT; Schema: public; Owner: vaflaly
--

ALTER TABLE ONLY public.massmail_emailaccount
    ADD CONSTRAINT massmail_emailaccount_pkey PRIMARY KEY (id);


--
-- Name: massmail_emlaccountsqueue massmail_emlaccountsqueue_pkey; Type: CONSTRAINT; Schema: public; Owner: vaflaly
--

ALTER TABLE ONLY public.massmail_emlaccountsqueue
    ADD CONSTRAINT massmail_emlaccountsqueue_pkey PRIMARY KEY (id);


--
-- Name: massmail_emlmessage massmail_emlmessage_pkey; Type: CONSTRAINT; Schema: public; Owner: vaflaly
--

ALTER TABLE ONLY public.massmail_emlmessage
    ADD CONSTRAINT massmail_emlmessage_pkey PRIMARY KEY (id);


--
-- Name: massmail_mailingout massmail_mailingout_pkey; Type: CONSTRAINT; Schema: public; Owner: vaflaly
--

ALTER TABLE ONLY public.massmail_mailingout
    ADD CONSTRAINT massmail_mailingout_pkey PRIMARY KEY (id);


--
-- Name: massmail_masscontact massmail_masscontact_pkey; Type: CONSTRAINT; Schema: public; Owner: vaflaly
--

ALTER TABLE ONLY public.massmail_masscontact
    ADD CONSTRAINT massmail_masscontact_pkey PRIMARY KEY (id);


--
-- Name: massmail_signature massmail_signature_pkey; Type: CONSTRAINT; Schema: public; Owner: vaflaly
--

ALTER TABLE ONLY public.massmail_signature
    ADD CONSTRAINT massmail_signature_pkey PRIMARY KEY (id);


--
-- Name: settings_bannedcompanyname settings_bannedcompanyname_name_key; Type: CONSTRAINT; Schema: public; Owner: vaflaly
--

ALTER TABLE ONLY public.settings_bannedcompanyname
    ADD CONSTRAINT settings_bannedcompanyname_name_key UNIQUE (name);


--
-- Name: settings_bannedcompanyname settings_bannedcompanyname_pkey; Type: CONSTRAINT; Schema: public; Owner: vaflaly
--

ALTER TABLE ONLY public.settings_bannedcompanyname
    ADD CONSTRAINT settings_bannedcompanyname_pkey PRIMARY KEY (id);


--
-- Name: settings_publicemaildomain settings_publicemaildomain_domain_key; Type: CONSTRAINT; Schema: public; Owner: vaflaly
--

ALTER TABLE ONLY public.settings_publicemaildomain
    ADD CONSTRAINT settings_publicemaildomain_domain_key UNIQUE (domain);


--
-- Name: settings_publicemaildomain settings_publicemaildomain_pkey; Type: CONSTRAINT; Schema: public; Owner: vaflaly
--

ALTER TABLE ONLY public.settings_publicemaildomain
    ADD CONSTRAINT settings_publicemaildomain_pkey PRIMARY KEY (id);


--
-- Name: settings_reminders settings_reminders_pkey; Type: CONSTRAINT; Schema: public; Owner: vaflaly
--

ALTER TABLE ONLY public.settings_reminders
    ADD CONSTRAINT settings_reminders_pkey PRIMARY KEY (id);


--
-- Name: settings_stopphrase settings_stopphrase_phrase_key; Type: CONSTRAINT; Schema: public; Owner: vaflaly
--

ALTER TABLE ONLY public.settings_stopphrase
    ADD CONSTRAINT settings_stopphrase_phrase_key UNIQUE (phrase);


--
-- Name: settings_stopphrase settings_stopphrase_pkey; Type: CONSTRAINT; Schema: public; Owner: vaflaly
--

ALTER TABLE ONLY public.settings_stopphrase
    ADD CONSTRAINT settings_stopphrase_pkey PRIMARY KEY (id);


--
-- Name: tasks_memo_notified_subscribers tasks_memo_notified_subscribers_memo_id_user_id_197376ce_uniq; Type: CONSTRAINT; Schema: public; Owner: vaflaly
--

ALTER TABLE ONLY public.tasks_memo_notified_subscribers
    ADD CONSTRAINT tasks_memo_notified_subscribers_memo_id_user_id_197376ce_uniq UNIQUE (memo_id, user_id);


--
-- Name: tasks_memo_notified_subscribers tasks_memo_notified_subscribers_pkey; Type: CONSTRAINT; Schema: public; Owner: vaflaly
--

ALTER TABLE ONLY public.tasks_memo_notified_subscribers
    ADD CONSTRAINT tasks_memo_notified_subscribers_pkey PRIMARY KEY (id);


--
-- Name: tasks_memo tasks_memo_pkey; Type: CONSTRAINT; Schema: public; Owner: vaflaly
--

ALTER TABLE ONLY public.tasks_memo
    ADD CONSTRAINT tasks_memo_pkey PRIMARY KEY (id);


--
-- Name: tasks_memo_subscribers tasks_memo_subscribers_memo_id_user_id_9217225f_uniq; Type: CONSTRAINT; Schema: public; Owner: vaflaly
--

ALTER TABLE ONLY public.tasks_memo_subscribers
    ADD CONSTRAINT tasks_memo_subscribers_memo_id_user_id_9217225f_uniq UNIQUE (memo_id, user_id);


--
-- Name: tasks_memo_subscribers tasks_memo_subscribers_pkey; Type: CONSTRAINT; Schema: public; Owner: vaflaly
--

ALTER TABLE ONLY public.tasks_memo_subscribers
    ADD CONSTRAINT tasks_memo_subscribers_pkey PRIMARY KEY (id);


--
-- Name: tasks_memo_tags tasks_memo_tags_memo_id_tag_id_60c2e29f_uniq; Type: CONSTRAINT; Schema: public; Owner: vaflaly
--

ALTER TABLE ONLY public.tasks_memo_tags
    ADD CONSTRAINT tasks_memo_tags_memo_id_tag_id_60c2e29f_uniq UNIQUE (memo_id, tag_id);


--
-- Name: tasks_memo_tags tasks_memo_tags_pkey; Type: CONSTRAINT; Schema: public; Owner: vaflaly
--

ALTER TABLE ONLY public.tasks_memo_tags
    ADD CONSTRAINT tasks_memo_tags_pkey PRIMARY KEY (id);


--
-- Name: tasks_project_notified_responsible tasks_project_notified_r_project_id_user_id_0b2fb3bf_uniq; Type: CONSTRAINT; Schema: public; Owner: vaflaly
--

ALTER TABLE ONLY public.tasks_project_notified_responsible
    ADD CONSTRAINT tasks_project_notified_r_project_id_user_id_0b2fb3bf_uniq UNIQUE (project_id, user_id);


--
-- Name: tasks_project_notified_responsible tasks_project_notified_responsible_pkey; Type: CONSTRAINT; Schema: public; Owner: vaflaly
--

ALTER TABLE ONLY public.tasks_project_notified_responsible
    ADD CONSTRAINT tasks_project_notified_responsible_pkey PRIMARY KEY (id);


--
-- Name: tasks_project_notified_subscribers tasks_project_notified_s_project_id_user_id_e6dc68f8_uniq; Type: CONSTRAINT; Schema: public; Owner: vaflaly
--

ALTER TABLE ONLY public.tasks_project_notified_subscribers
    ADD CONSTRAINT tasks_project_notified_s_project_id_user_id_e6dc68f8_uniq UNIQUE (project_id, user_id);


--
-- Name: tasks_project_notified_subscribers tasks_project_notified_subscribers_pkey; Type: CONSTRAINT; Schema: public; Owner: vaflaly
--

ALTER TABLE ONLY public.tasks_project_notified_subscribers
    ADD CONSTRAINT tasks_project_notified_subscribers_pkey PRIMARY KEY (id);


--
-- Name: tasks_project tasks_project_pkey; Type: CONSTRAINT; Schema: public; Owner: vaflaly
--

ALTER TABLE ONLY public.tasks_project
    ADD CONSTRAINT tasks_project_pkey PRIMARY KEY (id);


--
-- Name: tasks_project_responsible tasks_project_responsible_pkey; Type: CONSTRAINT; Schema: public; Owner: vaflaly
--

ALTER TABLE ONLY public.tasks_project_responsible
    ADD CONSTRAINT tasks_project_responsible_pkey PRIMARY KEY (id);


--
-- Name: tasks_project_responsible tasks_project_responsible_project_id_user_id_54c92976_uniq; Type: CONSTRAINT; Schema: public; Owner: vaflaly
--

ALTER TABLE ONLY public.tasks_project_responsible
    ADD CONSTRAINT tasks_project_responsible_project_id_user_id_54c92976_uniq UNIQUE (project_id, user_id);


--
-- Name: tasks_project_subscribers tasks_project_subscribers_pkey; Type: CONSTRAINT; Schema: public; Owner: vaflaly
--

ALTER TABLE ONLY public.tasks_project_subscribers
    ADD CONSTRAINT tasks_project_subscribers_pkey PRIMARY KEY (id);


--
-- Name: tasks_project_subscribers tasks_project_subscribers_project_id_user_id_7f2a5a47_uniq; Type: CONSTRAINT; Schema: public; Owner: vaflaly
--

ALTER TABLE ONLY public.tasks_project_subscribers
    ADD CONSTRAINT tasks_project_subscribers_project_id_user_id_7f2a5a47_uniq UNIQUE (project_id, user_id);


--
-- Name: tasks_project_tags tasks_project_tags_pkey; Type: CONSTRAINT; Schema: public; Owner: vaflaly
--

ALTER TABLE ONLY public.tasks_project_tags
    ADD CONSTRAINT tasks_project_tags_pkey PRIMARY KEY (id);


--
-- Name: tasks_project_tags tasks_project_tags_project_id_tag_id_d98ff260_uniq; Type: CONSTRAINT; Schema: public; Owner: vaflaly
--

ALTER TABLE ONLY public.tasks_project_tags
    ADD CONSTRAINT tasks_project_tags_project_id_tag_id_d98ff260_uniq UNIQUE (project_id, tag_id);


--
-- Name: tasks_project tasks_project_token_key; Type: CONSTRAINT; Schema: public; Owner: vaflaly
--

ALTER TABLE ONLY public.tasks_project
    ADD CONSTRAINT tasks_project_token_key UNIQUE (token);


--
-- Name: tasks_projectstage tasks_projectstage_pkey; Type: CONSTRAINT; Schema: public; Owner: vaflaly
--

ALTER TABLE ONLY public.tasks_projectstage
    ADD CONSTRAINT tasks_projectstage_pkey PRIMARY KEY (id);


--
-- Name: tasks_resolution tasks_resolution_pkey; Type: CONSTRAINT; Schema: public; Owner: vaflaly
--

ALTER TABLE ONLY public.tasks_resolution
    ADD CONSTRAINT tasks_resolution_pkey PRIMARY KEY (id);


--
-- Name: tasks_tag tasks_tag_pkey; Type: CONSTRAINT; Schema: public; Owner: vaflaly
--

ALTER TABLE ONLY public.tasks_tag
    ADD CONSTRAINT tasks_tag_pkey PRIMARY KEY (id);


--
-- Name: tasks_task_notified_responsible tasks_task_notified_responsible_pkey; Type: CONSTRAINT; Schema: public; Owner: vaflaly
--

ALTER TABLE ONLY public.tasks_task_notified_responsible
    ADD CONSTRAINT tasks_task_notified_responsible_pkey PRIMARY KEY (id);


--
-- Name: tasks_task_notified_responsible tasks_task_notified_responsible_task_id_user_id_be00c53a_uniq; Type: CONSTRAINT; Schema: public; Owner: vaflaly
--

ALTER TABLE ONLY public.tasks_task_notified_responsible
    ADD CONSTRAINT tasks_task_notified_responsible_task_id_user_id_be00c53a_uniq UNIQUE (task_id, user_id);


--
-- Name: tasks_task_notified_subscribers tasks_task_notified_subscribers_pkey; Type: CONSTRAINT; Schema: public; Owner: vaflaly
--

ALTER TABLE ONLY public.tasks_task_notified_subscribers
    ADD CONSTRAINT tasks_task_notified_subscribers_pkey PRIMARY KEY (id);


--
-- Name: tasks_task_notified_subscribers tasks_task_notified_subscribers_task_id_user_id_415191a8_uniq; Type: CONSTRAINT; Schema: public; Owner: vaflaly
--

ALTER TABLE ONLY public.tasks_task_notified_subscribers
    ADD CONSTRAINT tasks_task_notified_subscribers_task_id_user_id_415191a8_uniq UNIQUE (task_id, user_id);


--
-- Name: tasks_task tasks_task_pkey; Type: CONSTRAINT; Schema: public; Owner: vaflaly
--

ALTER TABLE ONLY public.tasks_task
    ADD CONSTRAINT tasks_task_pkey PRIMARY KEY (id);


--
-- Name: tasks_task_responsible tasks_task_responsible_pkey; Type: CONSTRAINT; Schema: public; Owner: vaflaly
--

ALTER TABLE ONLY public.tasks_task_responsible
    ADD CONSTRAINT tasks_task_responsible_pkey PRIMARY KEY (id);


--
-- Name: tasks_task_responsible tasks_task_responsible_task_id_user_id_fba1035b_uniq; Type: CONSTRAINT; Schema: public; Owner: vaflaly
--

ALTER TABLE ONLY public.tasks_task_responsible
    ADD CONSTRAINT tasks_task_responsible_task_id_user_id_fba1035b_uniq UNIQUE (task_id, user_id);


--
-- Name: tasks_task_subscribers tasks_task_subscribers_pkey; Type: CONSTRAINT; Schema: public; Owner: vaflaly
--

ALTER TABLE ONLY public.tasks_task_subscribers
    ADD CONSTRAINT tasks_task_subscribers_pkey PRIMARY KEY (id);


--
-- Name: tasks_task_subscribers tasks_task_subscribers_task_id_user_id_e92aa7b8_uniq; Type: CONSTRAINT; Schema: public; Owner: vaflaly
--

ALTER TABLE ONLY public.tasks_task_subscribers
    ADD CONSTRAINT tasks_task_subscribers_task_id_user_id_e92aa7b8_uniq UNIQUE (task_id, user_id);


--
-- Name: tasks_task_tags tasks_task_tags_pkey; Type: CONSTRAINT; Schema: public; Owner: vaflaly
--

ALTER TABLE ONLY public.tasks_task_tags
    ADD CONSTRAINT tasks_task_tags_pkey PRIMARY KEY (id);


--
-- Name: tasks_task_tags tasks_task_tags_task_id_tag_id_f35a003e_uniq; Type: CONSTRAINT; Schema: public; Owner: vaflaly
--

ALTER TABLE ONLY public.tasks_task_tags
    ADD CONSTRAINT tasks_task_tags_task_id_tag_id_f35a003e_uniq UNIQUE (task_id, tag_id);


--
-- Name: tasks_task tasks_task_token_key; Type: CONSTRAINT; Schema: public; Owner: vaflaly
--

ALTER TABLE ONLY public.tasks_task
    ADD CONSTRAINT tasks_task_token_key UNIQUE (token);


--
-- Name: tasks_taskstage tasks_taskstage_pkey; Type: CONSTRAINT; Schema: public; Owner: vaflaly
--

ALTER TABLE ONLY public.tasks_taskstage
    ADD CONSTRAINT tasks_taskstage_pkey PRIMARY KEY (id);


--
-- Name: voip_connection voip_connection_pkey; Type: CONSTRAINT; Schema: public; Owner: vaflaly
--

ALTER TABLE ONLY public.voip_connection
    ADD CONSTRAINT voip_connection_pkey PRIMARY KEY (id);


--
-- Name: analytics_incomestatsnapshot_department_id_76de15cd; Type: INDEX; Schema: public; Owner: vaflaly
--

CREATE INDEX analytics_incomestatsnapshot_department_id_76de15cd ON public.analytics_incomestatsnapshot USING btree (department_id);


--
-- Name: analytics_incomestatsnapshot_modified_by_id_7710e110; Type: INDEX; Schema: public; Owner: vaflaly
--

CREATE INDEX analytics_incomestatsnapshot_modified_by_id_7710e110 ON public.analytics_incomestatsnapshot USING btree (modified_by_id);


--
-- Name: analytics_incomestatsnapshot_owner_id_58dc0ce5; Type: INDEX; Schema: public; Owner: vaflaly
--

CREATE INDEX analytics_incomestatsnapshot_owner_id_58dc0ce5 ON public.analytics_incomestatsnapshot USING btree (owner_id);


--
-- Name: auth_group_name_a6ea08ec_like; Type: INDEX; Schema: public; Owner: vaflaly
--

CREATE INDEX auth_group_name_a6ea08ec_like ON public.auth_group USING btree (name varchar_pattern_ops);


--
-- Name: auth_group_permissions_group_id_b120cbf9; Type: INDEX; Schema: public; Owner: vaflaly
--

CREATE INDEX auth_group_permissions_group_id_b120cbf9 ON public.auth_group_permissions USING btree (group_id);


--
-- Name: auth_group_permissions_permission_id_84c5c92e; Type: INDEX; Schema: public; Owner: vaflaly
--

CREATE INDEX auth_group_permissions_permission_id_84c5c92e ON public.auth_group_permissions USING btree (permission_id);


--
-- Name: auth_permission_content_type_id_2f476e4b; Type: INDEX; Schema: public; Owner: vaflaly
--

CREATE INDEX auth_permission_content_type_id_2f476e4b ON public.auth_permission USING btree (content_type_id);


--
-- Name: auth_user_groups_group_id_97559544; Type: INDEX; Schema: public; Owner: vaflaly
--

CREATE INDEX auth_user_groups_group_id_97559544 ON public.auth_user_groups USING btree (group_id);


--
-- Name: auth_user_groups_user_id_6a12ed8b; Type: INDEX; Schema: public; Owner: vaflaly
--

CREATE INDEX auth_user_groups_user_id_6a12ed8b ON public.auth_user_groups USING btree (user_id);


--
-- Name: auth_user_user_permissions_permission_id_1fbb5f2c; Type: INDEX; Schema: public; Owner: vaflaly
--

CREATE INDEX auth_user_user_permissions_permission_id_1fbb5f2c ON public.auth_user_user_permissions USING btree (permission_id);


--
-- Name: auth_user_user_permissions_user_id_a95ead1b; Type: INDEX; Schema: public; Owner: vaflaly
--

CREATE INDEX auth_user_user_permissions_user_id_a95ead1b ON public.auth_user_user_permissions USING btree (user_id);


--
-- Name: auth_user_username_6821ab7c_like; Type: INDEX; Schema: public; Owner: vaflaly
--

CREATE INDEX auth_user_username_6821ab7c_like ON public.auth_user USING btree (username varchar_pattern_ops);


--
-- Name: chat_chatmessage_answer_to_id_ebe929d0; Type: INDEX; Schema: public; Owner: vaflaly
--

CREATE INDEX chat_chatmessage_answer_to_id_ebe929d0 ON public.chat_chatmessage USING btree (answer_to_id);


--
-- Name: chat_chatmessage_content_type_id_eb488bbc; Type: INDEX; Schema: public; Owner: vaflaly
--

CREATE INDEX chat_chatmessage_content_type_id_eb488bbc ON public.chat_chatmessage USING btree (content_type_id);


--
-- Name: chat_chatmessage_object_id_f86268ed; Type: INDEX; Schema: public; Owner: vaflaly
--

CREATE INDEX chat_chatmessage_object_id_f86268ed ON public.chat_chatmessage USING btree (object_id);


--
-- Name: chat_chatmessage_owner_id_344dab54; Type: INDEX; Schema: public; Owner: vaflaly
--

CREATE INDEX chat_chatmessage_owner_id_344dab54 ON public.chat_chatmessage USING btree (owner_id);


--
-- Name: chat_chatmessage_recipients_chatmessage_id_f25770e6; Type: INDEX; Schema: public; Owner: vaflaly
--

CREATE INDEX chat_chatmessage_recipients_chatmessage_id_f25770e6 ON public.chat_chatmessage_recipients USING btree (chatmessage_id);


--
-- Name: chat_chatmessage_recipients_user_id_497cd9b4; Type: INDEX; Schema: public; Owner: vaflaly
--

CREATE INDEX chat_chatmessage_recipients_user_id_497cd9b4 ON public.chat_chatmessage_recipients USING btree (user_id);


--
-- Name: chat_chatmessage_to_chatmessage_id_e9ba7362; Type: INDEX; Schema: public; Owner: vaflaly
--

CREATE INDEX chat_chatmessage_to_chatmessage_id_e9ba7362 ON public.chat_chatmessage_to USING btree (chatmessage_id);


--
-- Name: chat_chatmessage_to_user_id_e048fc1d; Type: INDEX; Schema: public; Owner: vaflaly
--

CREATE INDEX chat_chatmessage_to_user_id_e048fc1d ON public.chat_chatmessage_to USING btree (user_id);


--
-- Name: chat_chatmessage_topic_id_6d8fb65b; Type: INDEX; Schema: public; Owner: vaflaly
--

CREATE INDEX chat_chatmessage_topic_id_6d8fb65b ON public.chat_chatmessage USING btree (topic_id);


--
-- Name: common_department_default_country_id_96a4eddc; Type: INDEX; Schema: public; Owner: vaflaly
--

CREATE INDEX common_department_default_country_id_96a4eddc ON public.common_department USING btree (default_country_id);


--
-- Name: common_department_default_currency_id_44a7c486; Type: INDEX; Schema: public; Owner: vaflaly
--

CREATE INDEX common_department_default_currency_id_44a7c486 ON public.common_department USING btree (default_currency_id);


--
-- Name: common_reminder_content_type_id_8f14d050; Type: INDEX; Schema: public; Owner: vaflaly
--

CREATE INDEX common_reminder_content_type_id_8f14d050 ON public.common_reminder USING btree (content_type_id);


--
-- Name: common_reminder_object_id_ead61acd; Type: INDEX; Schema: public; Owner: vaflaly
--

CREATE INDEX common_reminder_object_id_ead61acd ON public.common_reminder USING btree (object_id);


--
-- Name: common_reminder_owner_id_a206a8da; Type: INDEX; Schema: public; Owner: vaflaly
--

CREATE INDEX common_reminder_owner_id_a206a8da ON public.common_reminder USING btree (owner_id);


--
-- Name: common_thefile_content_type_id_345bb301; Type: INDEX; Schema: public; Owner: vaflaly
--

CREATE INDEX common_thefile_content_type_id_345bb301 ON public.common_thefile USING btree (content_type_id);


--
-- Name: crm_city_country_id_3791cd90; Type: INDEX; Schema: public; Owner: vaflaly
--

CREATE INDEX crm_city_country_id_3791cd90 ON public.crm_city USING btree (country_id);


--
-- Name: crm_clienttype_department_id_8cb029d3; Type: INDEX; Schema: public; Owner: vaflaly
--

CREATE INDEX crm_clienttype_department_id_8cb029d3 ON public.crm_clienttype USING btree (department_id);


--
-- Name: crm_closingreason_department_id_063c72af; Type: INDEX; Schema: public; Owner: vaflaly
--

CREATE INDEX crm_closingreason_department_id_063c72af ON public.crm_closingreason USING btree (department_id);


--
-- Name: crm_company_city_id_69a5657c; Type: INDEX; Schema: public; Owner: vaflaly
--

CREATE INDEX crm_company_city_id_69a5657c ON public.crm_company USING btree (city_id);


--
-- Name: crm_company_country_id_e9a3604c; Type: INDEX; Schema: public; Owner: vaflaly
--

CREATE INDEX crm_company_country_id_e9a3604c ON public.crm_company USING btree (country_id);


--
-- Name: crm_company_department_id_90aac0d6; Type: INDEX; Schema: public; Owner: vaflaly
--

CREATE INDEX crm_company_department_id_90aac0d6 ON public.crm_company USING btree (department_id);


--
-- Name: crm_company_industry_company_id_5d01fd6a; Type: INDEX; Schema: public; Owner: vaflaly
--

CREATE INDEX crm_company_industry_company_id_5d01fd6a ON public.crm_company_industry USING btree (company_id);


--
-- Name: crm_company_industry_industry_id_81d06898; Type: INDEX; Schema: public; Owner: vaflaly
--

CREATE INDEX crm_company_industry_industry_id_81d06898 ON public.crm_company_industry USING btree (industry_id);


--
-- Name: crm_company_lead_source_id_dd228f25; Type: INDEX; Schema: public; Owner: vaflaly
--

CREATE INDEX crm_company_lead_source_id_dd228f25 ON public.crm_company USING btree (lead_source_id);


--
-- Name: crm_company_modified_by_id_312b16f4; Type: INDEX; Schema: public; Owner: vaflaly
--

CREATE INDEX crm_company_modified_by_id_312b16f4 ON public.crm_company USING btree (modified_by_id);


--
-- Name: crm_company_owner_id_a25b9c7d; Type: INDEX; Schema: public; Owner: vaflaly
--

CREATE INDEX crm_company_owner_id_a25b9c7d ON public.crm_company USING btree (owner_id);


--
-- Name: crm_company_tags_company_id_a6194cbf; Type: INDEX; Schema: public; Owner: vaflaly
--

CREATE INDEX crm_company_tags_company_id_a6194cbf ON public.crm_company_tags USING btree (company_id);


--
-- Name: crm_company_tags_tag_id_635170d1; Type: INDEX; Schema: public; Owner: vaflaly
--

CREATE INDEX crm_company_tags_tag_id_635170d1 ON public.crm_company_tags USING btree (tag_id);


--
-- Name: crm_company_token_bacd79a1_like; Type: INDEX; Schema: public; Owner: vaflaly
--

CREATE INDEX crm_company_token_bacd79a1_like ON public.crm_company USING btree (token varchar_pattern_ops);


--
-- Name: crm_company_type_id_aacca403; Type: INDEX; Schema: public; Owner: vaflaly
--

CREATE INDEX crm_company_type_id_aacca403 ON public.crm_company USING btree (type_id);


--
-- Name: crm_contact_city_id_fb95232b; Type: INDEX; Schema: public; Owner: vaflaly
--

CREATE INDEX crm_contact_city_id_fb95232b ON public.crm_contact USING btree (city_id);


--
-- Name: crm_contact_company_id_5104bcf2; Type: INDEX; Schema: public; Owner: vaflaly
--

CREATE INDEX crm_contact_company_id_5104bcf2 ON public.crm_contact USING btree (company_id);


--
-- Name: crm_contact_country_id_fdeb00dc; Type: INDEX; Schema: public; Owner: vaflaly
--

CREATE INDEX crm_contact_country_id_fdeb00dc ON public.crm_contact USING btree (country_id);


--
-- Name: crm_contact_department_id_feca2305; Type: INDEX; Schema: public; Owner: vaflaly
--

CREATE INDEX crm_contact_department_id_feca2305 ON public.crm_contact USING btree (department_id);


--
-- Name: crm_contact_lead_source_id_aeb0661f; Type: INDEX; Schema: public; Owner: vaflaly
--

CREATE INDEX crm_contact_lead_source_id_aeb0661f ON public.crm_contact USING btree (lead_source_id);


--
-- Name: crm_contact_modified_by_id_1ea611c8; Type: INDEX; Schema: public; Owner: vaflaly
--

CREATE INDEX crm_contact_modified_by_id_1ea611c8 ON public.crm_contact USING btree (modified_by_id);


--
-- Name: crm_contact_owner_id_11e5a0f0; Type: INDEX; Schema: public; Owner: vaflaly
--

CREATE INDEX crm_contact_owner_id_11e5a0f0 ON public.crm_contact USING btree (owner_id);


--
-- Name: crm_contact_tags_contact_id_d3af1cc9; Type: INDEX; Schema: public; Owner: vaflaly
--

CREATE INDEX crm_contact_tags_contact_id_d3af1cc9 ON public.crm_contact_tags USING btree (contact_id);


--
-- Name: crm_contact_tags_tag_id_65d06b79; Type: INDEX; Schema: public; Owner: vaflaly
--

CREATE INDEX crm_contact_tags_tag_id_65d06b79 ON public.crm_contact_tags USING btree (tag_id);


--
-- Name: crm_contact_token_a46f0ab3_like; Type: INDEX; Schema: public; Owner: vaflaly
--

CREATE INDEX crm_contact_token_a46f0ab3_like ON public.crm_contact USING btree (token varchar_pattern_ops);


--
-- Name: crm_country_url_name_c6e9a6f5; Type: INDEX; Schema: public; Owner: vaflaly
--

CREATE INDEX crm_country_url_name_c6e9a6f5 ON public.crm_country USING btree (url_name);


--
-- Name: crm_country_url_name_c6e9a6f5_like; Type: INDEX; Schema: public; Owner: vaflaly
--

CREATE INDEX crm_country_url_name_c6e9a6f5_like ON public.crm_country USING btree (url_name varchar_pattern_ops);


--
-- Name: crm_crmemail_company_id_69fb43a2; Type: INDEX; Schema: public; Owner: vaflaly
--

CREATE INDEX crm_crmemail_company_id_69fb43a2 ON public.crm_crmemail USING btree (company_id);


--
-- Name: crm_crmemail_contact_id_d2d2a341; Type: INDEX; Schema: public; Owner: vaflaly
--

CREATE INDEX crm_crmemail_contact_id_d2d2a341 ON public.crm_crmemail USING btree (contact_id);


--
-- Name: crm_crmemail_deal_id_4357b455; Type: INDEX; Schema: public; Owner: vaflaly
--

CREATE INDEX crm_crmemail_deal_id_4357b455 ON public.crm_crmemail USING btree (deal_id);


--
-- Name: crm_crmemail_department_id_88451d0c; Type: INDEX; Schema: public; Owner: vaflaly
--

CREATE INDEX crm_crmemail_department_id_88451d0c ON public.crm_crmemail USING btree (department_id);


--
-- Name: crm_crmemail_lead_id_61606d4b; Type: INDEX; Schema: public; Owner: vaflaly
--

CREATE INDEX crm_crmemail_lead_id_61606d4b ON public.crm_crmemail USING btree (lead_id);


--
-- Name: crm_crmemail_modified_by_id_45ca0775; Type: INDEX; Schema: public; Owner: vaflaly
--

CREATE INDEX crm_crmemail_modified_by_id_45ca0775 ON public.crm_crmemail USING btree (modified_by_id);


--
-- Name: crm_crmemail_owner_id_3b903780; Type: INDEX; Schema: public; Owner: vaflaly
--

CREATE INDEX crm_crmemail_owner_id_3b903780 ON public.crm_crmemail USING btree (owner_id);


--
-- Name: crm_crmemail_request_id_99a97c81; Type: INDEX; Schema: public; Owner: vaflaly
--

CREATE INDEX crm_crmemail_request_id_99a97c81 ON public.crm_crmemail USING btree (request_id);


--
-- Name: crm_crmemail_signature_id_78684081; Type: INDEX; Schema: public; Owner: vaflaly
--

CREATE INDEX crm_crmemail_signature_id_78684081 ON public.crm_crmemail USING btree (signature_id);


--
-- Name: crm_deal_city_id_d5ee0e5b; Type: INDEX; Schema: public; Owner: vaflaly
--

CREATE INDEX crm_deal_city_id_d5ee0e5b ON public.crm_deal USING btree (city_id);


--
-- Name: crm_deal_closing_reason_id_68b8ca67; Type: INDEX; Schema: public; Owner: vaflaly
--

CREATE INDEX crm_deal_closing_reason_id_68b8ca67 ON public.crm_deal USING btree (closing_reason_id);


--
-- Name: crm_deal_co_owner_id_eb98caca; Type: INDEX; Schema: public; Owner: vaflaly
--

CREATE INDEX crm_deal_co_owner_id_eb98caca ON public.crm_deal USING btree (co_owner_id);


--
-- Name: crm_deal_company_id_5f13cebb; Type: INDEX; Schema: public; Owner: vaflaly
--

CREATE INDEX crm_deal_company_id_5f13cebb ON public.crm_deal USING btree (company_id);


--
-- Name: crm_deal_contact_id_d06c1407; Type: INDEX; Schema: public; Owner: vaflaly
--

CREATE INDEX crm_deal_contact_id_d06c1407 ON public.crm_deal USING btree (contact_id);


--
-- Name: crm_deal_country_id_b7a2f075; Type: INDEX; Schema: public; Owner: vaflaly
--

CREATE INDEX crm_deal_country_id_b7a2f075 ON public.crm_deal USING btree (country_id);


--
-- Name: crm_deal_currency_id_7c7ffd7b; Type: INDEX; Schema: public; Owner: vaflaly
--

CREATE INDEX crm_deal_currency_id_7c7ffd7b ON public.crm_deal USING btree (currency_id);


--
-- Name: crm_deal_department_id_57f67262; Type: INDEX; Schema: public; Owner: vaflaly
--

CREATE INDEX crm_deal_department_id_57f67262 ON public.crm_deal USING btree (department_id);


--
-- Name: crm_deal_lead_id_734d9686; Type: INDEX; Schema: public; Owner: vaflaly
--

CREATE INDEX crm_deal_lead_id_734d9686 ON public.crm_deal USING btree (lead_id);


--
-- Name: crm_deal_modified_by_id_628881f6; Type: INDEX; Schema: public; Owner: vaflaly
--

CREATE INDEX crm_deal_modified_by_id_628881f6 ON public.crm_deal USING btree (modified_by_id);


--
-- Name: crm_deal_owner_id_81e384bc; Type: INDEX; Schema: public; Owner: vaflaly
--

CREATE INDEX crm_deal_owner_id_81e384bc ON public.crm_deal USING btree (owner_id);


--
-- Name: crm_deal_partner_contact_id_0a961512; Type: INDEX; Schema: public; Owner: vaflaly
--

CREATE INDEX crm_deal_partner_contact_id_0a961512 ON public.crm_deal USING btree (partner_contact_id);


--
-- Name: crm_deal_request_id_0cd37e8b; Type: INDEX; Schema: public; Owner: vaflaly
--

CREATE INDEX crm_deal_request_id_0cd37e8b ON public.crm_deal USING btree (request_id);


--
-- Name: crm_deal_stage_id_576166c2; Type: INDEX; Schema: public; Owner: vaflaly
--

CREATE INDEX crm_deal_stage_id_576166c2 ON public.crm_deal USING btree (stage_id);


--
-- Name: crm_deal_tags_deal_id_40cc61c2; Type: INDEX; Schema: public; Owner: vaflaly
--

CREATE INDEX crm_deal_tags_deal_id_40cc61c2 ON public.crm_deal_tags USING btree (deal_id);


--
-- Name: crm_deal_tags_tag_id_1a3d63df; Type: INDEX; Schema: public; Owner: vaflaly
--

CREATE INDEX crm_deal_tags_tag_id_1a3d63df ON public.crm_deal_tags USING btree (tag_id);


--
-- Name: crm_deal_ticket_a7ba2f00_like; Type: INDEX; Schema: public; Owner: vaflaly
--

CREATE INDEX crm_deal_ticket_a7ba2f00_like ON public.crm_deal USING btree (ticket varchar_pattern_ops);


--
-- Name: crm_industry_department_id_7a4b1119; Type: INDEX; Schema: public; Owner: vaflaly
--

CREATE INDEX crm_industry_department_id_7a4b1119 ON public.crm_industry USING btree (department_id);


--
-- Name: crm_lead_city_id_29ae1a66; Type: INDEX; Schema: public; Owner: vaflaly
--

CREATE INDEX crm_lead_city_id_29ae1a66 ON public.crm_lead USING btree (city_id);


--
-- Name: crm_lead_company_id_a70d7b4c; Type: INDEX; Schema: public; Owner: vaflaly
--

CREATE INDEX crm_lead_company_id_a70d7b4c ON public.crm_lead USING btree (company_id);


--
-- Name: crm_lead_contact_id_80d73740; Type: INDEX; Schema: public; Owner: vaflaly
--

CREATE INDEX crm_lead_contact_id_80d73740 ON public.crm_lead USING btree (contact_id);


--
-- Name: crm_lead_country_id_7738e7f5; Type: INDEX; Schema: public; Owner: vaflaly
--

CREATE INDEX crm_lead_country_id_7738e7f5 ON public.crm_lead USING btree (country_id);


--
-- Name: crm_lead_department_id_81bb42ff; Type: INDEX; Schema: public; Owner: vaflaly
--

CREATE INDEX crm_lead_department_id_81bb42ff ON public.crm_lead USING btree (department_id);


--
-- Name: crm_lead_industry_industry_id_ef47dd52; Type: INDEX; Schema: public; Owner: vaflaly
--

CREATE INDEX crm_lead_industry_industry_id_ef47dd52 ON public.crm_lead_industry USING btree (industry_id);


--
-- Name: crm_lead_industry_lead_id_259316ce; Type: INDEX; Schema: public; Owner: vaflaly
--

CREATE INDEX crm_lead_industry_lead_id_259316ce ON public.crm_lead_industry USING btree (lead_id);


--
-- Name: crm_lead_lead_source_id_6dab1962; Type: INDEX; Schema: public; Owner: vaflaly
--

CREATE INDEX crm_lead_lead_source_id_6dab1962 ON public.crm_lead USING btree (lead_source_id);


--
-- Name: crm_lead_modified_by_id_2780bfaf; Type: INDEX; Schema: public; Owner: vaflaly
--

CREATE INDEX crm_lead_modified_by_id_2780bfaf ON public.crm_lead USING btree (modified_by_id);


--
-- Name: crm_lead_owner_id_f8fa5b1a; Type: INDEX; Schema: public; Owner: vaflaly
--

CREATE INDEX crm_lead_owner_id_f8fa5b1a ON public.crm_lead USING btree (owner_id);


--
-- Name: crm_lead_tags_lead_id_58d2789c; Type: INDEX; Schema: public; Owner: vaflaly
--

CREATE INDEX crm_lead_tags_lead_id_58d2789c ON public.crm_lead_tags USING btree (lead_id);


--
-- Name: crm_lead_tags_tag_id_ad7bf359; Type: INDEX; Schema: public; Owner: vaflaly
--

CREATE INDEX crm_lead_tags_tag_id_ad7bf359 ON public.crm_lead_tags USING btree (tag_id);


--
-- Name: crm_lead_token_68369291_like; Type: INDEX; Schema: public; Owner: vaflaly
--

CREATE INDEX crm_lead_token_68369291_like ON public.crm_lead USING btree (token varchar_pattern_ops);


--
-- Name: crm_lead_type_id_c09c4a44; Type: INDEX; Schema: public; Owner: vaflaly
--

CREATE INDEX crm_lead_type_id_c09c4a44 ON public.crm_lead USING btree (type_id);


--
-- Name: crm_leadsource_department_id_30bd576b; Type: INDEX; Schema: public; Owner: vaflaly
--

CREATE INDEX crm_leadsource_department_id_30bd576b ON public.crm_leadsource USING btree (department_id);


--
-- Name: crm_output_currency_id_63a93add; Type: INDEX; Schema: public; Owner: vaflaly
--

CREATE INDEX crm_output_currency_id_63a93add ON public.crm_output USING btree (currency_id);


--
-- Name: crm_output_deal_id_7ec71c09; Type: INDEX; Schema: public; Owner: vaflaly
--

CREATE INDEX crm_output_deal_id_7ec71c09 ON public.crm_output USING btree (deal_id);


--
-- Name: crm_output_product_id_cbe93472; Type: INDEX; Schema: public; Owner: vaflaly
--

CREATE INDEX crm_output_product_id_cbe93472 ON public.crm_output USING btree (product_id);


--
-- Name: crm_payment_currency_id_4553d309; Type: INDEX; Schema: public; Owner: vaflaly
--

CREATE INDEX crm_payment_currency_id_4553d309 ON public.crm_payment USING btree (currency_id);


--
-- Name: crm_payment_deal_id_1a22e343; Type: INDEX; Schema: public; Owner: vaflaly
--

CREATE INDEX crm_payment_deal_id_1a22e343 ON public.crm_payment USING btree (deal_id);


--
-- Name: crm_product_currency_id_a790ddf6; Type: INDEX; Schema: public; Owner: vaflaly
--

CREATE INDEX crm_product_currency_id_a790ddf6 ON public.crm_product USING btree (currency_id);


--
-- Name: crm_product_department_id_0523e414; Type: INDEX; Schema: public; Owner: vaflaly
--

CREATE INDEX crm_product_department_id_0523e414 ON public.crm_product USING btree (department_id);


--
-- Name: crm_product_modified_by_id_02531b6a; Type: INDEX; Schema: public; Owner: vaflaly
--

CREATE INDEX crm_product_modified_by_id_02531b6a ON public.crm_product USING btree (modified_by_id);


--
-- Name: crm_product_product_category_id_3784251c; Type: INDEX; Schema: public; Owner: vaflaly
--

CREATE INDEX crm_product_product_category_id_3784251c ON public.crm_product USING btree (product_category_id);


--
-- Name: crm_productcategory_department_id_60682d03; Type: INDEX; Schema: public; Owner: vaflaly
--

CREATE INDEX crm_productcategory_department_id_60682d03 ON public.crm_productcategory USING btree (department_id);


--
-- Name: crm_rate_currency_id_86b614ea; Type: INDEX; Schema: public; Owner: vaflaly
--

CREATE INDEX crm_rate_currency_id_86b614ea ON public.crm_rate USING btree (currency_id);


--
-- Name: crm_request_city_id_4ec72763; Type: INDEX; Schema: public; Owner: vaflaly
--

CREATE INDEX crm_request_city_id_4ec72763 ON public.crm_request USING btree (city_id);


--
-- Name: crm_request_co_owner_id_97bfeda8; Type: INDEX; Schema: public; Owner: vaflaly
--

CREATE INDEX crm_request_co_owner_id_97bfeda8 ON public.crm_request USING btree (co_owner_id);


--
-- Name: crm_request_company_id_88ae6e3e; Type: INDEX; Schema: public; Owner: vaflaly
--

CREATE INDEX crm_request_company_id_88ae6e3e ON public.crm_request USING btree (company_id);


--
-- Name: crm_request_contact_id_91ed6ab2; Type: INDEX; Schema: public; Owner: vaflaly
--

CREATE INDEX crm_request_contact_id_91ed6ab2 ON public.crm_request USING btree (contact_id);


--
-- Name: crm_request_country_id_daa09295; Type: INDEX; Schema: public; Owner: vaflaly
--

CREATE INDEX crm_request_country_id_daa09295 ON public.crm_request USING btree (country_id);


--
-- Name: crm_request_deal_id_197e99fa; Type: INDEX; Schema: public; Owner: vaflaly
--

CREATE INDEX crm_request_deal_id_197e99fa ON public.crm_request USING btree (deal_id);


--
-- Name: crm_request_department_id_4e30930a; Type: INDEX; Schema: public; Owner: vaflaly
--

CREATE INDEX crm_request_department_id_4e30930a ON public.crm_request USING btree (department_id);


--
-- Name: crm_request_lead_id_1486fb35; Type: INDEX; Schema: public; Owner: vaflaly
--

CREATE INDEX crm_request_lead_id_1486fb35 ON public.crm_request USING btree (lead_id);


--
-- Name: crm_request_lead_source_id_1de11d0b; Type: INDEX; Schema: public; Owner: vaflaly
--

CREATE INDEX crm_request_lead_source_id_1de11d0b ON public.crm_request USING btree (lead_source_id);


--
-- Name: crm_request_modified_by_id_6958d6bf; Type: INDEX; Schema: public; Owner: vaflaly
--

CREATE INDEX crm_request_modified_by_id_6958d6bf ON public.crm_request USING btree (modified_by_id);


--
-- Name: crm_request_owner_id_d3df4eb5; Type: INDEX; Schema: public; Owner: vaflaly
--

CREATE INDEX crm_request_owner_id_d3df4eb5 ON public.crm_request USING btree (owner_id);


--
-- Name: crm_request_products_product_id_0a67aa36; Type: INDEX; Schema: public; Owner: vaflaly
--

CREATE INDEX crm_request_products_product_id_0a67aa36 ON public.crm_request_products USING btree (product_id);


--
-- Name: crm_request_products_request_id_7537fc38; Type: INDEX; Schema: public; Owner: vaflaly
--

CREATE INDEX crm_request_products_request_id_7537fc38 ON public.crm_request_products USING btree (request_id);


--
-- Name: crm_stage_department_id_1f66d880; Type: INDEX; Schema: public; Owner: vaflaly
--

CREATE INDEX crm_stage_department_id_1f66d880 ON public.crm_stage USING btree (department_id);


--
-- Name: crm_tag_department_id_e9eea4e3; Type: INDEX; Schema: public; Owner: vaflaly
--

CREATE INDEX crm_tag_department_id_e9eea4e3 ON public.crm_tag USING btree (department_id);


--
-- Name: crm_tag_modified_by_id_3cbff65e; Type: INDEX; Schema: public; Owner: vaflaly
--

CREATE INDEX crm_tag_modified_by_id_3cbff65e ON public.crm_tag USING btree (modified_by_id);


--
-- Name: crm_tag_owner_id_2738cee0; Type: INDEX; Schema: public; Owner: vaflaly
--

CREATE INDEX crm_tag_owner_id_2738cee0 ON public.crm_tag USING btree (owner_id);


--
-- Name: django_admin_log_content_type_id_c4bce8eb; Type: INDEX; Schema: public; Owner: vaflaly
--

CREATE INDEX django_admin_log_content_type_id_c4bce8eb ON public.django_admin_log USING btree (content_type_id);


--
-- Name: django_admin_log_user_id_c564eba6; Type: INDEX; Schema: public; Owner: vaflaly
--

CREATE INDEX django_admin_log_user_id_c564eba6 ON public.django_admin_log USING btree (user_id);


--
-- Name: django_session_expire_date_a5c62663; Type: INDEX; Schema: public; Owner: vaflaly
--

CREATE INDEX django_session_expire_date_a5c62663 ON public.django_session USING btree (expire_date);


--
-- Name: django_session_session_key_c0390e0f_like; Type: INDEX; Schema: public; Owner: vaflaly
--

CREATE INDEX django_session_session_key_c0390e0f_like ON public.django_session USING btree (session_key varchar_pattern_ops);


--
-- Name: django_site_domain_a2e37b91_like; Type: INDEX; Schema: public; Owner: vaflaly
--

CREATE INDEX django_site_domain_a2e37b91_like ON public.django_site USING btree (domain varchar_pattern_ops);


--
-- Name: help_paragraph_document_id_85a62b6e; Type: INDEX; Schema: public; Owner: vaflaly
--

CREATE INDEX help_paragraph_document_id_85a62b6e ON public.help_paragraph USING btree (document_id);


--
-- Name: help_paragraph_groups_group_id_0fa106e0; Type: INDEX; Schema: public; Owner: vaflaly
--

CREATE INDEX help_paragraph_groups_group_id_0fa106e0 ON public.help_paragraph_groups USING btree (group_id);


--
-- Name: help_paragraph_groups_paragraph_id_8cf057d9; Type: INDEX; Schema: public; Owner: vaflaly
--

CREATE INDEX help_paragraph_groups_paragraph_id_8cf057d9 ON public.help_paragraph_groups USING btree (paragraph_id);


--
-- Name: help_paragraph_link1_id_0908f336; Type: INDEX; Schema: public; Owner: vaflaly
--

CREATE INDEX help_paragraph_link1_id_0908f336 ON public.help_paragraph USING btree (link1_id);


--
-- Name: massmail_emailaccount_co_owner_id_33bde2b0; Type: INDEX; Schema: public; Owner: vaflaly
--

CREATE INDEX massmail_emailaccount_co_owner_id_33bde2b0 ON public.massmail_emailaccount USING btree (co_owner_id);


--
-- Name: massmail_emailaccount_department_id_5009beba; Type: INDEX; Schema: public; Owner: vaflaly
--

CREATE INDEX massmail_emailaccount_department_id_5009beba ON public.massmail_emailaccount USING btree (department_id);


--
-- Name: massmail_emailaccount_modified_by_id_78fa83c2; Type: INDEX; Schema: public; Owner: vaflaly
--

CREATE INDEX massmail_emailaccount_modified_by_id_78fa83c2 ON public.massmail_emailaccount USING btree (modified_by_id);


--
-- Name: massmail_emailaccount_owner_id_de4662b5; Type: INDEX; Schema: public; Owner: vaflaly
--

CREATE INDEX massmail_emailaccount_owner_id_de4662b5 ON public.massmail_emailaccount USING btree (owner_id);


--
-- Name: massmail_emlaccountsqueue_owner_id_1d4557ba; Type: INDEX; Schema: public; Owner: vaflaly
--

CREATE INDEX massmail_emlaccountsqueue_owner_id_1d4557ba ON public.massmail_emlaccountsqueue USING btree (owner_id);


--
-- Name: massmail_emlmessage_department_id_ee97df77; Type: INDEX; Schema: public; Owner: vaflaly
--

CREATE INDEX massmail_emlmessage_department_id_ee97df77 ON public.massmail_emlmessage USING btree (department_id);


--
-- Name: massmail_emlmessage_modified_by_id_d6442289; Type: INDEX; Schema: public; Owner: vaflaly
--

CREATE INDEX massmail_emlmessage_modified_by_id_d6442289 ON public.massmail_emlmessage USING btree (modified_by_id);


--
-- Name: massmail_emlmessage_owner_id_934a5f8f; Type: INDEX; Schema: public; Owner: vaflaly
--

CREATE INDEX massmail_emlmessage_owner_id_934a5f8f ON public.massmail_emlmessage USING btree (owner_id);


--
-- Name: massmail_emlmessage_signature_id_4d53eae3; Type: INDEX; Schema: public; Owner: vaflaly
--

CREATE INDEX massmail_emlmessage_signature_id_4d53eae3 ON public.massmail_emlmessage USING btree (signature_id);


--
-- Name: massmail_mailingout_content_type_id_d46a2d8d; Type: INDEX; Schema: public; Owner: vaflaly
--

CREATE INDEX massmail_mailingout_content_type_id_d46a2d8d ON public.massmail_mailingout USING btree (content_type_id);


--
-- Name: massmail_mailingout_department_id_2f6d24bd; Type: INDEX; Schema: public; Owner: vaflaly
--

CREATE INDEX massmail_mailingout_department_id_2f6d24bd ON public.massmail_mailingout USING btree (department_id);


--
-- Name: massmail_mailingout_message_id_0a8aa36b; Type: INDEX; Schema: public; Owner: vaflaly
--

CREATE INDEX massmail_mailingout_message_id_0a8aa36b ON public.massmail_mailingout USING btree (message_id);


--
-- Name: massmail_mailingout_modified_by_id_6e32dd2f; Type: INDEX; Schema: public; Owner: vaflaly
--

CREATE INDEX massmail_mailingout_modified_by_id_6e32dd2f ON public.massmail_mailingout USING btree (modified_by_id);


--
-- Name: massmail_mailingout_owner_id_d33a274c; Type: INDEX; Schema: public; Owner: vaflaly
--

CREATE INDEX massmail_mailingout_owner_id_d33a274c ON public.massmail_mailingout USING btree (owner_id);


--
-- Name: massmail_masscontact_content_type_id_d9ad939d; Type: INDEX; Schema: public; Owner: vaflaly
--

CREATE INDEX massmail_masscontact_content_type_id_d9ad939d ON public.massmail_masscontact USING btree (content_type_id);


--
-- Name: massmail_masscontact_email_account_id_13581f79; Type: INDEX; Schema: public; Owner: vaflaly
--

CREATE INDEX massmail_masscontact_email_account_id_13581f79 ON public.massmail_masscontact USING btree (email_account_id);


--
-- Name: massmail_masscontact_object_id_ddddb1de; Type: INDEX; Schema: public; Owner: vaflaly
--

CREATE INDEX massmail_masscontact_object_id_ddddb1de ON public.massmail_masscontact USING btree (object_id);


--
-- Name: massmail_signature_department_id_a5d4b019; Type: INDEX; Schema: public; Owner: vaflaly
--

CREATE INDEX massmail_signature_department_id_a5d4b019 ON public.massmail_signature USING btree (department_id);


--
-- Name: massmail_signature_modified_by_id_01f14187; Type: INDEX; Schema: public; Owner: vaflaly
--

CREATE INDEX massmail_signature_modified_by_id_01f14187 ON public.massmail_signature USING btree (modified_by_id);


--
-- Name: massmail_signature_owner_id_8b94a28f; Type: INDEX; Schema: public; Owner: vaflaly
--

CREATE INDEX massmail_signature_owner_id_8b94a28f ON public.massmail_signature USING btree (owner_id);


--
-- Name: settings_bannedcompanyname_name_743a0f7f_like; Type: INDEX; Schema: public; Owner: vaflaly
--

CREATE INDEX settings_bannedcompanyname_name_743a0f7f_like ON public.settings_bannedcompanyname USING btree (name varchar_pattern_ops);


--
-- Name: settings_publicemaildomain_domain_4fd85aac_like; Type: INDEX; Schema: public; Owner: vaflaly
--

CREATE INDEX settings_publicemaildomain_domain_4fd85aac_like ON public.settings_publicemaildomain USING btree (domain varchar_pattern_ops);


--
-- Name: settings_stopphrase_phrase_892d854b_like; Type: INDEX; Schema: public; Owner: vaflaly
--

CREATE INDEX settings_stopphrase_phrase_892d854b_like ON public.settings_stopphrase USING btree (phrase varchar_pattern_ops);


--
-- Name: tasks_memo_deal_id_20785383; Type: INDEX; Schema: public; Owner: vaflaly
--

CREATE INDEX tasks_memo_deal_id_20785383 ON public.tasks_memo USING btree (deal_id);


--
-- Name: tasks_memo_modified_by_id_55079c21; Type: INDEX; Schema: public; Owner: vaflaly
--

CREATE INDEX tasks_memo_modified_by_id_55079c21 ON public.tasks_memo USING btree (modified_by_id);


--
-- Name: tasks_memo_notified_subscribers_memo_id_fdaeddcb; Type: INDEX; Schema: public; Owner: vaflaly
--

CREATE INDEX tasks_memo_notified_subscribers_memo_id_fdaeddcb ON public.tasks_memo_notified_subscribers USING btree (memo_id);


--
-- Name: tasks_memo_notified_subscribers_user_id_19972cde; Type: INDEX; Schema: public; Owner: vaflaly
--

CREATE INDEX tasks_memo_notified_subscribers_user_id_19972cde ON public.tasks_memo_notified_subscribers USING btree (user_id);


--
-- Name: tasks_memo_owner_id_5aaf7cd9; Type: INDEX; Schema: public; Owner: vaflaly
--

CREATE INDEX tasks_memo_owner_id_5aaf7cd9 ON public.tasks_memo USING btree (owner_id);


--
-- Name: tasks_memo_project_id_5dfdedf3; Type: INDEX; Schema: public; Owner: vaflaly
--

CREATE INDEX tasks_memo_project_id_5dfdedf3 ON public.tasks_memo USING btree (project_id);


--
-- Name: tasks_memo_resolution_id_9b1e9a50; Type: INDEX; Schema: public; Owner: vaflaly
--

CREATE INDEX tasks_memo_resolution_id_9b1e9a50 ON public.tasks_memo USING btree (resolution_id);


--
-- Name: tasks_memo_subscribers_memo_id_07ebe57d; Type: INDEX; Schema: public; Owner: vaflaly
--

CREATE INDEX tasks_memo_subscribers_memo_id_07ebe57d ON public.tasks_memo_subscribers USING btree (memo_id);


--
-- Name: tasks_memo_subscribers_user_id_94a5ab7a; Type: INDEX; Schema: public; Owner: vaflaly
--

CREATE INDEX tasks_memo_subscribers_user_id_94a5ab7a ON public.tasks_memo_subscribers USING btree (user_id);


--
-- Name: tasks_memo_tags_memo_id_68fee3ea; Type: INDEX; Schema: public; Owner: vaflaly
--

CREATE INDEX tasks_memo_tags_memo_id_68fee3ea ON public.tasks_memo_tags USING btree (memo_id);


--
-- Name: tasks_memo_tags_tag_id_05d212d7; Type: INDEX; Schema: public; Owner: vaflaly
--

CREATE INDEX tasks_memo_tags_tag_id_05d212d7 ON public.tasks_memo_tags USING btree (tag_id);


--
-- Name: tasks_memo_task_id_3539c234; Type: INDEX; Schema: public; Owner: vaflaly
--

CREATE INDEX tasks_memo_task_id_3539c234 ON public.tasks_memo USING btree (task_id);


--
-- Name: tasks_memo_to_id_f9b7700d; Type: INDEX; Schema: public; Owner: vaflaly
--

CREATE INDEX tasks_memo_to_id_f9b7700d ON public.tasks_memo USING btree (to_id);


--
-- Name: tasks_project_co_owner_id_77e4d5af; Type: INDEX; Schema: public; Owner: vaflaly
--

CREATE INDEX tasks_project_co_owner_id_77e4d5af ON public.tasks_project USING btree (co_owner_id);


--
-- Name: tasks_project_modified_by_id_d578e5e9; Type: INDEX; Schema: public; Owner: vaflaly
--

CREATE INDEX tasks_project_modified_by_id_d578e5e9 ON public.tasks_project USING btree (modified_by_id);


--
-- Name: tasks_project_notified_responsible_project_id_d8feb05d; Type: INDEX; Schema: public; Owner: vaflaly
--

CREATE INDEX tasks_project_notified_responsible_project_id_d8feb05d ON public.tasks_project_notified_responsible USING btree (project_id);


--
-- Name: tasks_project_notified_responsible_user_id_ab30840a; Type: INDEX; Schema: public; Owner: vaflaly
--

CREATE INDEX tasks_project_notified_responsible_user_id_ab30840a ON public.tasks_project_notified_responsible USING btree (user_id);


--
-- Name: tasks_project_notified_subscribers_project_id_fc7dd829; Type: INDEX; Schema: public; Owner: vaflaly
--

CREATE INDEX tasks_project_notified_subscribers_project_id_fc7dd829 ON public.tasks_project_notified_subscribers USING btree (project_id);


--
-- Name: tasks_project_notified_subscribers_user_id_1031c72e; Type: INDEX; Schema: public; Owner: vaflaly
--

CREATE INDEX tasks_project_notified_subscribers_user_id_1031c72e ON public.tasks_project_notified_subscribers USING btree (user_id);


--
-- Name: tasks_project_owner_id_ce07be61; Type: INDEX; Schema: public; Owner: vaflaly
--

CREATE INDEX tasks_project_owner_id_ce07be61 ON public.tasks_project USING btree (owner_id);


--
-- Name: tasks_project_responsible_project_id_f8c789fc; Type: INDEX; Schema: public; Owner: vaflaly
--

CREATE INDEX tasks_project_responsible_project_id_f8c789fc ON public.tasks_project_responsible USING btree (project_id);


--
-- Name: tasks_project_responsible_user_id_b32b169c; Type: INDEX; Schema: public; Owner: vaflaly
--

CREATE INDEX tasks_project_responsible_user_id_b32b169c ON public.tasks_project_responsible USING btree (user_id);


--
-- Name: tasks_project_stage_id_00b37259; Type: INDEX; Schema: public; Owner: vaflaly
--

CREATE INDEX tasks_project_stage_id_00b37259 ON public.tasks_project USING btree (stage_id);


--
-- Name: tasks_project_subscribers_project_id_cf2ad972; Type: INDEX; Schema: public; Owner: vaflaly
--

CREATE INDEX tasks_project_subscribers_project_id_cf2ad972 ON public.tasks_project_subscribers USING btree (project_id);


--
-- Name: tasks_project_subscribers_user_id_974e3efb; Type: INDEX; Schema: public; Owner: vaflaly
--

CREATE INDEX tasks_project_subscribers_user_id_974e3efb ON public.tasks_project_subscribers USING btree (user_id);


--
-- Name: tasks_project_tags_project_id_dce240ed; Type: INDEX; Schema: public; Owner: vaflaly
--

CREATE INDEX tasks_project_tags_project_id_dce240ed ON public.tasks_project_tags USING btree (project_id);


--
-- Name: tasks_project_tags_tag_id_9d4f7a1d; Type: INDEX; Schema: public; Owner: vaflaly
--

CREATE INDEX tasks_project_tags_tag_id_9d4f7a1d ON public.tasks_project_tags USING btree (tag_id);


--
-- Name: tasks_project_token_2a7ed525_like; Type: INDEX; Schema: public; Owner: vaflaly
--

CREATE INDEX tasks_project_token_2a7ed525_like ON public.tasks_project USING btree (token varchar_pattern_ops);


--
-- Name: tasks_tag_for_content_id_d77da0d5; Type: INDEX; Schema: public; Owner: vaflaly
--

CREATE INDEX tasks_tag_for_content_id_d77da0d5 ON public.tasks_tag USING btree (for_content_id);


--
-- Name: tasks_task_co_owner_id_32424a4d; Type: INDEX; Schema: public; Owner: vaflaly
--

CREATE INDEX tasks_task_co_owner_id_32424a4d ON public.tasks_task USING btree (co_owner_id);


--
-- Name: tasks_task_modified_by_id_85721a7e; Type: INDEX; Schema: public; Owner: vaflaly
--

CREATE INDEX tasks_task_modified_by_id_85721a7e ON public.tasks_task USING btree (modified_by_id);


--
-- Name: tasks_task_notified_responsible_task_id_20b7fe39; Type: INDEX; Schema: public; Owner: vaflaly
--

CREATE INDEX tasks_task_notified_responsible_task_id_20b7fe39 ON public.tasks_task_notified_responsible USING btree (task_id);


--
-- Name: tasks_task_notified_responsible_user_id_c2aef4e0; Type: INDEX; Schema: public; Owner: vaflaly
--

CREATE INDEX tasks_task_notified_responsible_user_id_c2aef4e0 ON public.tasks_task_notified_responsible USING btree (user_id);


--
-- Name: tasks_task_notified_subscribers_task_id_f22c64d4; Type: INDEX; Schema: public; Owner: vaflaly
--

CREATE INDEX tasks_task_notified_subscribers_task_id_f22c64d4 ON public.tasks_task_notified_subscribers USING btree (task_id);


--
-- Name: tasks_task_notified_subscribers_user_id_d8b7e13d; Type: INDEX; Schema: public; Owner: vaflaly
--

CREATE INDEX tasks_task_notified_subscribers_user_id_d8b7e13d ON public.tasks_task_notified_subscribers USING btree (user_id);


--
-- Name: tasks_task_owner_id_db3dcc3e; Type: INDEX; Schema: public; Owner: vaflaly
--

CREATE INDEX tasks_task_owner_id_db3dcc3e ON public.tasks_task USING btree (owner_id);


--
-- Name: tasks_task_project_id_a2815f0c; Type: INDEX; Schema: public; Owner: vaflaly
--

CREATE INDEX tasks_task_project_id_a2815f0c ON public.tasks_task USING btree (project_id);


--
-- Name: tasks_task_responsible_task_id_d4d87c4f; Type: INDEX; Schema: public; Owner: vaflaly
--

CREATE INDEX tasks_task_responsible_task_id_d4d87c4f ON public.tasks_task_responsible USING btree (task_id);


--
-- Name: tasks_task_responsible_user_id_0228e65c; Type: INDEX; Schema: public; Owner: vaflaly
--

CREATE INDEX tasks_task_responsible_user_id_0228e65c ON public.tasks_task_responsible USING btree (user_id);


--
-- Name: tasks_task_stage_id_967f2c97; Type: INDEX; Schema: public; Owner: vaflaly
--

CREATE INDEX tasks_task_stage_id_967f2c97 ON public.tasks_task USING btree (stage_id);


--
-- Name: tasks_task_subscribers_task_id_39c6d88e; Type: INDEX; Schema: public; Owner: vaflaly
--

CREATE INDEX tasks_task_subscribers_task_id_39c6d88e ON public.tasks_task_subscribers USING btree (task_id);


--
-- Name: tasks_task_subscribers_user_id_b58df6ca; Type: INDEX; Schema: public; Owner: vaflaly
--

CREATE INDEX tasks_task_subscribers_user_id_b58df6ca ON public.tasks_task_subscribers USING btree (user_id);


--
-- Name: tasks_task_tags_tag_id_dc501020; Type: INDEX; Schema: public; Owner: vaflaly
--

CREATE INDEX tasks_task_tags_tag_id_dc501020 ON public.tasks_task_tags USING btree (tag_id);


--
-- Name: tasks_task_tags_task_id_7f3deefe; Type: INDEX; Schema: public; Owner: vaflaly
--

CREATE INDEX tasks_task_tags_task_id_7f3deefe ON public.tasks_task_tags USING btree (task_id);


--
-- Name: tasks_task_task_id_180f9f06; Type: INDEX; Schema: public; Owner: vaflaly
--

CREATE INDEX tasks_task_task_id_180f9f06 ON public.tasks_task USING btree (task_id);


--
-- Name: tasks_task_token_6094f8e4_like; Type: INDEX; Schema: public; Owner: vaflaly
--

CREATE INDEX tasks_task_token_6094f8e4_like ON public.tasks_task USING btree (token varchar_pattern_ops);


--
-- Name: voip_connection_owner_id_1a7e993e; Type: INDEX; Schema: public; Owner: vaflaly
--

CREATE INDEX voip_connection_owner_id_1a7e993e ON public.voip_connection USING btree (owner_id);


--
-- Name: analytics_incomestatsnapshot analytics_incomestat_department_id_76de15cd_fk_auth_grou; Type: FK CONSTRAINT; Schema: public; Owner: vaflaly
--

ALTER TABLE ONLY public.analytics_incomestatsnapshot
    ADD CONSTRAINT analytics_incomestat_department_id_76de15cd_fk_auth_grou FOREIGN KEY (department_id) REFERENCES public.auth_group(id) DEFERRABLE INITIALLY DEFERRED;


--
-- Name: analytics_incomestatsnapshot analytics_incomestat_modified_by_id_7710e110_fk_auth_user; Type: FK CONSTRAINT; Schema: public; Owner: vaflaly
--

ALTER TABLE ONLY public.analytics_incomestatsnapshot
    ADD CONSTRAINT analytics_incomestat_modified_by_id_7710e110_fk_auth_user FOREIGN KEY (modified_by_id) REFERENCES public.auth_user(id) DEFERRABLE INITIALLY DEFERRED;


--
-- Name: analytics_incomestatsnapshot analytics_incomestatsnapshot_owner_id_58dc0ce5_fk_auth_user_id; Type: FK CONSTRAINT; Schema: public; Owner: vaflaly
--

ALTER TABLE ONLY public.analytics_incomestatsnapshot
    ADD CONSTRAINT analytics_incomestatsnapshot_owner_id_58dc0ce5_fk_auth_user_id FOREIGN KEY (owner_id) REFERENCES public.auth_user(id) DEFERRABLE INITIALLY DEFERRED;


--
-- Name: auth_group_permissions auth_group_permissio_permission_id_84c5c92e_fk_auth_perm; Type: FK CONSTRAINT; Schema: public; Owner: vaflaly
--

ALTER TABLE ONLY public.auth_group_permissions
    ADD CONSTRAINT auth_group_permissio_permission_id_84c5c92e_fk_auth_perm FOREIGN KEY (permission_id) REFERENCES public.auth_permission(id) DEFERRABLE INITIALLY DEFERRED;


--
-- Name: auth_group_permissions auth_group_permissions_group_id_b120cbf9_fk_auth_group_id; Type: FK CONSTRAINT; Schema: public; Owner: vaflaly
--

ALTER TABLE ONLY public.auth_group_permissions
    ADD CONSTRAINT auth_group_permissions_group_id_b120cbf9_fk_auth_group_id FOREIGN KEY (group_id) REFERENCES public.auth_group(id) DEFERRABLE INITIALLY DEFERRED;


--
-- Name: auth_permission auth_permission_content_type_id_2f476e4b_fk_django_co; Type: FK CONSTRAINT; Schema: public; Owner: vaflaly
--

ALTER TABLE ONLY public.auth_permission
    ADD CONSTRAINT auth_permission_content_type_id_2f476e4b_fk_django_co FOREIGN KEY (content_type_id) REFERENCES public.django_content_type(id) DEFERRABLE INITIALLY DEFERRED;


--
-- Name: auth_user_groups auth_user_groups_group_id_97559544_fk_auth_group_id; Type: FK CONSTRAINT; Schema: public; Owner: vaflaly
--

ALTER TABLE ONLY public.auth_user_groups
    ADD CONSTRAINT auth_user_groups_group_id_97559544_fk_auth_group_id FOREIGN KEY (group_id) REFERENCES public.auth_group(id) DEFERRABLE INITIALLY DEFERRED;


--
-- Name: auth_user_groups auth_user_groups_user_id_6a12ed8b_fk_auth_user_id; Type: FK CONSTRAINT; Schema: public; Owner: vaflaly
--

ALTER TABLE ONLY public.auth_user_groups
    ADD CONSTRAINT auth_user_groups_user_id_6a12ed8b_fk_auth_user_id FOREIGN KEY (user_id) REFERENCES public.auth_user(id) DEFERRABLE INITIALLY DEFERRED;


--
-- Name: auth_user_user_permissions auth_user_user_permi_permission_id_1fbb5f2c_fk_auth_perm; Type: FK CONSTRAINT; Schema: public; Owner: vaflaly
--

ALTER TABLE ONLY public.auth_user_user_permissions
    ADD CONSTRAINT auth_user_user_permi_permission_id_1fbb5f2c_fk_auth_perm FOREIGN KEY (permission_id) REFERENCES public.auth_permission(id) DEFERRABLE INITIALLY DEFERRED;


--
-- Name: auth_user_user_permissions auth_user_user_permissions_user_id_a95ead1b_fk_auth_user_id; Type: FK CONSTRAINT; Schema: public; Owner: vaflaly
--

ALTER TABLE ONLY public.auth_user_user_permissions
    ADD CONSTRAINT auth_user_user_permissions_user_id_a95ead1b_fk_auth_user_id FOREIGN KEY (user_id) REFERENCES public.auth_user(id) DEFERRABLE INITIALLY DEFERRED;


--
-- Name: chat_chatmessage chat_chatmessage_answer_to_id_ebe929d0_fk_chat_chatmessage_id; Type: FK CONSTRAINT; Schema: public; Owner: vaflaly
--

ALTER TABLE ONLY public.chat_chatmessage
    ADD CONSTRAINT chat_chatmessage_answer_to_id_ebe929d0_fk_chat_chatmessage_id FOREIGN KEY (answer_to_id) REFERENCES public.chat_chatmessage(id) DEFERRABLE INITIALLY DEFERRED;


--
-- Name: chat_chatmessage chat_chatmessage_content_type_id_eb488bbc_fk_django_co; Type: FK CONSTRAINT; Schema: public; Owner: vaflaly
--

ALTER TABLE ONLY public.chat_chatmessage
    ADD CONSTRAINT chat_chatmessage_content_type_id_eb488bbc_fk_django_co FOREIGN KEY (content_type_id) REFERENCES public.django_content_type(id) DEFERRABLE INITIALLY DEFERRED;


--
-- Name: chat_chatmessage chat_chatmessage_owner_id_344dab54_fk_auth_user_id; Type: FK CONSTRAINT; Schema: public; Owner: vaflaly
--

ALTER TABLE ONLY public.chat_chatmessage
    ADD CONSTRAINT chat_chatmessage_owner_id_344dab54_fk_auth_user_id FOREIGN KEY (owner_id) REFERENCES public.auth_user(id) DEFERRABLE INITIALLY DEFERRED;


--
-- Name: chat_chatmessage_recipients chat_chatmessage_rec_chatmessage_id_f25770e6_fk_chat_chat; Type: FK CONSTRAINT; Schema: public; Owner: vaflaly
--

ALTER TABLE ONLY public.chat_chatmessage_recipients
    ADD CONSTRAINT chat_chatmessage_rec_chatmessage_id_f25770e6_fk_chat_chat FOREIGN KEY (chatmessage_id) REFERENCES public.chat_chatmessage(id) DEFERRABLE INITIALLY DEFERRED;


--
-- Name: chat_chatmessage_recipients chat_chatmessage_recipients_user_id_497cd9b4_fk_auth_user_id; Type: FK CONSTRAINT; Schema: public; Owner: vaflaly
--

ALTER TABLE ONLY public.chat_chatmessage_recipients
    ADD CONSTRAINT chat_chatmessage_recipients_user_id_497cd9b4_fk_auth_user_id FOREIGN KEY (user_id) REFERENCES public.auth_user(id) DEFERRABLE INITIALLY DEFERRED;


--
-- Name: chat_chatmessage_to chat_chatmessage_to_chatmessage_id_e9ba7362_fk_chat_chat; Type: FK CONSTRAINT; Schema: public; Owner: vaflaly
--

ALTER TABLE ONLY public.chat_chatmessage_to
    ADD CONSTRAINT chat_chatmessage_to_chatmessage_id_e9ba7362_fk_chat_chat FOREIGN KEY (chatmessage_id) REFERENCES public.chat_chatmessage(id) DEFERRABLE INITIALLY DEFERRED;


--
-- Name: chat_chatmessage_to chat_chatmessage_to_user_id_e048fc1d_fk_auth_user_id; Type: FK CONSTRAINT; Schema: public; Owner: vaflaly
--

ALTER TABLE ONLY public.chat_chatmessage_to
    ADD CONSTRAINT chat_chatmessage_to_user_id_e048fc1d_fk_auth_user_id FOREIGN KEY (user_id) REFERENCES public.auth_user(id) DEFERRABLE INITIALLY DEFERRED;


--
-- Name: chat_chatmessage chat_chatmessage_topic_id_6d8fb65b_fk_chat_chatmessage_id; Type: FK CONSTRAINT; Schema: public; Owner: vaflaly
--

ALTER TABLE ONLY public.chat_chatmessage
    ADD CONSTRAINT chat_chatmessage_topic_id_6d8fb65b_fk_chat_chatmessage_id FOREIGN KEY (topic_id) REFERENCES public.chat_chatmessage(id) DEFERRABLE INITIALLY DEFERRED;


--
-- Name: common_department common_department_default_country_id_96a4eddc_fk_crm_country_id; Type: FK CONSTRAINT; Schema: public; Owner: vaflaly
--

ALTER TABLE ONLY public.common_department
    ADD CONSTRAINT common_department_default_country_id_96a4eddc_fk_crm_country_id FOREIGN KEY (default_country_id) REFERENCES public.crm_country(id) DEFERRABLE INITIALLY DEFERRED;


--
-- Name: common_department common_department_default_currency_id_44a7c486_fk_crm_curre; Type: FK CONSTRAINT; Schema: public; Owner: vaflaly
--

ALTER TABLE ONLY public.common_department
    ADD CONSTRAINT common_department_default_currency_id_44a7c486_fk_crm_curre FOREIGN KEY (default_currency_id) REFERENCES public.crm_currency(id) DEFERRABLE INITIALLY DEFERRED;


--
-- Name: common_department common_department_group_ptr_id_3a0ce499_fk_auth_group_id; Type: FK CONSTRAINT; Schema: public; Owner: vaflaly
--

ALTER TABLE ONLY public.common_department
    ADD CONSTRAINT common_department_group_ptr_id_3a0ce499_fk_auth_group_id FOREIGN KEY (group_ptr_id) REFERENCES public.auth_group(id) DEFERRABLE INITIALLY DEFERRED;


--
-- Name: common_reminder common_reminder_content_type_id_8f14d050_fk_django_co; Type: FK CONSTRAINT; Schema: public; Owner: vaflaly
--

ALTER TABLE ONLY public.common_reminder
    ADD CONSTRAINT common_reminder_content_type_id_8f14d050_fk_django_co FOREIGN KEY (content_type_id) REFERENCES public.django_content_type(id) DEFERRABLE INITIALLY DEFERRED;


--
-- Name: common_reminder common_reminder_owner_id_a206a8da_fk_auth_user_id; Type: FK CONSTRAINT; Schema: public; Owner: vaflaly
--

ALTER TABLE ONLY public.common_reminder
    ADD CONSTRAINT common_reminder_owner_id_a206a8da_fk_auth_user_id FOREIGN KEY (owner_id) REFERENCES public.auth_user(id) DEFERRABLE INITIALLY DEFERRED;


--
-- Name: common_thefile common_thefile_content_type_id_345bb301_fk_django_co; Type: FK CONSTRAINT; Schema: public; Owner: vaflaly
--

ALTER TABLE ONLY public.common_thefile
    ADD CONSTRAINT common_thefile_content_type_id_345bb301_fk_django_co FOREIGN KEY (content_type_id) REFERENCES public.django_content_type(id) DEFERRABLE INITIALLY DEFERRED;


--
-- Name: common_userprofile common_userprofile_user_id_a45098cb_fk_auth_user_id; Type: FK CONSTRAINT; Schema: public; Owner: vaflaly
--

ALTER TABLE ONLY public.common_userprofile
    ADD CONSTRAINT common_userprofile_user_id_a45098cb_fk_auth_user_id FOREIGN KEY (user_id) REFERENCES public.auth_user(id) DEFERRABLE INITIALLY DEFERRED;


--
-- Name: crm_city crm_city_country_id_3791cd90_fk_crm_country_id; Type: FK CONSTRAINT; Schema: public; Owner: vaflaly
--

ALTER TABLE ONLY public.crm_city
    ADD CONSTRAINT crm_city_country_id_3791cd90_fk_crm_country_id FOREIGN KEY (country_id) REFERENCES public.crm_country(id) DEFERRABLE INITIALLY DEFERRED;


--
-- Name: crm_clienttype crm_clienttype_department_id_8cb029d3_fk_auth_group_id; Type: FK CONSTRAINT; Schema: public; Owner: vaflaly
--

ALTER TABLE ONLY public.crm_clienttype
    ADD CONSTRAINT crm_clienttype_department_id_8cb029d3_fk_auth_group_id FOREIGN KEY (department_id) REFERENCES public.auth_group(id) DEFERRABLE INITIALLY DEFERRED;


--
-- Name: crm_closingreason crm_closingreason_department_id_063c72af_fk_auth_group_id; Type: FK CONSTRAINT; Schema: public; Owner: vaflaly
--

ALTER TABLE ONLY public.crm_closingreason
    ADD CONSTRAINT crm_closingreason_department_id_063c72af_fk_auth_group_id FOREIGN KEY (department_id) REFERENCES public.auth_group(id) DEFERRABLE INITIALLY DEFERRED;


--
-- Name: crm_company crm_company_city_id_69a5657c_fk_crm_city_id; Type: FK CONSTRAINT; Schema: public; Owner: vaflaly
--

ALTER TABLE ONLY public.crm_company
    ADD CONSTRAINT crm_company_city_id_69a5657c_fk_crm_city_id FOREIGN KEY (city_id) REFERENCES public.crm_city(id) DEFERRABLE INITIALLY DEFERRED;


--
-- Name: crm_company crm_company_country_id_e9a3604c_fk_crm_country_id; Type: FK CONSTRAINT; Schema: public; Owner: vaflaly
--

ALTER TABLE ONLY public.crm_company
    ADD CONSTRAINT crm_company_country_id_e9a3604c_fk_crm_country_id FOREIGN KEY (country_id) REFERENCES public.crm_country(id) DEFERRABLE INITIALLY DEFERRED;


--
-- Name: crm_company crm_company_department_id_90aac0d6_fk_auth_group_id; Type: FK CONSTRAINT; Schema: public; Owner: vaflaly
--

ALTER TABLE ONLY public.crm_company
    ADD CONSTRAINT crm_company_department_id_90aac0d6_fk_auth_group_id FOREIGN KEY (department_id) REFERENCES public.auth_group(id) DEFERRABLE INITIALLY DEFERRED;


--
-- Name: crm_company_industry crm_company_industry_company_id_5d01fd6a_fk_crm_company_id; Type: FK CONSTRAINT; Schema: public; Owner: vaflaly
--

ALTER TABLE ONLY public.crm_company_industry
    ADD CONSTRAINT crm_company_industry_company_id_5d01fd6a_fk_crm_company_id FOREIGN KEY (company_id) REFERENCES public.crm_company(id) DEFERRABLE INITIALLY DEFERRED;


--
-- Name: crm_company_industry crm_company_industry_industry_id_81d06898_fk_crm_industry_id; Type: FK CONSTRAINT; Schema: public; Owner: vaflaly
--

ALTER TABLE ONLY public.crm_company_industry
    ADD CONSTRAINT crm_company_industry_industry_id_81d06898_fk_crm_industry_id FOREIGN KEY (industry_id) REFERENCES public.crm_industry(id) DEFERRABLE INITIALLY DEFERRED;


--
-- Name: crm_company crm_company_lead_source_id_dd228f25_fk_crm_leadsource_id; Type: FK CONSTRAINT; Schema: public; Owner: vaflaly
--

ALTER TABLE ONLY public.crm_company
    ADD CONSTRAINT crm_company_lead_source_id_dd228f25_fk_crm_leadsource_id FOREIGN KEY (lead_source_id) REFERENCES public.crm_leadsource(id) DEFERRABLE INITIALLY DEFERRED;


--
-- Name: crm_company crm_company_modified_by_id_312b16f4_fk_auth_user_id; Type: FK CONSTRAINT; Schema: public; Owner: vaflaly
--

ALTER TABLE ONLY public.crm_company
    ADD CONSTRAINT crm_company_modified_by_id_312b16f4_fk_auth_user_id FOREIGN KEY (modified_by_id) REFERENCES public.auth_user(id) DEFERRABLE INITIALLY DEFERRED;


--
-- Name: crm_company crm_company_owner_id_a25b9c7d_fk_auth_user_id; Type: FK CONSTRAINT; Schema: public; Owner: vaflaly
--

ALTER TABLE ONLY public.crm_company
    ADD CONSTRAINT crm_company_owner_id_a25b9c7d_fk_auth_user_id FOREIGN KEY (owner_id) REFERENCES public.auth_user(id) DEFERRABLE INITIALLY DEFERRED;


--
-- Name: crm_company_tags crm_company_tags_company_id_a6194cbf_fk_crm_company_id; Type: FK CONSTRAINT; Schema: public; Owner: vaflaly
--

ALTER TABLE ONLY public.crm_company_tags
    ADD CONSTRAINT crm_company_tags_company_id_a6194cbf_fk_crm_company_id FOREIGN KEY (company_id) REFERENCES public.crm_company(id) DEFERRABLE INITIALLY DEFERRED;


--
-- Name: crm_company_tags crm_company_tags_tag_id_635170d1_fk_crm_tag_id; Type: FK CONSTRAINT; Schema: public; Owner: vaflaly
--

ALTER TABLE ONLY public.crm_company_tags
    ADD CONSTRAINT crm_company_tags_tag_id_635170d1_fk_crm_tag_id FOREIGN KEY (tag_id) REFERENCES public.crm_tag(id) DEFERRABLE INITIALLY DEFERRED;


--
-- Name: crm_company crm_company_type_id_aacca403_fk_crm_clienttype_id; Type: FK CONSTRAINT; Schema: public; Owner: vaflaly
--

ALTER TABLE ONLY public.crm_company
    ADD CONSTRAINT crm_company_type_id_aacca403_fk_crm_clienttype_id FOREIGN KEY (type_id) REFERENCES public.crm_clienttype(id) DEFERRABLE INITIALLY DEFERRED;


--
-- Name: crm_contact crm_contact_city_id_fb95232b_fk_crm_city_id; Type: FK CONSTRAINT; Schema: public; Owner: vaflaly
--

ALTER TABLE ONLY public.crm_contact
    ADD CONSTRAINT crm_contact_city_id_fb95232b_fk_crm_city_id FOREIGN KEY (city_id) REFERENCES public.crm_city(id) DEFERRABLE INITIALLY DEFERRED;


--
-- Name: crm_contact crm_contact_company_id_5104bcf2_fk_crm_company_id; Type: FK CONSTRAINT; Schema: public; Owner: vaflaly
--

ALTER TABLE ONLY public.crm_contact
    ADD CONSTRAINT crm_contact_company_id_5104bcf2_fk_crm_company_id FOREIGN KEY (company_id) REFERENCES public.crm_company(id) DEFERRABLE INITIALLY DEFERRED;


--
-- Name: crm_contact crm_contact_country_id_fdeb00dc_fk_crm_country_id; Type: FK CONSTRAINT; Schema: public; Owner: vaflaly
--

ALTER TABLE ONLY public.crm_contact
    ADD CONSTRAINT crm_contact_country_id_fdeb00dc_fk_crm_country_id FOREIGN KEY (country_id) REFERENCES public.crm_country(id) DEFERRABLE INITIALLY DEFERRED;


--
-- Name: crm_contact crm_contact_department_id_feca2305_fk_auth_group_id; Type: FK CONSTRAINT; Schema: public; Owner: vaflaly
--

ALTER TABLE ONLY public.crm_contact
    ADD CONSTRAINT crm_contact_department_id_feca2305_fk_auth_group_id FOREIGN KEY (department_id) REFERENCES public.auth_group(id) DEFERRABLE INITIALLY DEFERRED;


--
-- Name: crm_contact crm_contact_lead_source_id_aeb0661f_fk_crm_leadsource_id; Type: FK CONSTRAINT; Schema: public; Owner: vaflaly
--

ALTER TABLE ONLY public.crm_contact
    ADD CONSTRAINT crm_contact_lead_source_id_aeb0661f_fk_crm_leadsource_id FOREIGN KEY (lead_source_id) REFERENCES public.crm_leadsource(id) DEFERRABLE INITIALLY DEFERRED;


--
-- Name: crm_contact crm_contact_modified_by_id_1ea611c8_fk_auth_user_id; Type: FK CONSTRAINT; Schema: public; Owner: vaflaly
--

ALTER TABLE ONLY public.crm_contact
    ADD CONSTRAINT crm_contact_modified_by_id_1ea611c8_fk_auth_user_id FOREIGN KEY (modified_by_id) REFERENCES public.auth_user(id) DEFERRABLE INITIALLY DEFERRED;


--
-- Name: crm_contact crm_contact_owner_id_11e5a0f0_fk_auth_user_id; Type: FK CONSTRAINT; Schema: public; Owner: vaflaly
--

ALTER TABLE ONLY public.crm_contact
    ADD CONSTRAINT crm_contact_owner_id_11e5a0f0_fk_auth_user_id FOREIGN KEY (owner_id) REFERENCES public.auth_user(id) DEFERRABLE INITIALLY DEFERRED;


--
-- Name: crm_contact_tags crm_contact_tags_contact_id_d3af1cc9_fk_crm_contact_id; Type: FK CONSTRAINT; Schema: public; Owner: vaflaly
--

ALTER TABLE ONLY public.crm_contact_tags
    ADD CONSTRAINT crm_contact_tags_contact_id_d3af1cc9_fk_crm_contact_id FOREIGN KEY (contact_id) REFERENCES public.crm_contact(id) DEFERRABLE INITIALLY DEFERRED;


--
-- Name: crm_contact_tags crm_contact_tags_tag_id_65d06b79_fk_crm_tag_id; Type: FK CONSTRAINT; Schema: public; Owner: vaflaly
--

ALTER TABLE ONLY public.crm_contact_tags
    ADD CONSTRAINT crm_contact_tags_tag_id_65d06b79_fk_crm_tag_id FOREIGN KEY (tag_id) REFERENCES public.crm_tag(id) DEFERRABLE INITIALLY DEFERRED;


--
-- Name: crm_crmemail crm_crmemail_company_id_69fb43a2_fk_crm_company_id; Type: FK CONSTRAINT; Schema: public; Owner: vaflaly
--

ALTER TABLE ONLY public.crm_crmemail
    ADD CONSTRAINT crm_crmemail_company_id_69fb43a2_fk_crm_company_id FOREIGN KEY (company_id) REFERENCES public.crm_company(id) DEFERRABLE INITIALLY DEFERRED;


--
-- Name: crm_crmemail crm_crmemail_contact_id_d2d2a341_fk_crm_contact_id; Type: FK CONSTRAINT; Schema: public; Owner: vaflaly
--

ALTER TABLE ONLY public.crm_crmemail
    ADD CONSTRAINT crm_crmemail_contact_id_d2d2a341_fk_crm_contact_id FOREIGN KEY (contact_id) REFERENCES public.crm_contact(id) DEFERRABLE INITIALLY DEFERRED;


--
-- Name: crm_crmemail crm_crmemail_deal_id_4357b455_fk_crm_deal_id; Type: FK CONSTRAINT; Schema: public; Owner: vaflaly
--

ALTER TABLE ONLY public.crm_crmemail
    ADD CONSTRAINT crm_crmemail_deal_id_4357b455_fk_crm_deal_id FOREIGN KEY (deal_id) REFERENCES public.crm_deal(id) DEFERRABLE INITIALLY DEFERRED;


--
-- Name: crm_crmemail crm_crmemail_department_id_88451d0c_fk_auth_group_id; Type: FK CONSTRAINT; Schema: public; Owner: vaflaly
--

ALTER TABLE ONLY public.crm_crmemail
    ADD CONSTRAINT crm_crmemail_department_id_88451d0c_fk_auth_group_id FOREIGN KEY (department_id) REFERENCES public.auth_group(id) DEFERRABLE INITIALLY DEFERRED;


--
-- Name: crm_crmemail crm_crmemail_lead_id_61606d4b_fk_crm_lead_id; Type: FK CONSTRAINT; Schema: public; Owner: vaflaly
--

ALTER TABLE ONLY public.crm_crmemail
    ADD CONSTRAINT crm_crmemail_lead_id_61606d4b_fk_crm_lead_id FOREIGN KEY (lead_id) REFERENCES public.crm_lead(id) DEFERRABLE INITIALLY DEFERRED;


--
-- Name: crm_crmemail crm_crmemail_modified_by_id_45ca0775_fk_auth_user_id; Type: FK CONSTRAINT; Schema: public; Owner: vaflaly
--

ALTER TABLE ONLY public.crm_crmemail
    ADD CONSTRAINT crm_crmemail_modified_by_id_45ca0775_fk_auth_user_id FOREIGN KEY (modified_by_id) REFERENCES public.auth_user(id) DEFERRABLE INITIALLY DEFERRED;


--
-- Name: crm_crmemail crm_crmemail_owner_id_3b903780_fk_auth_user_id; Type: FK CONSTRAINT; Schema: public; Owner: vaflaly
--

ALTER TABLE ONLY public.crm_crmemail
    ADD CONSTRAINT crm_crmemail_owner_id_3b903780_fk_auth_user_id FOREIGN KEY (owner_id) REFERENCES public.auth_user(id) DEFERRABLE INITIALLY DEFERRED;


--
-- Name: crm_crmemail crm_crmemail_request_id_99a97c81_fk_crm_request_id; Type: FK CONSTRAINT; Schema: public; Owner: vaflaly
--

ALTER TABLE ONLY public.crm_crmemail
    ADD CONSTRAINT crm_crmemail_request_id_99a97c81_fk_crm_request_id FOREIGN KEY (request_id) REFERENCES public.crm_request(id) DEFERRABLE INITIALLY DEFERRED;


--
-- Name: crm_crmemail crm_crmemail_signature_id_78684081_fk_massmail_signature_id; Type: FK CONSTRAINT; Schema: public; Owner: vaflaly
--

ALTER TABLE ONLY public.crm_crmemail
    ADD CONSTRAINT crm_crmemail_signature_id_78684081_fk_massmail_signature_id FOREIGN KEY (signature_id) REFERENCES public.massmail_signature(id) DEFERRABLE INITIALLY DEFERRED;


--
-- Name: crm_deal crm_deal_city_id_d5ee0e5b_fk_crm_city_id; Type: FK CONSTRAINT; Schema: public; Owner: vaflaly
--

ALTER TABLE ONLY public.crm_deal
    ADD CONSTRAINT crm_deal_city_id_d5ee0e5b_fk_crm_city_id FOREIGN KEY (city_id) REFERENCES public.crm_city(id) DEFERRABLE INITIALLY DEFERRED;


--
-- Name: crm_deal crm_deal_closing_reason_id_68b8ca67_fk_crm_closingreason_id; Type: FK CONSTRAINT; Schema: public; Owner: vaflaly
--

ALTER TABLE ONLY public.crm_deal
    ADD CONSTRAINT crm_deal_closing_reason_id_68b8ca67_fk_crm_closingreason_id FOREIGN KEY (closing_reason_id) REFERENCES public.crm_closingreason(id) DEFERRABLE INITIALLY DEFERRED;


--
-- Name: crm_deal crm_deal_co_owner_id_eb98caca_fk_auth_user_id; Type: FK CONSTRAINT; Schema: public; Owner: vaflaly
--

ALTER TABLE ONLY public.crm_deal
    ADD CONSTRAINT crm_deal_co_owner_id_eb98caca_fk_auth_user_id FOREIGN KEY (co_owner_id) REFERENCES public.auth_user(id) DEFERRABLE INITIALLY DEFERRED;


--
-- Name: crm_deal crm_deal_company_id_5f13cebb_fk_crm_company_id; Type: FK CONSTRAINT; Schema: public; Owner: vaflaly
--

ALTER TABLE ONLY public.crm_deal
    ADD CONSTRAINT crm_deal_company_id_5f13cebb_fk_crm_company_id FOREIGN KEY (company_id) REFERENCES public.crm_company(id) DEFERRABLE INITIALLY DEFERRED;


--
-- Name: crm_deal crm_deal_contact_id_d06c1407_fk_crm_contact_id; Type: FK CONSTRAINT; Schema: public; Owner: vaflaly
--

ALTER TABLE ONLY public.crm_deal
    ADD CONSTRAINT crm_deal_contact_id_d06c1407_fk_crm_contact_id FOREIGN KEY (contact_id) REFERENCES public.crm_contact(id) DEFERRABLE INITIALLY DEFERRED;


--
-- Name: crm_deal crm_deal_country_id_b7a2f075_fk_crm_country_id; Type: FK CONSTRAINT; Schema: public; Owner: vaflaly
--

ALTER TABLE ONLY public.crm_deal
    ADD CONSTRAINT crm_deal_country_id_b7a2f075_fk_crm_country_id FOREIGN KEY (country_id) REFERENCES public.crm_country(id) DEFERRABLE INITIALLY DEFERRED;


--
-- Name: crm_deal crm_deal_currency_id_7c7ffd7b_fk_crm_currency_id; Type: FK CONSTRAINT; Schema: public; Owner: vaflaly
--

ALTER TABLE ONLY public.crm_deal
    ADD CONSTRAINT crm_deal_currency_id_7c7ffd7b_fk_crm_currency_id FOREIGN KEY (currency_id) REFERENCES public.crm_currency(id) DEFERRABLE INITIALLY DEFERRED;


--
-- Name: crm_deal crm_deal_department_id_57f67262_fk_auth_group_id; Type: FK CONSTRAINT; Schema: public; Owner: vaflaly
--

ALTER TABLE ONLY public.crm_deal
    ADD CONSTRAINT crm_deal_department_id_57f67262_fk_auth_group_id FOREIGN KEY (department_id) REFERENCES public.auth_group(id) DEFERRABLE INITIALLY DEFERRED;


--
-- Name: crm_deal crm_deal_lead_id_734d9686_fk_crm_lead_id; Type: FK CONSTRAINT; Schema: public; Owner: vaflaly
--

ALTER TABLE ONLY public.crm_deal
    ADD CONSTRAINT crm_deal_lead_id_734d9686_fk_crm_lead_id FOREIGN KEY (lead_id) REFERENCES public.crm_lead(id) DEFERRABLE INITIALLY DEFERRED;


--
-- Name: crm_deal crm_deal_modified_by_id_628881f6_fk_auth_user_id; Type: FK CONSTRAINT; Schema: public; Owner: vaflaly
--

ALTER TABLE ONLY public.crm_deal
    ADD CONSTRAINT crm_deal_modified_by_id_628881f6_fk_auth_user_id FOREIGN KEY (modified_by_id) REFERENCES public.auth_user(id) DEFERRABLE INITIALLY DEFERRED;


--
-- Name: crm_deal crm_deal_owner_id_81e384bc_fk_auth_user_id; Type: FK CONSTRAINT; Schema: public; Owner: vaflaly
--

ALTER TABLE ONLY public.crm_deal
    ADD CONSTRAINT crm_deal_owner_id_81e384bc_fk_auth_user_id FOREIGN KEY (owner_id) REFERENCES public.auth_user(id) DEFERRABLE INITIALLY DEFERRED;


--
-- Name: crm_deal crm_deal_partner_contact_id_0a961512_fk_crm_contact_id; Type: FK CONSTRAINT; Schema: public; Owner: vaflaly
--

ALTER TABLE ONLY public.crm_deal
    ADD CONSTRAINT crm_deal_partner_contact_id_0a961512_fk_crm_contact_id FOREIGN KEY (partner_contact_id) REFERENCES public.crm_contact(id) DEFERRABLE INITIALLY DEFERRED;


--
-- Name: crm_deal crm_deal_request_id_0cd37e8b_fk_crm_request_id; Type: FK CONSTRAINT; Schema: public; Owner: vaflaly
--

ALTER TABLE ONLY public.crm_deal
    ADD CONSTRAINT crm_deal_request_id_0cd37e8b_fk_crm_request_id FOREIGN KEY (request_id) REFERENCES public.crm_request(id) DEFERRABLE INITIALLY DEFERRED;


--
-- Name: crm_deal crm_deal_stage_id_576166c2_fk_crm_stage_id; Type: FK CONSTRAINT; Schema: public; Owner: vaflaly
--

ALTER TABLE ONLY public.crm_deal
    ADD CONSTRAINT crm_deal_stage_id_576166c2_fk_crm_stage_id FOREIGN KEY (stage_id) REFERENCES public.crm_stage(id) DEFERRABLE INITIALLY DEFERRED;


--
-- Name: crm_deal_tags crm_deal_tags_deal_id_40cc61c2_fk_crm_deal_id; Type: FK CONSTRAINT; Schema: public; Owner: vaflaly
--

ALTER TABLE ONLY public.crm_deal_tags
    ADD CONSTRAINT crm_deal_tags_deal_id_40cc61c2_fk_crm_deal_id FOREIGN KEY (deal_id) REFERENCES public.crm_deal(id) DEFERRABLE INITIALLY DEFERRED;


--
-- Name: crm_deal_tags crm_deal_tags_tag_id_1a3d63df_fk_crm_tag_id; Type: FK CONSTRAINT; Schema: public; Owner: vaflaly
--

ALTER TABLE ONLY public.crm_deal_tags
    ADD CONSTRAINT crm_deal_tags_tag_id_1a3d63df_fk_crm_tag_id FOREIGN KEY (tag_id) REFERENCES public.crm_tag(id) DEFERRABLE INITIALLY DEFERRED;


--
-- Name: crm_industry crm_industry_department_id_7a4b1119_fk_auth_group_id; Type: FK CONSTRAINT; Schema: public; Owner: vaflaly
--

ALTER TABLE ONLY public.crm_industry
    ADD CONSTRAINT crm_industry_department_id_7a4b1119_fk_auth_group_id FOREIGN KEY (department_id) REFERENCES public.auth_group(id) DEFERRABLE INITIALLY DEFERRED;


--
-- Name: crm_lead crm_lead_city_id_29ae1a66_fk_crm_city_id; Type: FK CONSTRAINT; Schema: public; Owner: vaflaly
--

ALTER TABLE ONLY public.crm_lead
    ADD CONSTRAINT crm_lead_city_id_29ae1a66_fk_crm_city_id FOREIGN KEY (city_id) REFERENCES public.crm_city(id) DEFERRABLE INITIALLY DEFERRED;


--
-- Name: crm_lead crm_lead_company_id_a70d7b4c_fk_crm_company_id; Type: FK CONSTRAINT; Schema: public; Owner: vaflaly
--

ALTER TABLE ONLY public.crm_lead
    ADD CONSTRAINT crm_lead_company_id_a70d7b4c_fk_crm_company_id FOREIGN KEY (company_id) REFERENCES public.crm_company(id) DEFERRABLE INITIALLY DEFERRED;


--
-- Name: crm_lead crm_lead_contact_id_80d73740_fk_crm_contact_id; Type: FK CONSTRAINT; Schema: public; Owner: vaflaly
--

ALTER TABLE ONLY public.crm_lead
    ADD CONSTRAINT crm_lead_contact_id_80d73740_fk_crm_contact_id FOREIGN KEY (contact_id) REFERENCES public.crm_contact(id) DEFERRABLE INITIALLY DEFERRED;


--
-- Name: crm_lead crm_lead_country_id_7738e7f5_fk_crm_country_id; Type: FK CONSTRAINT; Schema: public; Owner: vaflaly
--

ALTER TABLE ONLY public.crm_lead
    ADD CONSTRAINT crm_lead_country_id_7738e7f5_fk_crm_country_id FOREIGN KEY (country_id) REFERENCES public.crm_country(id) DEFERRABLE INITIALLY DEFERRED;


--
-- Name: crm_lead crm_lead_department_id_81bb42ff_fk_auth_group_id; Type: FK CONSTRAINT; Schema: public; Owner: vaflaly
--

ALTER TABLE ONLY public.crm_lead
    ADD CONSTRAINT crm_lead_department_id_81bb42ff_fk_auth_group_id FOREIGN KEY (department_id) REFERENCES public.auth_group(id) DEFERRABLE INITIALLY DEFERRED;


--
-- Name: crm_lead_industry crm_lead_industry_industry_id_ef47dd52_fk_crm_industry_id; Type: FK CONSTRAINT; Schema: public; Owner: vaflaly
--

ALTER TABLE ONLY public.crm_lead_industry
    ADD CONSTRAINT crm_lead_industry_industry_id_ef47dd52_fk_crm_industry_id FOREIGN KEY (industry_id) REFERENCES public.crm_industry(id) DEFERRABLE INITIALLY DEFERRED;


--
-- Name: crm_lead_industry crm_lead_industry_lead_id_259316ce_fk_crm_lead_id; Type: FK CONSTRAINT; Schema: public; Owner: vaflaly
--

ALTER TABLE ONLY public.crm_lead_industry
    ADD CONSTRAINT crm_lead_industry_lead_id_259316ce_fk_crm_lead_id FOREIGN KEY (lead_id) REFERENCES public.crm_lead(id) DEFERRABLE INITIALLY DEFERRED;


--
-- Name: crm_lead crm_lead_lead_source_id_6dab1962_fk_crm_leadsource_id; Type: FK CONSTRAINT; Schema: public; Owner: vaflaly
--

ALTER TABLE ONLY public.crm_lead
    ADD CONSTRAINT crm_lead_lead_source_id_6dab1962_fk_crm_leadsource_id FOREIGN KEY (lead_source_id) REFERENCES public.crm_leadsource(id) DEFERRABLE INITIALLY DEFERRED;


--
-- Name: crm_lead crm_lead_modified_by_id_2780bfaf_fk_auth_user_id; Type: FK CONSTRAINT; Schema: public; Owner: vaflaly
--

ALTER TABLE ONLY public.crm_lead
    ADD CONSTRAINT crm_lead_modified_by_id_2780bfaf_fk_auth_user_id FOREIGN KEY (modified_by_id) REFERENCES public.auth_user(id) DEFERRABLE INITIALLY DEFERRED;


--
-- Name: crm_lead crm_lead_owner_id_f8fa5b1a_fk_auth_user_id; Type: FK CONSTRAINT; Schema: public; Owner: vaflaly
--

ALTER TABLE ONLY public.crm_lead
    ADD CONSTRAINT crm_lead_owner_id_f8fa5b1a_fk_auth_user_id FOREIGN KEY (owner_id) REFERENCES public.auth_user(id) DEFERRABLE INITIALLY DEFERRED;


--
-- Name: crm_lead_tags crm_lead_tags_lead_id_58d2789c_fk_crm_lead_id; Type: FK CONSTRAINT; Schema: public; Owner: vaflaly
--

ALTER TABLE ONLY public.crm_lead_tags
    ADD CONSTRAINT crm_lead_tags_lead_id_58d2789c_fk_crm_lead_id FOREIGN KEY (lead_id) REFERENCES public.crm_lead(id) DEFERRABLE INITIALLY DEFERRED;


--
-- Name: crm_lead_tags crm_lead_tags_tag_id_ad7bf359_fk_crm_tag_id; Type: FK CONSTRAINT; Schema: public; Owner: vaflaly
--

ALTER TABLE ONLY public.crm_lead_tags
    ADD CONSTRAINT crm_lead_tags_tag_id_ad7bf359_fk_crm_tag_id FOREIGN KEY (tag_id) REFERENCES public.crm_tag(id) DEFERRABLE INITIALLY DEFERRED;


--
-- Name: crm_lead crm_lead_type_id_c09c4a44_fk_crm_clienttype_id; Type: FK CONSTRAINT; Schema: public; Owner: vaflaly
--

ALTER TABLE ONLY public.crm_lead
    ADD CONSTRAINT crm_lead_type_id_c09c4a44_fk_crm_clienttype_id FOREIGN KEY (type_id) REFERENCES public.crm_clienttype(id) DEFERRABLE INITIALLY DEFERRED;


--
-- Name: crm_leadsource crm_leadsource_department_id_30bd576b_fk_common_de; Type: FK CONSTRAINT; Schema: public; Owner: vaflaly
--

ALTER TABLE ONLY public.crm_leadsource
    ADD CONSTRAINT crm_leadsource_department_id_30bd576b_fk_common_de FOREIGN KEY (department_id) REFERENCES public.common_department(group_ptr_id) DEFERRABLE INITIALLY DEFERRED;


--
-- Name: crm_output crm_output_currency_id_63a93add_fk_crm_currency_id; Type: FK CONSTRAINT; Schema: public; Owner: vaflaly
--

ALTER TABLE ONLY public.crm_output
    ADD CONSTRAINT crm_output_currency_id_63a93add_fk_crm_currency_id FOREIGN KEY (currency_id) REFERENCES public.crm_currency(id) DEFERRABLE INITIALLY DEFERRED;


--
-- Name: crm_output crm_output_deal_id_7ec71c09_fk_crm_deal_id; Type: FK CONSTRAINT; Schema: public; Owner: vaflaly
--

ALTER TABLE ONLY public.crm_output
    ADD CONSTRAINT crm_output_deal_id_7ec71c09_fk_crm_deal_id FOREIGN KEY (deal_id) REFERENCES public.crm_deal(id) DEFERRABLE INITIALLY DEFERRED;


--
-- Name: crm_output crm_output_product_id_cbe93472_fk_crm_product_id; Type: FK CONSTRAINT; Schema: public; Owner: vaflaly
--

ALTER TABLE ONLY public.crm_output
    ADD CONSTRAINT crm_output_product_id_cbe93472_fk_crm_product_id FOREIGN KEY (product_id) REFERENCES public.crm_product(id) DEFERRABLE INITIALLY DEFERRED;


--
-- Name: crm_payment crm_payment_currency_id_4553d309_fk_crm_currency_id; Type: FK CONSTRAINT; Schema: public; Owner: vaflaly
--

ALTER TABLE ONLY public.crm_payment
    ADD CONSTRAINT crm_payment_currency_id_4553d309_fk_crm_currency_id FOREIGN KEY (currency_id) REFERENCES public.crm_currency(id) DEFERRABLE INITIALLY DEFERRED;


--
-- Name: crm_payment crm_payment_deal_id_1a22e343_fk_crm_deal_id; Type: FK CONSTRAINT; Schema: public; Owner: vaflaly
--

ALTER TABLE ONLY public.crm_payment
    ADD CONSTRAINT crm_payment_deal_id_1a22e343_fk_crm_deal_id FOREIGN KEY (deal_id) REFERENCES public.crm_deal(id) DEFERRABLE INITIALLY DEFERRED;


--
-- Name: crm_product crm_product_currency_id_a790ddf6_fk_crm_currency_id; Type: FK CONSTRAINT; Schema: public; Owner: vaflaly
--

ALTER TABLE ONLY public.crm_product
    ADD CONSTRAINT crm_product_currency_id_a790ddf6_fk_crm_currency_id FOREIGN KEY (currency_id) REFERENCES public.crm_currency(id) DEFERRABLE INITIALLY DEFERRED;


--
-- Name: crm_product crm_product_department_id_0523e414_fk_auth_group_id; Type: FK CONSTRAINT; Schema: public; Owner: vaflaly
--

ALTER TABLE ONLY public.crm_product
    ADD CONSTRAINT crm_product_department_id_0523e414_fk_auth_group_id FOREIGN KEY (department_id) REFERENCES public.auth_group(id) DEFERRABLE INITIALLY DEFERRED;


--
-- Name: crm_product crm_product_modified_by_id_02531b6a_fk_auth_user_id; Type: FK CONSTRAINT; Schema: public; Owner: vaflaly
--

ALTER TABLE ONLY public.crm_product
    ADD CONSTRAINT crm_product_modified_by_id_02531b6a_fk_auth_user_id FOREIGN KEY (modified_by_id) REFERENCES public.auth_user(id) DEFERRABLE INITIALLY DEFERRED;


--
-- Name: crm_product crm_product_product_category_id_3784251c_fk_crm_produ; Type: FK CONSTRAINT; Schema: public; Owner: vaflaly
--

ALTER TABLE ONLY public.crm_product
    ADD CONSTRAINT crm_product_product_category_id_3784251c_fk_crm_produ FOREIGN KEY (product_category_id) REFERENCES public.crm_productcategory(id) DEFERRABLE INITIALLY DEFERRED;


--
-- Name: crm_productcategory crm_productcategory_department_id_60682d03_fk_auth_group_id; Type: FK CONSTRAINT; Schema: public; Owner: vaflaly
--

ALTER TABLE ONLY public.crm_productcategory
    ADD CONSTRAINT crm_productcategory_department_id_60682d03_fk_auth_group_id FOREIGN KEY (department_id) REFERENCES public.auth_group(id) DEFERRABLE INITIALLY DEFERRED;


--
-- Name: crm_rate crm_rate_currency_id_86b614ea_fk_crm_currency_id; Type: FK CONSTRAINT; Schema: public; Owner: vaflaly
--

ALTER TABLE ONLY public.crm_rate
    ADD CONSTRAINT crm_rate_currency_id_86b614ea_fk_crm_currency_id FOREIGN KEY (currency_id) REFERENCES public.crm_currency(id) DEFERRABLE INITIALLY DEFERRED;


--
-- Name: crm_request crm_request_city_id_4ec72763_fk_crm_city_id; Type: FK CONSTRAINT; Schema: public; Owner: vaflaly
--

ALTER TABLE ONLY public.crm_request
    ADD CONSTRAINT crm_request_city_id_4ec72763_fk_crm_city_id FOREIGN KEY (city_id) REFERENCES public.crm_city(id) DEFERRABLE INITIALLY DEFERRED;


--
-- Name: crm_request crm_request_co_owner_id_97bfeda8_fk_auth_user_id; Type: FK CONSTRAINT; Schema: public; Owner: vaflaly
--

ALTER TABLE ONLY public.crm_request
    ADD CONSTRAINT crm_request_co_owner_id_97bfeda8_fk_auth_user_id FOREIGN KEY (co_owner_id) REFERENCES public.auth_user(id) DEFERRABLE INITIALLY DEFERRED;


--
-- Name: crm_request crm_request_company_id_88ae6e3e_fk_crm_company_id; Type: FK CONSTRAINT; Schema: public; Owner: vaflaly
--

ALTER TABLE ONLY public.crm_request
    ADD CONSTRAINT crm_request_company_id_88ae6e3e_fk_crm_company_id FOREIGN KEY (company_id) REFERENCES public.crm_company(id) DEFERRABLE INITIALLY DEFERRED;


--
-- Name: crm_request crm_request_contact_id_91ed6ab2_fk_crm_contact_id; Type: FK CONSTRAINT; Schema: public; Owner: vaflaly
--

ALTER TABLE ONLY public.crm_request
    ADD CONSTRAINT crm_request_contact_id_91ed6ab2_fk_crm_contact_id FOREIGN KEY (contact_id) REFERENCES public.crm_contact(id) DEFERRABLE INITIALLY DEFERRED;


--
-- Name: crm_request crm_request_country_id_daa09295_fk_crm_country_id; Type: FK CONSTRAINT; Schema: public; Owner: vaflaly
--

ALTER TABLE ONLY public.crm_request
    ADD CONSTRAINT crm_request_country_id_daa09295_fk_crm_country_id FOREIGN KEY (country_id) REFERENCES public.crm_country(id) DEFERRABLE INITIALLY DEFERRED;


--
-- Name: crm_request crm_request_deal_id_197e99fa_fk_crm_deal_id; Type: FK CONSTRAINT; Schema: public; Owner: vaflaly
--

ALTER TABLE ONLY public.crm_request
    ADD CONSTRAINT crm_request_deal_id_197e99fa_fk_crm_deal_id FOREIGN KEY (deal_id) REFERENCES public.crm_deal(id) DEFERRABLE INITIALLY DEFERRED;


--
-- Name: crm_request crm_request_department_id_4e30930a_fk_auth_group_id; Type: FK CONSTRAINT; Schema: public; Owner: vaflaly
--

ALTER TABLE ONLY public.crm_request
    ADD CONSTRAINT crm_request_department_id_4e30930a_fk_auth_group_id FOREIGN KEY (department_id) REFERENCES public.auth_group(id) DEFERRABLE INITIALLY DEFERRED;


--
-- Name: crm_request crm_request_lead_id_1486fb35_fk_crm_lead_id; Type: FK CONSTRAINT; Schema: public; Owner: vaflaly
--

ALTER TABLE ONLY public.crm_request
    ADD CONSTRAINT crm_request_lead_id_1486fb35_fk_crm_lead_id FOREIGN KEY (lead_id) REFERENCES public.crm_lead(id) DEFERRABLE INITIALLY DEFERRED;


--
-- Name: crm_request crm_request_lead_source_id_1de11d0b_fk_crm_leadsource_id; Type: FK CONSTRAINT; Schema: public; Owner: vaflaly
--

ALTER TABLE ONLY public.crm_request
    ADD CONSTRAINT crm_request_lead_source_id_1de11d0b_fk_crm_leadsource_id FOREIGN KEY (lead_source_id) REFERENCES public.crm_leadsource(id) DEFERRABLE INITIALLY DEFERRED;


--
-- Name: crm_request crm_request_modified_by_id_6958d6bf_fk_auth_user_id; Type: FK CONSTRAINT; Schema: public; Owner: vaflaly
--

ALTER TABLE ONLY public.crm_request
    ADD CONSTRAINT crm_request_modified_by_id_6958d6bf_fk_auth_user_id FOREIGN KEY (modified_by_id) REFERENCES public.auth_user(id) DEFERRABLE INITIALLY DEFERRED;


--
-- Name: crm_request crm_request_owner_id_d3df4eb5_fk_auth_user_id; Type: FK CONSTRAINT; Schema: public; Owner: vaflaly
--

ALTER TABLE ONLY public.crm_request
    ADD CONSTRAINT crm_request_owner_id_d3df4eb5_fk_auth_user_id FOREIGN KEY (owner_id) REFERENCES public.auth_user(id) DEFERRABLE INITIALLY DEFERRED;


--
-- Name: crm_request_products crm_request_products_product_id_0a67aa36_fk_crm_product_id; Type: FK CONSTRAINT; Schema: public; Owner: vaflaly
--

ALTER TABLE ONLY public.crm_request_products
    ADD CONSTRAINT crm_request_products_product_id_0a67aa36_fk_crm_product_id FOREIGN KEY (product_id) REFERENCES public.crm_product(id) DEFERRABLE INITIALLY DEFERRED;


--
-- Name: crm_request_products crm_request_products_request_id_7537fc38_fk_crm_request_id; Type: FK CONSTRAINT; Schema: public; Owner: vaflaly
--

ALTER TABLE ONLY public.crm_request_products
    ADD CONSTRAINT crm_request_products_request_id_7537fc38_fk_crm_request_id FOREIGN KEY (request_id) REFERENCES public.crm_request(id) DEFERRABLE INITIALLY DEFERRED;


--
-- Name: crm_stage crm_stage_department_id_1f66d880_fk_auth_group_id; Type: FK CONSTRAINT; Schema: public; Owner: vaflaly
--

ALTER TABLE ONLY public.crm_stage
    ADD CONSTRAINT crm_stage_department_id_1f66d880_fk_auth_group_id FOREIGN KEY (department_id) REFERENCES public.auth_group(id) DEFERRABLE INITIALLY DEFERRED;


--
-- Name: crm_tag crm_tag_department_id_e9eea4e3_fk_auth_group_id; Type: FK CONSTRAINT; Schema: public; Owner: vaflaly
--

ALTER TABLE ONLY public.crm_tag
    ADD CONSTRAINT crm_tag_department_id_e9eea4e3_fk_auth_group_id FOREIGN KEY (department_id) REFERENCES public.auth_group(id) DEFERRABLE INITIALLY DEFERRED;


--
-- Name: crm_tag crm_tag_modified_by_id_3cbff65e_fk_auth_user_id; Type: FK CONSTRAINT; Schema: public; Owner: vaflaly
--

ALTER TABLE ONLY public.crm_tag
    ADD CONSTRAINT crm_tag_modified_by_id_3cbff65e_fk_auth_user_id FOREIGN KEY (modified_by_id) REFERENCES public.auth_user(id) DEFERRABLE INITIALLY DEFERRED;


--
-- Name: crm_tag crm_tag_owner_id_2738cee0_fk_auth_user_id; Type: FK CONSTRAINT; Schema: public; Owner: vaflaly
--

ALTER TABLE ONLY public.crm_tag
    ADD CONSTRAINT crm_tag_owner_id_2738cee0_fk_auth_user_id FOREIGN KEY (owner_id) REFERENCES public.auth_user(id) DEFERRABLE INITIALLY DEFERRED;


--
-- Name: django_admin_log django_admin_log_content_type_id_c4bce8eb_fk_django_co; Type: FK CONSTRAINT; Schema: public; Owner: vaflaly
--

ALTER TABLE ONLY public.django_admin_log
    ADD CONSTRAINT django_admin_log_content_type_id_c4bce8eb_fk_django_co FOREIGN KEY (content_type_id) REFERENCES public.django_content_type(id) DEFERRABLE INITIALLY DEFERRED;


--
-- Name: django_admin_log django_admin_log_user_id_c564eba6_fk_auth_user_id; Type: FK CONSTRAINT; Schema: public; Owner: vaflaly
--

ALTER TABLE ONLY public.django_admin_log
    ADD CONSTRAINT django_admin_log_user_id_c564eba6_fk_auth_user_id FOREIGN KEY (user_id) REFERENCES public.auth_user(id) DEFERRABLE INITIALLY DEFERRED;


--
-- Name: help_paragraph help_paragraph_document_id_85a62b6e_fk_help_page_id; Type: FK CONSTRAINT; Schema: public; Owner: vaflaly
--

ALTER TABLE ONLY public.help_paragraph
    ADD CONSTRAINT help_paragraph_document_id_85a62b6e_fk_help_page_id FOREIGN KEY (document_id) REFERENCES public.help_page(id) DEFERRABLE INITIALLY DEFERRED;


--
-- Name: help_paragraph_groups help_paragraph_group_paragraph_id_8cf057d9_fk_help_para; Type: FK CONSTRAINT; Schema: public; Owner: vaflaly
--

ALTER TABLE ONLY public.help_paragraph_groups
    ADD CONSTRAINT help_paragraph_group_paragraph_id_8cf057d9_fk_help_para FOREIGN KEY (paragraph_id) REFERENCES public.help_paragraph(id) DEFERRABLE INITIALLY DEFERRED;


--
-- Name: help_paragraph_groups help_paragraph_groups_group_id_0fa106e0_fk_auth_group_id; Type: FK CONSTRAINT; Schema: public; Owner: vaflaly
--

ALTER TABLE ONLY public.help_paragraph_groups
    ADD CONSTRAINT help_paragraph_groups_group_id_0fa106e0_fk_auth_group_id FOREIGN KEY (group_id) REFERENCES public.auth_group(id) DEFERRABLE INITIALLY DEFERRED;


--
-- Name: help_paragraph help_paragraph_link1_id_0908f336_fk_help_paragraph_id; Type: FK CONSTRAINT; Schema: public; Owner: vaflaly
--

ALTER TABLE ONLY public.help_paragraph
    ADD CONSTRAINT help_paragraph_link1_id_0908f336_fk_help_paragraph_id FOREIGN KEY (link1_id) REFERENCES public.help_paragraph(id) DEFERRABLE INITIALLY DEFERRED;


--
-- Name: massmail_emailaccount massmail_emailaccount_co_owner_id_33bde2b0_fk_auth_user_id; Type: FK CONSTRAINT; Schema: public; Owner: vaflaly
--

ALTER TABLE ONLY public.massmail_emailaccount
    ADD CONSTRAINT massmail_emailaccount_co_owner_id_33bde2b0_fk_auth_user_id FOREIGN KEY (co_owner_id) REFERENCES public.auth_user(id) DEFERRABLE INITIALLY DEFERRED;


--
-- Name: massmail_emailaccount massmail_emailaccount_department_id_5009beba_fk_auth_group_id; Type: FK CONSTRAINT; Schema: public; Owner: vaflaly
--

ALTER TABLE ONLY public.massmail_emailaccount
    ADD CONSTRAINT massmail_emailaccount_department_id_5009beba_fk_auth_group_id FOREIGN KEY (department_id) REFERENCES public.auth_group(id) DEFERRABLE INITIALLY DEFERRED;


--
-- Name: massmail_emailaccount massmail_emailaccount_modified_by_id_78fa83c2_fk_auth_user_id; Type: FK CONSTRAINT; Schema: public; Owner: vaflaly
--

ALTER TABLE ONLY public.massmail_emailaccount
    ADD CONSTRAINT massmail_emailaccount_modified_by_id_78fa83c2_fk_auth_user_id FOREIGN KEY (modified_by_id) REFERENCES public.auth_user(id) DEFERRABLE INITIALLY DEFERRED;


--
-- Name: massmail_emailaccount massmail_emailaccount_owner_id_de4662b5_fk_auth_user_id; Type: FK CONSTRAINT; Schema: public; Owner: vaflaly
--

ALTER TABLE ONLY public.massmail_emailaccount
    ADD CONSTRAINT massmail_emailaccount_owner_id_de4662b5_fk_auth_user_id FOREIGN KEY (owner_id) REFERENCES public.auth_user(id) DEFERRABLE INITIALLY DEFERRED;


--
-- Name: massmail_emlaccountsqueue massmail_emlaccountsqueue_owner_id_1d4557ba_fk_auth_user_id; Type: FK CONSTRAINT; Schema: public; Owner: vaflaly
--

ALTER TABLE ONLY public.massmail_emlaccountsqueue
    ADD CONSTRAINT massmail_emlaccountsqueue_owner_id_1d4557ba_fk_auth_user_id FOREIGN KEY (owner_id) REFERENCES public.auth_user(id) DEFERRABLE INITIALLY DEFERRED;


--
-- Name: massmail_emlmessage massmail_emlmessage_department_id_ee97df77_fk_auth_group_id; Type: FK CONSTRAINT; Schema: public; Owner: vaflaly
--

ALTER TABLE ONLY public.massmail_emlmessage
    ADD CONSTRAINT massmail_emlmessage_department_id_ee97df77_fk_auth_group_id FOREIGN KEY (department_id) REFERENCES public.auth_group(id) DEFERRABLE INITIALLY DEFERRED;


--
-- Name: massmail_emlmessage massmail_emlmessage_modified_by_id_d6442289_fk_auth_user_id; Type: FK CONSTRAINT; Schema: public; Owner: vaflaly
--

ALTER TABLE ONLY public.massmail_emlmessage
    ADD CONSTRAINT massmail_emlmessage_modified_by_id_d6442289_fk_auth_user_id FOREIGN KEY (modified_by_id) REFERENCES public.auth_user(id) DEFERRABLE INITIALLY DEFERRED;


--
-- Name: massmail_emlmessage massmail_emlmessage_owner_id_934a5f8f_fk_auth_user_id; Type: FK CONSTRAINT; Schema: public; Owner: vaflaly
--

ALTER TABLE ONLY public.massmail_emlmessage
    ADD CONSTRAINT massmail_emlmessage_owner_id_934a5f8f_fk_auth_user_id FOREIGN KEY (owner_id) REFERENCES public.auth_user(id) DEFERRABLE INITIALLY DEFERRED;


--
-- Name: massmail_emlmessage massmail_emlmessage_signature_id_4d53eae3_fk_massmail_; Type: FK CONSTRAINT; Schema: public; Owner: vaflaly
--

ALTER TABLE ONLY public.massmail_emlmessage
    ADD CONSTRAINT massmail_emlmessage_signature_id_4d53eae3_fk_massmail_ FOREIGN KEY (signature_id) REFERENCES public.massmail_signature(id) DEFERRABLE INITIALLY DEFERRED;


--
-- Name: massmail_mailingout massmail_mailingout_content_type_id_d46a2d8d_fk_django_co; Type: FK CONSTRAINT; Schema: public; Owner: vaflaly
--

ALTER TABLE ONLY public.massmail_mailingout
    ADD CONSTRAINT massmail_mailingout_content_type_id_d46a2d8d_fk_django_co FOREIGN KEY (content_type_id) REFERENCES public.django_content_type(id) DEFERRABLE INITIALLY DEFERRED;


--
-- Name: massmail_mailingout massmail_mailingout_department_id_2f6d24bd_fk_auth_group_id; Type: FK CONSTRAINT; Schema: public; Owner: vaflaly
--

ALTER TABLE ONLY public.massmail_mailingout
    ADD CONSTRAINT massmail_mailingout_department_id_2f6d24bd_fk_auth_group_id FOREIGN KEY (department_id) REFERENCES public.auth_group(id) DEFERRABLE INITIALLY DEFERRED;


--
-- Name: massmail_mailingout massmail_mailingout_message_id_0a8aa36b_fk_massmail_; Type: FK CONSTRAINT; Schema: public; Owner: vaflaly
--

ALTER TABLE ONLY public.massmail_mailingout
    ADD CONSTRAINT massmail_mailingout_message_id_0a8aa36b_fk_massmail_ FOREIGN KEY (message_id) REFERENCES public.massmail_emlmessage(id) DEFERRABLE INITIALLY DEFERRED;


--
-- Name: massmail_mailingout massmail_mailingout_modified_by_id_6e32dd2f_fk_auth_user_id; Type: FK CONSTRAINT; Schema: public; Owner: vaflaly
--

ALTER TABLE ONLY public.massmail_mailingout
    ADD CONSTRAINT massmail_mailingout_modified_by_id_6e32dd2f_fk_auth_user_id FOREIGN KEY (modified_by_id) REFERENCES public.auth_user(id) DEFERRABLE INITIALLY DEFERRED;


--
-- Name: massmail_mailingout massmail_mailingout_owner_id_d33a274c_fk_auth_user_id; Type: FK CONSTRAINT; Schema: public; Owner: vaflaly
--

ALTER TABLE ONLY public.massmail_mailingout
    ADD CONSTRAINT massmail_mailingout_owner_id_d33a274c_fk_auth_user_id FOREIGN KEY (owner_id) REFERENCES public.auth_user(id) DEFERRABLE INITIALLY DEFERRED;


--
-- Name: massmail_masscontact massmail_masscontact_content_type_id_d9ad939d_fk_django_co; Type: FK CONSTRAINT; Schema: public; Owner: vaflaly
--

ALTER TABLE ONLY public.massmail_masscontact
    ADD CONSTRAINT massmail_masscontact_content_type_id_d9ad939d_fk_django_co FOREIGN KEY (content_type_id) REFERENCES public.django_content_type(id) DEFERRABLE INITIALLY DEFERRED;


--
-- Name: massmail_masscontact massmail_masscontact_email_account_id_13581f79_fk_massmail_; Type: FK CONSTRAINT; Schema: public; Owner: vaflaly
--

ALTER TABLE ONLY public.massmail_masscontact
    ADD CONSTRAINT massmail_masscontact_email_account_id_13581f79_fk_massmail_ FOREIGN KEY (email_account_id) REFERENCES public.massmail_emailaccount(id) DEFERRABLE INITIALLY DEFERRED;


--
-- Name: massmail_signature massmail_signature_department_id_a5d4b019_fk_auth_group_id; Type: FK CONSTRAINT; Schema: public; Owner: vaflaly
--

ALTER TABLE ONLY public.massmail_signature
    ADD CONSTRAINT massmail_signature_department_id_a5d4b019_fk_auth_group_id FOREIGN KEY (department_id) REFERENCES public.auth_group(id) DEFERRABLE INITIALLY DEFERRED;


--
-- Name: massmail_signature massmail_signature_modified_by_id_01f14187_fk_auth_user_id; Type: FK CONSTRAINT; Schema: public; Owner: vaflaly
--

ALTER TABLE ONLY public.massmail_signature
    ADD CONSTRAINT massmail_signature_modified_by_id_01f14187_fk_auth_user_id FOREIGN KEY (modified_by_id) REFERENCES public.auth_user(id) DEFERRABLE INITIALLY DEFERRED;


--
-- Name: massmail_signature massmail_signature_owner_id_8b94a28f_fk_auth_user_id; Type: FK CONSTRAINT; Schema: public; Owner: vaflaly
--

ALTER TABLE ONLY public.massmail_signature
    ADD CONSTRAINT massmail_signature_owner_id_8b94a28f_fk_auth_user_id FOREIGN KEY (owner_id) REFERENCES public.auth_user(id) DEFERRABLE INITIALLY DEFERRED;


--
-- Name: tasks_memo tasks_memo_deal_id_20785383_fk_crm_deal_id; Type: FK CONSTRAINT; Schema: public; Owner: vaflaly
--

ALTER TABLE ONLY public.tasks_memo
    ADD CONSTRAINT tasks_memo_deal_id_20785383_fk_crm_deal_id FOREIGN KEY (deal_id) REFERENCES public.crm_deal(id) DEFERRABLE INITIALLY DEFERRED;


--
-- Name: tasks_memo tasks_memo_modified_by_id_55079c21_fk_auth_user_id; Type: FK CONSTRAINT; Schema: public; Owner: vaflaly
--

ALTER TABLE ONLY public.tasks_memo
    ADD CONSTRAINT tasks_memo_modified_by_id_55079c21_fk_auth_user_id FOREIGN KEY (modified_by_id) REFERENCES public.auth_user(id) DEFERRABLE INITIALLY DEFERRED;


--
-- Name: tasks_memo_notified_subscribers tasks_memo_notified__memo_id_fdaeddcb_fk_tasks_mem; Type: FK CONSTRAINT; Schema: public; Owner: vaflaly
--

ALTER TABLE ONLY public.tasks_memo_notified_subscribers
    ADD CONSTRAINT tasks_memo_notified__memo_id_fdaeddcb_fk_tasks_mem FOREIGN KEY (memo_id) REFERENCES public.tasks_memo(id) DEFERRABLE INITIALLY DEFERRED;


--
-- Name: tasks_memo_notified_subscribers tasks_memo_notified__user_id_19972cde_fk_auth_user; Type: FK CONSTRAINT; Schema: public; Owner: vaflaly
--

ALTER TABLE ONLY public.tasks_memo_notified_subscribers
    ADD CONSTRAINT tasks_memo_notified__user_id_19972cde_fk_auth_user FOREIGN KEY (user_id) REFERENCES public.auth_user(id) DEFERRABLE INITIALLY DEFERRED;


--
-- Name: tasks_memo tasks_memo_owner_id_5aaf7cd9_fk_auth_user_id; Type: FK CONSTRAINT; Schema: public; Owner: vaflaly
--

ALTER TABLE ONLY public.tasks_memo
    ADD CONSTRAINT tasks_memo_owner_id_5aaf7cd9_fk_auth_user_id FOREIGN KEY (owner_id) REFERENCES public.auth_user(id) DEFERRABLE INITIALLY DEFERRED;


--
-- Name: tasks_memo tasks_memo_project_id_5dfdedf3_fk_tasks_project_id; Type: FK CONSTRAINT; Schema: public; Owner: vaflaly
--

ALTER TABLE ONLY public.tasks_memo
    ADD CONSTRAINT tasks_memo_project_id_5dfdedf3_fk_tasks_project_id FOREIGN KEY (project_id) REFERENCES public.tasks_project(id) DEFERRABLE INITIALLY DEFERRED;


--
-- Name: tasks_memo tasks_memo_resolution_id_9b1e9a50_fk_tasks_resolution_id; Type: FK CONSTRAINT; Schema: public; Owner: vaflaly
--

ALTER TABLE ONLY public.tasks_memo
    ADD CONSTRAINT tasks_memo_resolution_id_9b1e9a50_fk_tasks_resolution_id FOREIGN KEY (resolution_id) REFERENCES public.tasks_resolution(id) DEFERRABLE INITIALLY DEFERRED;


--
-- Name: tasks_memo_subscribers tasks_memo_subscribers_memo_id_07ebe57d_fk_tasks_memo_id; Type: FK CONSTRAINT; Schema: public; Owner: vaflaly
--

ALTER TABLE ONLY public.tasks_memo_subscribers
    ADD CONSTRAINT tasks_memo_subscribers_memo_id_07ebe57d_fk_tasks_memo_id FOREIGN KEY (memo_id) REFERENCES public.tasks_memo(id) DEFERRABLE INITIALLY DEFERRED;


--
-- Name: tasks_memo_subscribers tasks_memo_subscribers_user_id_94a5ab7a_fk_auth_user_id; Type: FK CONSTRAINT; Schema: public; Owner: vaflaly
--

ALTER TABLE ONLY public.tasks_memo_subscribers
    ADD CONSTRAINT tasks_memo_subscribers_user_id_94a5ab7a_fk_auth_user_id FOREIGN KEY (user_id) REFERENCES public.auth_user(id) DEFERRABLE INITIALLY DEFERRED;


--
-- Name: tasks_memo_tags tasks_memo_tags_memo_id_68fee3ea_fk_tasks_memo_id; Type: FK CONSTRAINT; Schema: public; Owner: vaflaly
--

ALTER TABLE ONLY public.tasks_memo_tags
    ADD CONSTRAINT tasks_memo_tags_memo_id_68fee3ea_fk_tasks_memo_id FOREIGN KEY (memo_id) REFERENCES public.tasks_memo(id) DEFERRABLE INITIALLY DEFERRED;


--
-- Name: tasks_memo_tags tasks_memo_tags_tag_id_05d212d7_fk_tasks_tag_id; Type: FK CONSTRAINT; Schema: public; Owner: vaflaly
--

ALTER TABLE ONLY public.tasks_memo_tags
    ADD CONSTRAINT tasks_memo_tags_tag_id_05d212d7_fk_tasks_tag_id FOREIGN KEY (tag_id) REFERENCES public.tasks_tag(id) DEFERRABLE INITIALLY DEFERRED;


--
-- Name: tasks_memo tasks_memo_task_id_3539c234_fk_tasks_task_id; Type: FK CONSTRAINT; Schema: public; Owner: vaflaly
--

ALTER TABLE ONLY public.tasks_memo
    ADD CONSTRAINT tasks_memo_task_id_3539c234_fk_tasks_task_id FOREIGN KEY (task_id) REFERENCES public.tasks_task(id) DEFERRABLE INITIALLY DEFERRED;


--
-- Name: tasks_memo tasks_memo_to_id_f9b7700d_fk_auth_user_id; Type: FK CONSTRAINT; Schema: public; Owner: vaflaly
--

ALTER TABLE ONLY public.tasks_memo
    ADD CONSTRAINT tasks_memo_to_id_f9b7700d_fk_auth_user_id FOREIGN KEY (to_id) REFERENCES public.auth_user(id) DEFERRABLE INITIALLY DEFERRED;


--
-- Name: tasks_project tasks_project_co_owner_id_77e4d5af_fk_auth_user_id; Type: FK CONSTRAINT; Schema: public; Owner: vaflaly
--

ALTER TABLE ONLY public.tasks_project
    ADD CONSTRAINT tasks_project_co_owner_id_77e4d5af_fk_auth_user_id FOREIGN KEY (co_owner_id) REFERENCES public.auth_user(id) DEFERRABLE INITIALLY DEFERRED;


--
-- Name: tasks_project tasks_project_modified_by_id_d578e5e9_fk_auth_user_id; Type: FK CONSTRAINT; Schema: public; Owner: vaflaly
--

ALTER TABLE ONLY public.tasks_project
    ADD CONSTRAINT tasks_project_modified_by_id_d578e5e9_fk_auth_user_id FOREIGN KEY (modified_by_id) REFERENCES public.auth_user(id) DEFERRABLE INITIALLY DEFERRED;


--
-- Name: tasks_project_notified_responsible tasks_project_notifi_project_id_d8feb05d_fk_tasks_pro; Type: FK CONSTRAINT; Schema: public; Owner: vaflaly
--

ALTER TABLE ONLY public.tasks_project_notified_responsible
    ADD CONSTRAINT tasks_project_notifi_project_id_d8feb05d_fk_tasks_pro FOREIGN KEY (project_id) REFERENCES public.tasks_project(id) DEFERRABLE INITIALLY DEFERRED;


--
-- Name: tasks_project_notified_subscribers tasks_project_notifi_project_id_fc7dd829_fk_tasks_pro; Type: FK CONSTRAINT; Schema: public; Owner: vaflaly
--

ALTER TABLE ONLY public.tasks_project_notified_subscribers
    ADD CONSTRAINT tasks_project_notifi_project_id_fc7dd829_fk_tasks_pro FOREIGN KEY (project_id) REFERENCES public.tasks_project(id) DEFERRABLE INITIALLY DEFERRED;


--
-- Name: tasks_project_notified_subscribers tasks_project_notifi_user_id_1031c72e_fk_auth_user; Type: FK CONSTRAINT; Schema: public; Owner: vaflaly
--

ALTER TABLE ONLY public.tasks_project_notified_subscribers
    ADD CONSTRAINT tasks_project_notifi_user_id_1031c72e_fk_auth_user FOREIGN KEY (user_id) REFERENCES public.auth_user(id) DEFERRABLE INITIALLY DEFERRED;


--
-- Name: tasks_project_notified_responsible tasks_project_notifi_user_id_ab30840a_fk_auth_user; Type: FK CONSTRAINT; Schema: public; Owner: vaflaly
--

ALTER TABLE ONLY public.tasks_project_notified_responsible
    ADD CONSTRAINT tasks_project_notifi_user_id_ab30840a_fk_auth_user FOREIGN KEY (user_id) REFERENCES public.auth_user(id) DEFERRABLE INITIALLY DEFERRED;


--
-- Name: tasks_project tasks_project_owner_id_ce07be61_fk_auth_user_id; Type: FK CONSTRAINT; Schema: public; Owner: vaflaly
--

ALTER TABLE ONLY public.tasks_project
    ADD CONSTRAINT tasks_project_owner_id_ce07be61_fk_auth_user_id FOREIGN KEY (owner_id) REFERENCES public.auth_user(id) DEFERRABLE INITIALLY DEFERRED;


--
-- Name: tasks_project_responsible tasks_project_respon_project_id_f8c789fc_fk_tasks_pro; Type: FK CONSTRAINT; Schema: public; Owner: vaflaly
--

ALTER TABLE ONLY public.tasks_project_responsible
    ADD CONSTRAINT tasks_project_respon_project_id_f8c789fc_fk_tasks_pro FOREIGN KEY (project_id) REFERENCES public.tasks_project(id) DEFERRABLE INITIALLY DEFERRED;


--
-- Name: tasks_project_responsible tasks_project_responsible_user_id_b32b169c_fk_auth_user_id; Type: FK CONSTRAINT; Schema: public; Owner: vaflaly
--

ALTER TABLE ONLY public.tasks_project_responsible
    ADD CONSTRAINT tasks_project_responsible_user_id_b32b169c_fk_auth_user_id FOREIGN KEY (user_id) REFERENCES public.auth_user(id) DEFERRABLE INITIALLY DEFERRED;


--
-- Name: tasks_project tasks_project_stage_id_00b37259_fk_tasks_projectstage_id; Type: FK CONSTRAINT; Schema: public; Owner: vaflaly
--

ALTER TABLE ONLY public.tasks_project
    ADD CONSTRAINT tasks_project_stage_id_00b37259_fk_tasks_projectstage_id FOREIGN KEY (stage_id) REFERENCES public.tasks_projectstage(id) DEFERRABLE INITIALLY DEFERRED;


--
-- Name: tasks_project_subscribers tasks_project_subscr_project_id_cf2ad972_fk_tasks_pro; Type: FK CONSTRAINT; Schema: public; Owner: vaflaly
--

ALTER TABLE ONLY public.tasks_project_subscribers
    ADD CONSTRAINT tasks_project_subscr_project_id_cf2ad972_fk_tasks_pro FOREIGN KEY (project_id) REFERENCES public.tasks_project(id) DEFERRABLE INITIALLY DEFERRED;


--
-- Name: tasks_project_subscribers tasks_project_subscribers_user_id_974e3efb_fk_auth_user_id; Type: FK CONSTRAINT; Schema: public; Owner: vaflaly
--

ALTER TABLE ONLY public.tasks_project_subscribers
    ADD CONSTRAINT tasks_project_subscribers_user_id_974e3efb_fk_auth_user_id FOREIGN KEY (user_id) REFERENCES public.auth_user(id) DEFERRABLE INITIALLY DEFERRED;


--
-- Name: tasks_project_tags tasks_project_tags_project_id_dce240ed_fk_tasks_project_id; Type: FK CONSTRAINT; Schema: public; Owner: vaflaly
--

ALTER TABLE ONLY public.tasks_project_tags
    ADD CONSTRAINT tasks_project_tags_project_id_dce240ed_fk_tasks_project_id FOREIGN KEY (project_id) REFERENCES public.tasks_project(id) DEFERRABLE INITIALLY DEFERRED;


--
-- Name: tasks_project_tags tasks_project_tags_tag_id_9d4f7a1d_fk_tasks_tag_id; Type: FK CONSTRAINT; Schema: public; Owner: vaflaly
--

ALTER TABLE ONLY public.tasks_project_tags
    ADD CONSTRAINT tasks_project_tags_tag_id_9d4f7a1d_fk_tasks_tag_id FOREIGN KEY (tag_id) REFERENCES public.tasks_tag(id) DEFERRABLE INITIALLY DEFERRED;


--
-- Name: tasks_tag tasks_tag_for_content_id_d77da0d5_fk_django_content_type_id; Type: FK CONSTRAINT; Schema: public; Owner: vaflaly
--

ALTER TABLE ONLY public.tasks_tag
    ADD CONSTRAINT tasks_tag_for_content_id_d77da0d5_fk_django_content_type_id FOREIGN KEY (for_content_id) REFERENCES public.django_content_type(id) DEFERRABLE INITIALLY DEFERRED;


--
-- Name: tasks_task tasks_task_co_owner_id_32424a4d_fk_auth_user_id; Type: FK CONSTRAINT; Schema: public; Owner: vaflaly
--

ALTER TABLE ONLY public.tasks_task
    ADD CONSTRAINT tasks_task_co_owner_id_32424a4d_fk_auth_user_id FOREIGN KEY (co_owner_id) REFERENCES public.auth_user(id) DEFERRABLE INITIALLY DEFERRED;


--
-- Name: tasks_task tasks_task_modified_by_id_85721a7e_fk_auth_user_id; Type: FK CONSTRAINT; Schema: public; Owner: vaflaly
--

ALTER TABLE ONLY public.tasks_task
    ADD CONSTRAINT tasks_task_modified_by_id_85721a7e_fk_auth_user_id FOREIGN KEY (modified_by_id) REFERENCES public.auth_user(id) DEFERRABLE INITIALLY DEFERRED;


--
-- Name: tasks_task_notified_responsible tasks_task_notified__task_id_20b7fe39_fk_tasks_tas; Type: FK CONSTRAINT; Schema: public; Owner: vaflaly
--

ALTER TABLE ONLY public.tasks_task_notified_responsible
    ADD CONSTRAINT tasks_task_notified__task_id_20b7fe39_fk_tasks_tas FOREIGN KEY (task_id) REFERENCES public.tasks_task(id) DEFERRABLE INITIALLY DEFERRED;


--
-- Name: tasks_task_notified_subscribers tasks_task_notified__task_id_f22c64d4_fk_tasks_tas; Type: FK CONSTRAINT; Schema: public; Owner: vaflaly
--

ALTER TABLE ONLY public.tasks_task_notified_subscribers
    ADD CONSTRAINT tasks_task_notified__task_id_f22c64d4_fk_tasks_tas FOREIGN KEY (task_id) REFERENCES public.tasks_task(id) DEFERRABLE INITIALLY DEFERRED;


--
-- Name: tasks_task_notified_responsible tasks_task_notified__user_id_c2aef4e0_fk_auth_user; Type: FK CONSTRAINT; Schema: public; Owner: vaflaly
--

ALTER TABLE ONLY public.tasks_task_notified_responsible
    ADD CONSTRAINT tasks_task_notified__user_id_c2aef4e0_fk_auth_user FOREIGN KEY (user_id) REFERENCES public.auth_user(id) DEFERRABLE INITIALLY DEFERRED;


--
-- Name: tasks_task_notified_subscribers tasks_task_notified__user_id_d8b7e13d_fk_auth_user; Type: FK CONSTRAINT; Schema: public; Owner: vaflaly
--

ALTER TABLE ONLY public.tasks_task_notified_subscribers
    ADD CONSTRAINT tasks_task_notified__user_id_d8b7e13d_fk_auth_user FOREIGN KEY (user_id) REFERENCES public.auth_user(id) DEFERRABLE INITIALLY DEFERRED;


--
-- Name: tasks_task tasks_task_owner_id_db3dcc3e_fk_auth_user_id; Type: FK CONSTRAINT; Schema: public; Owner: vaflaly
--

ALTER TABLE ONLY public.tasks_task
    ADD CONSTRAINT tasks_task_owner_id_db3dcc3e_fk_auth_user_id FOREIGN KEY (owner_id) REFERENCES public.auth_user(id) DEFERRABLE INITIALLY DEFERRED;


--
-- Name: tasks_task tasks_task_project_id_a2815f0c_fk_tasks_project_id; Type: FK CONSTRAINT; Schema: public; Owner: vaflaly
--

ALTER TABLE ONLY public.tasks_task
    ADD CONSTRAINT tasks_task_project_id_a2815f0c_fk_tasks_project_id FOREIGN KEY (project_id) REFERENCES public.tasks_project(id) DEFERRABLE INITIALLY DEFERRED;


--
-- Name: tasks_task_responsible tasks_task_responsible_task_id_d4d87c4f_fk_tasks_task_id; Type: FK CONSTRAINT; Schema: public; Owner: vaflaly
--

ALTER TABLE ONLY public.tasks_task_responsible
    ADD CONSTRAINT tasks_task_responsible_task_id_d4d87c4f_fk_tasks_task_id FOREIGN KEY (task_id) REFERENCES public.tasks_task(id) DEFERRABLE INITIALLY DEFERRED;


--
-- Name: tasks_task_responsible tasks_task_responsible_user_id_0228e65c_fk_auth_user_id; Type: FK CONSTRAINT; Schema: public; Owner: vaflaly
--

ALTER TABLE ONLY public.tasks_task_responsible
    ADD CONSTRAINT tasks_task_responsible_user_id_0228e65c_fk_auth_user_id FOREIGN KEY (user_id) REFERENCES public.auth_user(id) DEFERRABLE INITIALLY DEFERRED;


--
-- Name: tasks_task tasks_task_stage_id_967f2c97_fk_tasks_taskstage_id; Type: FK CONSTRAINT; Schema: public; Owner: vaflaly
--

ALTER TABLE ONLY public.tasks_task
    ADD CONSTRAINT tasks_task_stage_id_967f2c97_fk_tasks_taskstage_id FOREIGN KEY (stage_id) REFERENCES public.tasks_taskstage(id) DEFERRABLE INITIALLY DEFERRED;


--
-- Name: tasks_task_subscribers tasks_task_subscribers_task_id_39c6d88e_fk_tasks_task_id; Type: FK CONSTRAINT; Schema: public; Owner: vaflaly
--

ALTER TABLE ONLY public.tasks_task_subscribers
    ADD CONSTRAINT tasks_task_subscribers_task_id_39c6d88e_fk_tasks_task_id FOREIGN KEY (task_id) REFERENCES public.tasks_task(id) DEFERRABLE INITIALLY DEFERRED;


--
-- Name: tasks_task_subscribers tasks_task_subscribers_user_id_b58df6ca_fk_auth_user_id; Type: FK CONSTRAINT; Schema: public; Owner: vaflaly
--

ALTER TABLE ONLY public.tasks_task_subscribers
    ADD CONSTRAINT tasks_task_subscribers_user_id_b58df6ca_fk_auth_user_id FOREIGN KEY (user_id) REFERENCES public.auth_user(id) DEFERRABLE INITIALLY DEFERRED;


--
-- Name: tasks_task_tags tasks_task_tags_tag_id_dc501020_fk_tasks_tag_id; Type: FK CONSTRAINT; Schema: public; Owner: vaflaly
--

ALTER TABLE ONLY public.tasks_task_tags
    ADD CONSTRAINT tasks_task_tags_tag_id_dc501020_fk_tasks_tag_id FOREIGN KEY (tag_id) REFERENCES public.tasks_tag(id) DEFERRABLE INITIALLY DEFERRED;


--
-- Name: tasks_task_tags tasks_task_tags_task_id_7f3deefe_fk_tasks_task_id; Type: FK CONSTRAINT; Schema: public; Owner: vaflaly
--

ALTER TABLE ONLY public.tasks_task_tags
    ADD CONSTRAINT tasks_task_tags_task_id_7f3deefe_fk_tasks_task_id FOREIGN KEY (task_id) REFERENCES public.tasks_task(id) DEFERRABLE INITIALLY DEFERRED;


--
-- Name: tasks_task tasks_task_task_id_180f9f06_fk_tasks_task_id; Type: FK CONSTRAINT; Schema: public; Owner: vaflaly
--

ALTER TABLE ONLY public.tasks_task
    ADD CONSTRAINT tasks_task_task_id_180f9f06_fk_tasks_task_id FOREIGN KEY (task_id) REFERENCES public.tasks_task(id) DEFERRABLE INITIALLY DEFERRED;


--
-- Name: voip_connection voip_connection_owner_id_1a7e993e_fk_auth_user_id; Type: FK CONSTRAINT; Schema: public; Owner: vaflaly
--

ALTER TABLE ONLY public.voip_connection
    ADD CONSTRAINT voip_connection_owner_id_1a7e993e_fk_auth_user_id FOREIGN KEY (owner_id) REFERENCES public.auth_user(id) DEFERRABLE INITIALLY DEFERRED;


--
-- PostgreSQL database dump complete
--

